source_path,category,file_type,format,resolution,alpha,density_or_scaling,runtime_usage,decision
app/src/main/res/.DS_Store,unclassified,resource_or_other,none,,,android_default,source_or_other,review
app/src/main/res/drawable/ammo_icon_plague.xml,ui,resource_or_other,xml,,,android_default,source_or_other,recreate_or_review
app/src/main/res/drawable/bg_ammo_slot.xml,ui,resource_or_other,xml,,,android_default,source_or_other,recreate_or_review
app/src/main/res/drawable/bg_ammo_slot_selected.xml,ui,resource_or_other,xml,,,android_default,source_or_other,recreate_or_review
app/src/main/res/drawable/bg_ammo_slot_special_selected.xml,ui,resource_or_other,xml,,,android_default,source_or_other,recreate_or_review
app/src/main/res/drawable/bg_control_button.xml,ui,resource_or_other,xml,,,android_default,source_or_other,recreate_or_review
app/src/main/res/drawable/bg_hud_panel.xml,ui,resource_or_other,xml,,,android_default,source_or_other,recreate_or_review
app/src/main/res/drawable/bg_loadout_panel.xml,unclassified,resource_or_other,xml,,,android_default,source_or_other,review
app/src/main/res/drawable/bg_menu_soft_focus.xml,ui,resource_or_other,xml,,,android_default,source_or_other,recreate_or_review
app/src/main/res/drawable/bg_tutorial_button.xml,ui,resource_or_other,xml,,,android_default,source_or_other,recreate_or_review
app/src/main/res/drawable/bg_tutorial_callout.xml,tutorial,resource_or_other,xml,,,android_default,source_or_other,recreate_or_review
app/src/main/res/drawable/bg_warning_status.xml,unclassified,resource_or_other,xml,,,android_default,source_or_other,review
app/src/main/res/drawable/dashboard_button_glow.xml,ui,resource_or_other,xml,,,android_default,source_or_other,recreate_or_review
app/src/main/res/drawable/ic_ammo_rock.xml,ui,resource_or_other,xml,,,android_default,source_or_other,recreate_or_review
app/src/main/res/drawable/ic_launcher_foreground.xml,unclassified,resource_or_other,xml,,,android_default,source_or_other,review
app/src/main/res/drawable-nodpi/.DS_Store,unclassified,resource_or_other,none,,,nodpi,runtime_candidate,review
app/src/main/res/drawable-nodpi/ammo_icon_02.png,ui,image,png,407x444,yes,nodpi,runtime_candidate,copy_or_process
app/src/main/res/drawable-nodpi/ammo_icon_05.png,ui,image,png,418x382,yes,nodpi,runtime_candidate,copy_or_process
app/src/main/res/drawable-nodpi/ammo_icon_06.png,ui,image,png,443x399,yes,nodpi,runtime_candidate,copy_or_process
app/src/main/res/drawable-nodpi/ammo_icon_powder_barrel.png,ui,image,png,1254x1254,yes,nodpi,runtime_candidate,copy_or_process
app/src/main/res/drawable-nodpi/ammo_icon_rock.png,ui,image,png,1254x1254,yes,nodpi,runtime_candidate,copy_or_process
app/src/main/res/drawable-nodpi/ammo_icon_siege_bomb.png,ui,image,png,1024x1024,yes,nodpi,runtime_candidate,copy_or_process
app/src/main/res/drawable-nodpi/ashen_march_final_boss_first_frame.png,unclassified,image,png,1145x1374,yes,nodpi,runtime_candidate,review
app/src/main/res/drawable-nodpi/background_ashen_march.png,backgrounds,image,png,2048x1152,no,nodpi,runtime_candidate,copy_or_process
app/src/main/res/drawable-nodpi/background_copperwood.png,backgrounds,image,png,1536x1024,no,nodpi,runtime_candidate,copy_or_process
app/src/main/res/drawable-nodpi/background_frostbound_pass.png,backgrounds,image,png,1774x887,no,nodpi,runtime_candidate,copy_or_process
app/src/main/res/drawable-nodpi/background_green_frontier.png,backgrounds,image,png,1536x1024,no,nodpi,runtime_candidate,copy_or_process
app/src/main/res/drawable-nodpi/background_sunken_marshes.png,backgrounds,image,png,1536x1024,no,nodpi,runtime_candidate,copy_or_process
app/src/main/res/drawable-nodpi/battlefield_background.png,backgrounds,image,png,1672x941,no,nodpi,runtime_candidate,copy_or_process
app/src/main/res/drawable-nodpi/berserker_icon.png,ui,image,png,512x512,yes,nodpi,runtime_candidate,copy_or_process
app/src/main/res/drawable-nodpi/bg_main_menu.png,ui,image,png,1672x941,no,nodpi,runtime_candidate,copy_or_process
app/src/main/res/drawable-nodpi/catapult_left.png,catapults,image,png,1388x930,yes,nodpi,runtime_candidate,copy_or_process
app/src/main/res/drawable-nodpi/catapult_lock_icon.png,catapults,image,png,512x512,yes,nodpi,runtime_candidate,copy_or_process
app/src/main/res/drawable-nodpi/catapult_right.png,catapults,image,png,1395x923,yes,nodpi,runtime_candidate,copy_or_process
app/src/main/res/drawable-nodpi/central_objective_ancient_war_oak.png,fortresses,image,png,1254x1254,yes,nodpi,runtime_candidate,copy_or_process
app/src/main/res/drawable-nodpi/central_objective_ancient_war_oak_idle_00.png,fortresses,image,png,185x203,yes,nodpi,runtime_candidate,copy_or_process
app/src/main/res/drawable-nodpi/central_objective_ancient_war_oak_idle_01.png,fortresses,image,png,185x203,yes,nodpi,runtime_candidate,copy_or_process
app/src/main/res/drawable-nodpi/central_objective_ancient_war_oak_idle_02.png,fortresses,image,png,185x203,yes,nodpi,runtime_candidate,copy_or_process
app/src/main/res/drawable-nodpi/central_objective_ancient_war_oak_idle_03.png,fortresses,image,png,185x203,yes,nodpi,runtime_candidate,copy_or_process
app/src/main/res/drawable-nodpi/central_objective_ancient_war_oak_idle_04.png,fortresses,image,png,185x203,yes,nodpi,runtime_candidate,copy_or_process
app/src/main/res/drawable-nodpi/central_objective_ancient_war_oak_idle_05.png,fortresses,image,png,185x203,yes,nodpi,runtime_candidate,copy_or_process
app/src/main/res/drawable-nodpi/central_objective_ancient_war_oak_idle_06.png,fortresses,image,png,185x203,yes,nodpi,runtime_candidate,copy_or_process
app/src/main/res/drawable-nodpi/central_objective_ancient_war_oak_idle_07.png,fortresses,image,png,185x203,yes,nodpi,runtime_candidate,copy_or_process
app/src/main/res/drawable-nodpi/central_objective_ancient_war_oak_idle_08.png,fortresses,image,png,185x203,yes,nodpi,runtime_candidate,copy_or_process
app/src/main/res/drawable-nodpi/central_objective_ancient_war_oak_idle_09.png,fortresses,image,png,185x203,yes,nodpi,runtime_candidate,copy_or_process
app/src/main/res/drawable-nodpi/central_objective_ancient_war_oak_idle_10.png,fortresses,image,png,185x203,yes,nodpi,runtime_candidate,copy_or_process
app/src/main/res/drawable-nodpi/central_objective_ancient_war_oak_idle_11.png,fortresses,image,png,185x203,yes,nodpi,runtime_candidate,copy_or_process
app/src/main/res/drawable-nodpi/central_objective_ancient_war_oak_idle_12.png,fortresses,image,png,185x203,yes,nodpi,runtime_candidate,copy_or_process
app/src/main/res/drawable-nodpi/central_objective_ancient_war_oak_idle_13.png,fortresses,image,png,185x203,yes,nodpi,runtime_candidate,copy_or_process
app/src/main/res/drawable-nodpi/central_objective_ancient_war_oak_idle_14.png,fortresses,image,png,185x203,yes,nodpi,runtime_candidate,copy_or_process
app/src/main/res/drawable-nodpi/central_objective_ancient_war_oak_idle_15.png,fortresses,image,png,185x203,yes,nodpi,runtime_candidate,copy_or_process
app/src/main/res/drawable-nodpi/central_objective_ancient_war_oak_idle_16.png,fortresses,image,png,185x203,yes,nodpi,runtime_candidate,copy_or_process
app/src/main/res/drawable-nodpi/central_objective_ancient_war_oak_idle_17.png,fortresses,image,png,185x203,yes,nodpi,runtime_candidate,copy_or_process
app/src/main/res/drawable-nodpi/central_objective_ancient_war_oak_idle_18.png,fortresses,image,png,185x203,yes,nodpi,runtime_candidate,copy_or_process
app/src/main/res/drawable-nodpi/central_objective_ancient_war_oak_idle_19.png,fortresses,image,png,185x203,yes,nodpi,runtime_candidate,copy_or_process
app/src/main/res/drawable-nodpi/central_objective_ancient_war_oak_idle_20.png,fortresses,image,png,185x203,yes,nodpi,runtime_candidate,copy_or_process
app/src/main/res/drawable-nodpi/central_objective_ancient_war_oak_idle_21.png,fortresses,image,png,185x203,yes,nodpi,runtime_candidate,copy_or_process
app/src/main/res/drawable-nodpi/central_objective_ancient_war_oak_idle_22.png,fortresses,image,png,185x203,yes,nodpi,runtime_candidate,copy_or_process
app/src/main/res/drawable-nodpi/central_objective_ancient_war_oak_idle_23.png,fortresses,image,png,185x203,yes,nodpi,runtime_candidate,copy_or_process
app/src/main/res/drawable-nodpi/central_objective_ancient_war_oak_idle_24.png,fortresses,image,png,185x203,yes,nodpi,runtime_candidate,copy_or_process
app/src/main/res/drawable-nodpi/central_objective_ancient_war_oak_idle_25.png,fortresses,image,png,185x203,yes,nodpi,runtime_candidate,copy_or_process
app/src/main/res/drawable-nodpi/central_objective_ancient_war_oak_idle_26.png,fortresses,image,png,185x203,yes,nodpi,runtime_candidate,copy_or_process
app/src/main/res/drawable-nodpi/central_objective_ancient_war_oak_idle_27.png,fortresses,image,png,185x203,yes,nodpi,runtime_candidate,copy_or_process
app/src/main/res/drawable-nodpi/central_objective_ancient_war_oak_idle_28.png,fortresses,image,png,185x203,yes,nodpi,runtime_candidate,copy_or_process
app/src/main/res/drawable-nodpi/central_objective_ancient_war_oak_idle_29.png,fortresses,image,png,185x203,yes,nodpi,runtime_candidate,copy_or_process
app/src/main/res/drawable-nodpi/central_objective_ancient_war_oak_idle_30.png,fortresses,image,png,185x203,yes,nodpi,runtime_candidate,copy_or_process
app/src/main/res/drawable-nodpi/central_objective_ancient_war_oak_idle_31.png,fortresses,image,png,185x203,yes,nodpi,runtime_candidate,copy_or_process
app/src/main/res/drawable-nodpi/central_objective_ancient_war_oak_idle_32.png,fortresses,image,png,185x203,yes,nodpi,runtime_candidate,copy_or_process
app/src/main/res/drawable-nodpi/central_objective_ancient_war_oak_idle_33.png,fortresses,image,png,185x203,yes,nodpi,runtime_candidate,copy_or_process
app/src/main/res/drawable-nodpi/central_objective_ancient_war_oak_idle_34.png,fortresses,image,png,185x203,yes,nodpi,runtime_candidate,copy_or_process
app/src/main/res/drawable-nodpi/central_objective_ancient_war_oak_idle_35.png,fortresses,image,png,185x203,yes,nodpi,runtime_candidate,copy_or_process
app/src/main/res/drawable-nodpi/central_objective_ancient_war_oak_idle_36.png,fortresses,image,png,185x203,yes,nodpi,runtime_candidate,copy_or_process
app/src/main/res/drawable-nodpi/central_objective_ancient_war_oak_idle_37.png,fortresses,image,png,185x203,yes,nodpi,runtime_candidate,copy_or_process
app/src/main/res/drawable-nodpi/central_objective_ancient_war_oak_idle_38.png,fortresses,image,png,185x203,yes,nodpi,runtime_candidate,copy_or_process
app/src/main/res/drawable-nodpi/central_objective_ancient_war_oak_idle_39.png,fortresses,image,png,185x203,yes,nodpi,runtime_candidate,copy_or_process
app/src/main/res/drawable-nodpi/central_objective_ancient_war_oak_idle_40.png,fortresses,image,png,185x203,yes,nodpi,runtime_candidate,copy_or_process
app/src/main/res/drawable-nodpi/central_objective_ancient_war_oak_idle_41.png,fortresses,image,png,185x203,yes,nodpi,runtime_candidate,copy_or_process
app/src/main/res/drawable-nodpi/central_objective_burntwood_warden.png,fortresses,image,png,1254x1254,yes,nodpi,runtime_candidate,copy_or_process
app/src/main/res/drawable-nodpi/central_objective_burntwood_warden_idle_00.png,fortresses,image,png,1254x1254,yes,nodpi,runtime_candidate,copy_or_process
app/src/main/res/drawable-nodpi/central_objective_burntwood_warden_idle_01.png,fortresses,image,png,1254x1254,yes,nodpi,runtime_candidate,copy_or_process
app/src/main/res/drawable-nodpi/central_objective_burntwood_warden_idle_02.png,fortresses,image,png,1254x1254,yes,nodpi,runtime_candidate,copy_or_process
app/src/main/res/drawable-nodpi/central_objective_burntwood_warden_idle_03.png,fortresses,image,png,1254x1254,yes,nodpi,runtime_candidate,copy_or_process
app/src/main/res/drawable-nodpi/central_objective_burntwood_warden_idle_04.png,fortresses,image,png,1254x1254,yes,nodpi,runtime_candidate,copy_or_process
app/src/main/res/drawable-nodpi/central_objective_burntwood_warden_idle_05.png,fortresses,image,png,1254x1254,yes,nodpi,runtime_candidate,copy_or_process
app/src/main/res/drawable-nodpi/central_objective_burntwood_warden_idle_06.png,fortresses,image,png,1254x1254,yes,nodpi,runtime_candidate,copy_or_process
app/src/main/res/drawable-nodpi/central_objective_burntwood_warden_idle_07.png,fortresses,image,png,1254x1254,yes,nodpi,runtime_candidate,copy_or_process
app/src/main/res/drawable-nodpi/central_objective_burntwood_warden_idle_08.png,fortresses,image,png,1254x1254,yes,nodpi,runtime_candidate,copy_or_process
app/src/main/res/drawable-nodpi/central_objective_burntwood_warden_idle_09.png,fortresses,image,png,1254x1254,yes,nodpi,runtime_candidate,copy_or_process
app/src/main/res/drawable-nodpi/central_objective_burntwood_warden_idle_10.png,fortresses,image,png,1254x1254,yes,nodpi,runtime_candidate,copy_or_process
app/src/main/res/drawable-nodpi/central_objective_burntwood_warden_idle_11.png,fortresses,image,png,1254x1254,yes,nodpi,runtime_candidate,copy_or_process
app/src/main/res/drawable-nodpi/central_objective_copperwood_final_boss.png,fortresses,image,png,1254x1254,yes,nodpi,runtime_candidate,copy_or_process
app/src/main/res/drawable-nodpi/central_objective_copperwood_siege_lord.png,fortresses,image,png,1254x1254,yes,nodpi,runtime_candidate,copy_or_process
app/src/main/res/drawable-nodpi/central_objective_frozen_troll.png,fortresses,image,png,998x889,yes,nodpi,runtime_candidate,copy_or_process
app/src/main/res/drawable-nodpi/central_objective_old_yeti_sovereign.png,fortresses,image,png,1107x939,yes,nodpi,runtime_candidate,copy_or_process
app/src/main/res/drawable-nodpi/cluster_bomb_flight_00.png,projectiles,image,png,193x206,yes,nodpi,runtime_candidate,copy_or_process
app/src/main/res/drawable-nodpi/cluster_bomb_flight_01.png,projectiles,image,png,193x206,yes,nodpi,runtime_candidate,copy_or_process
app/src/main/res/drawable-nodpi/cluster_bomb_flight_02.png,projectiles,image,png,193x206,yes,nodpi,runtime_candidate,copy_or_process
app/src/main/res/drawable-nodpi/cluster_bomb_flight_03.png,projectiles,image,png,193x206,yes,nodpi,runtime_candidate,copy_or_process
app/src/main/res/drawable-nodpi/cluster_bomb_flight_04.png,projectiles,image,png,193x206,yes,nodpi,runtime_candidate,copy_or_process
app/src/main/res/drawable-nodpi/cluster_bomb_flight_05.png,projectiles,image,png,193x206,yes,nodpi,runtime_candidate,copy_or_process
app/src/main/res/drawable-nodpi/cluster_bomb_flight_06.png,projectiles,image,png,193x206,yes,nodpi,runtime_candidate,copy_or_process
app/src/main/res/drawable-nodpi/cluster_bomb_flight_07.png,projectiles,image,png,193x206,yes,nodpi,runtime_candidate,copy_or_process
app/src/main/res/drawable-nodpi/cluster_bomb_flight_08.png,projectiles,image,png,193x206,yes,nodpi,runtime_candidate,copy_or_process
app/src/main/res/drawable-nodpi/cluster_bomb_flight_09.png,projectiles,image,png,193x206,yes,nodpi,runtime_candidate,copy_or_process
app/src/main/res/drawable-nodpi/cluster_bomb_flight_10.png,projectiles,image,png,193x206,yes,nodpi,runtime_candidate,copy_or_process
app/src/main/res/drawable-nodpi/cluster_bomb_flight_11.png,projectiles,image,png,193x206,yes,nodpi,runtime_candidate,copy_or_process
app/src/main/res/drawable-nodpi/cluster_bomb_flight_12.png,projectiles,image,png,193x206,yes,nodpi,runtime_candidate,copy_or_process
app/src/main/res/drawable-nodpi/cluster_bomb_flight_13.png,projectiles,image,png,193x206,yes,nodpi,runtime_candidate,copy_or_process
app/src/main/res/drawable-nodpi/cluster_bomb_flight_14.png,projectiles,image,png,193x206,yes,nodpi,runtime_candidate,copy_or_process
app/src/main/res/drawable-nodpi/cluster_bomb_flight_15.png,projectiles,image,png,193x206,yes,nodpi,runtime_candidate,copy_or_process
app/src/main/res/drawable-nodpi/cluster_bomb_icon.png,projectiles,image,png,1254x1254,yes,nodpi,runtime_candidate,copy_or_process
app/src/main/res/drawable-nodpi/cluster_bomb_impact_00.png,projectiles,image,png,193x206,yes,nodpi,runtime_candidate,copy_or_process
app/src/main/res/drawable-nodpi/cluster_bomb_impact_01.png,projectiles,image,png,193x206,yes,nodpi,runtime_candidate,copy_or_process
app/src/main/res/drawable-nodpi/cluster_bomb_impact_02.png,projectiles,image,png,193x206,yes,nodpi,runtime_candidate,copy_or_process
app/src/main/res/drawable-nodpi/cluster_bomb_impact_03.png,projectiles,image,png,193x206,yes,nodpi,runtime_candidate,copy_or_process
app/src/main/res/drawable-nodpi/cluster_bomb_impact_04.png,projectiles,image,png,193x206,yes,nodpi,runtime_candidate,copy_or_process
app/src/main/res/drawable-nodpi/cluster_bomb_impact_05.png,projectiles,image,png,193x206,yes,nodpi,runtime_candidate,copy_or_process
app/src/main/res/drawable-nodpi/cluster_bomb_impact_06.png,projectiles,image,png,193x206,yes,nodpi,runtime_candidate,copy_or_process
app/src/main/res/drawable-nodpi/cluster_bomb_impact_07.png,projectiles,image,png,193x206,yes,nodpi,runtime_candidate,copy_or_process
app/src/main/res/drawable-nodpi/cluster_bomb_impact_08.png,projectiles,image,png,193x206,yes,nodpi,runtime_candidate,copy_or_process
app/src/main/res/drawable-nodpi/cluster_bomb_impact_09.png,projectiles,image,png,193x206,yes,nodpi,runtime_candidate,copy_or_process
app/src/main/res/drawable-nodpi/cluster_bomb_impact_10.png,projectiles,image,png,193x206,yes,nodpi,runtime_candidate,copy_or_process
app/src/main/res/drawable-nodpi/cluster_bomb_impact_11.png,projectiles,image,png,193x206,yes,nodpi,runtime_candidate,copy_or_process
app/src/main/res/drawable-nodpi/cluster_bomb_impact_12.png,projectiles,image,png,193x206,yes,nodpi,runtime_candidate,copy_or_process
app/src/main/res/drawable-nodpi/cluster_bomb_impact_13.png,projectiles,image,png,193x206,yes,nodpi,runtime_candidate,copy_or_process
app/src/main/res/drawable-nodpi/cluster_bomb_impact_14.png,projectiles,image,png,193x206,yes,nodpi,runtime_candidate,copy_or_process
app/src/main/res/drawable-nodpi/cluster_bomb_impact_15.png,projectiles,image,png,193x206,yes,nodpi,runtime_candidate,copy_or_process
app/src/main/res/drawable-nodpi/cluster_bomb_impact_16.png,projectiles,image,png,193x206,yes,nodpi,runtime_candidate,copy_or_process
app/src/main/res/drawable-nodpi/cluster_bomb_impact_17.png,projectiles,image,png,193x206,yes,nodpi,runtime_candidate,copy_or_process
app/src/main/res/drawable-nodpi/cluster_bomb_impact_18.png,projectiles,image,png,193x206,yes,nodpi,runtime_candidate,copy_or_process
app/src/main/res/drawable-nodpi/cluster_bomb_impact_19.png,projectiles,image,png,193x206,yes,nodpi,runtime_candidate,copy_or_process
app/src/main/res/drawable-nodpi/cluster_bomb_impact_20.png,projectiles,image,png,193x206,yes,nodpi,runtime_candidate,copy_or_process
app/src/main/res/drawable-nodpi/cluster_bomb_impact_21.png,projectiles,image,png,193x206,yes,nodpi,runtime_candidate,copy_or_process
app/src/main/res/drawable-nodpi/cluster_bomb_impact_22.png,projectiles,image,png,193x206,yes,nodpi,runtime_candidate,copy_or_process
app/src/main/res/drawable-nodpi/cluster_bomb_impact_23.png,projectiles,image,png,193x206,yes,nodpi,runtime_candidate,copy_or_process
app/src/main/res/drawable-nodpi/cluster_bomb_impact_24.png,projectiles,image,png,193x206,yes,nodpi,runtime_candidate,copy_or_process
app/src/main/res/drawable-nodpi/cluster_bomb_impact_25.png,projectiles,image,png,193x206,yes,nodpi,runtime_candidate,copy_or_process
app/src/main/res/drawable-nodpi/cluster_bomb_impact_26.png,projectiles,image,png,193x206,yes,nodpi,runtime_candidate,copy_or_process
app/src/main/res/drawable-nodpi/cluster_bomb_impact_27.png,projectiles,image,png,193x206,yes,nodpi,runtime_candidate,copy_or_process
app/src/main/res/drawable-nodpi/cluster_bomb_impact_28.png,projectiles,image,png,193x206,yes,nodpi,runtime_candidate,copy_or_process
app/src/main/res/drawable-nodpi/cluster_bomb_impact_29.png,projectiles,image,png,193x206,yes,nodpi,runtime_candidate,copy_or_process
app/src/main/res/drawable-nodpi/cluster_bomb_impact_30.png,projectiles,image,png,193x206,yes,nodpi,runtime_candidate,copy_or_process
app/src/main/res/drawable-nodpi/cluster_bomb_impact_31.png,projectiles,image,png,193x206,yes,nodpi,runtime_candidate,copy_or_process
app/src/main/res/drawable-nodpi/dashboard_ad_reward_button.png,ui,image,png,966x331,yes,nodpi,runtime_candidate,copy_or_process
app/src/main/res/drawable-nodpi/dashboard_ad_reward_icon.png,ui,image,png,256x256,yes,nodpi,runtime_candidate,copy_or_process
app/src/main/res/drawable-nodpi/dashboard_back_button.png,ui,image,png,988x331,yes,nodpi,runtime_candidate,copy_or_process
app/src/main/res/drawable-nodpi/dashboard_background.png,backgrounds,image,png,1672x941,no,nodpi,runtime_candidate,copy_or_process
app/src/main/res/drawable-nodpi/dashboard_campaign_button.png,ui,image,png,1000x329,yes,nodpi,runtime_candidate,copy_or_process
app/src/main/res/drawable-nodpi/dashboard_campaign_icon.png,ui,image,png,256x256,yes,nodpi,runtime_candidate,copy_or_process
app/src/main/res/drawable-nodpi/dashboard_coins_icon.png,ui,image,png,256x256,yes,nodpi,runtime_candidate,copy_or_process
app/src/main/res/drawable-nodpi/dashboard_home_icon.xml,ui,resource_or_other,xml,,,nodpi,runtime_candidate,copy_or_process
app/src/main/res/drawable-nodpi/dashboard_hud_portrait_frame.png,ui,image,png,1254x1254,yes,nodpi,runtime_candidate,copy_or_process
app/src/main/res/drawable-nodpi/dashboard_hud_top_panel.png,ui,image,png,2000x310,yes,nodpi,runtime_candidate,copy_or_process
app/src/main/res/drawable-nodpi/dashboard_lives_icon.png,ui,image,png,256x256,yes,nodpi,runtime_candidate,copy_or_process
app/src/main/res/drawable-nodpi/dashboard_shop_button.png,ui,image,png,905x331,yes,nodpi,runtime_candidate,copy_or_process
app/src/main/res/drawable-nodpi/dashboard_shop_icon.png,ui,image,png,256x256,yes,nodpi,runtime_candidate,copy_or_process
app/src/main/res/drawable-nodpi/dashboard_timer_icon.png,ui,image,png,256x256,yes,nodpi,runtime_candidate,copy_or_process
app/src/main/res/drawable-nodpi/defender_icon.png,units,image,png,1254x1254,yes,nodpi,runtime_candidate,copy_or_process
app/src/main/res/drawable-nodpi/defender_left.png,units,image,png,482x487,yes,nodpi,runtime_candidate,copy_or_process
app/src/main/res/drawable-nodpi/defender_left_anim_00.png,units,image,png,266x260,yes,nodpi,runtime_candidate,copy_or_process
app/src/main/res/drawable-nodpi/defender_left_anim_01.png,units,image,png,266x260,yes,nodpi,runtime_candidate,copy_or_process
app/src/main/res/drawable-nodpi/defender_left_anim_02.png,units,image,png,266x260,yes,nodpi,runtime_candidate,copy_or_process
app/src/main/res/drawable-nodpi/defender_left_anim_03.png,units,image,png,266x260,yes,nodpi,runtime_candidate,copy_or_process
app/src/main/res/drawable-nodpi/defender_left_anim_04.png,units,image,png,266x260,yes,nodpi,runtime_candidate,copy_or_process
app/src/main/res/drawable-nodpi/defender_left_anim_05.png,units,image,png,266x260,yes,nodpi,runtime_candidate,copy_or_process
app/src/main/res/drawable-nodpi/defender_left_anim_06.png,units,image,png,266x260,yes,nodpi,runtime_candidate,copy_or_process
app/src/main/res/drawable-nodpi/defender_left_anim_07.png,units,image,png,266x260,yes,nodpi,runtime_candidate,copy_or_process
app/src/main/res/drawable-nodpi/defender_left_anim_08.png,units,image,png,266x260,yes,nodpi,runtime_candidate,copy_or_process
app/src/main/res/drawable-nodpi/defender_left_anim_09.png,units,image,png,266x260,yes,nodpi,runtime_candidate,copy_or_process
app/src/main/res/drawable-nodpi/defender_left_anim_10.png,units,image,png,266x260,yes,nodpi,runtime_candidate,copy_or_process
app/src/main/res/drawable-nodpi/defender_left_anim_11.png,units,image,png,266x260,yes,nodpi,runtime_candidate,copy_or_process
app/src/main/res/drawable-nodpi/defender_left_anim_12.png,units,image,png,266x260,yes,nodpi,runtime_candidate,copy_or_process
app/src/main/res/drawable-nodpi/defender_left_anim_13.png,units,image,png,266x260,yes,nodpi,runtime_candidate,copy_or_process
app/src/main/res/drawable-nodpi/defender_left_anim_14.png,units,image,png,266x260,yes,nodpi,runtime_candidate,copy_or_process
app/src/main/res/drawable-nodpi/defender_left_anim_15.png,units,image,png,266x260,yes,nodpi,runtime_candidate,copy_or_process
app/src/main/res/drawable-nodpi/defender_left_anim_16.png,units,image,png,266x260,yes,nodpi,runtime_candidate,copy_or_process
app/src/main/res/drawable-nodpi/defender_left_anim_17.png,units,image,png,266x260,yes,nodpi,runtime_candidate,copy_or_process
app/src/main/res/drawable-nodpi/defender_left_anim_18.png,units,image,png,266x260,yes,nodpi,runtime_candidate,copy_or_process
app/src/main/res/drawable-nodpi/defender_left_anim_19.png,units,image,png,266x260,yes,nodpi,runtime_candidate,copy_or_process
app/src/main/res/drawable-nodpi/defender_left_anim_20.png,units,image,png,266x260,yes,nodpi,runtime_candidate,copy_or_process
app/src/main/res/drawable-nodpi/defender_left_anim_21.png,units,image,png,266x260,yes,nodpi,runtime_candidate,copy_or_process
app/src/main/res/drawable-nodpi/defender_left_anim_22.png,units,image,png,266x260,yes,nodpi,runtime_candidate,copy_or_process
app/src/main/res/drawable-nodpi/defender_left_anim_23.png,units,image,png,266x260,yes,nodpi,runtime_candidate,copy_or_process
app/src/main/res/drawable-nodpi/defender_left_death_000.png,units,image,png,266x275,yes,nodpi,runtime_candidate,copy_or_process
app/src/main/res/drawable-nodpi/defender_left_death_001.png,units,image,png,266x275,yes,nodpi,runtime_candidate,copy_or_process
app/src/main/res/drawable-nodpi/defender_left_death_002.png,units,image,png,266x275,yes,nodpi,runtime_candidate,copy_or_process
app/src/main/res/drawable-nodpi/defender_left_death_003.png,units,image,png,266x275,yes,nodpi,runtime_candidate,copy_or_process
app/src/main/res/drawable-nodpi/defender_left_death_004.png,units,image,png,266x275,yes,nodpi,runtime_candidate,copy_or_process
app/src/main/res/drawable-nodpi/defender_left_death_005.png,units,image,png,266x275,yes,nodpi,runtime_candidate,copy_or_process
app/src/main/res/drawable-nodpi/defender_left_death_006.png,units,image,png,266x275,yes,nodpi,runtime_candidate,copy_or_process
app/src/main/res/drawable-nodpi/defender_left_death_007.png,units,image,png,266x275,yes,nodpi,runtime_candidate,copy_or_process
app/src/main/res/drawable-nodpi/defender_left_death_008.png,units,image,png,266x275,yes,nodpi,runtime_candidate,copy_or_process
app/src/main/res/drawable-nodpi/defender_left_death_009.png,units,image,png,266x275,yes,nodpi,runtime_candidate,copy_or_process
app/src/main/res/drawable-nodpi/defender_left_death_010.png,units,image,png,266x275,yes,nodpi,runtime_candidate,copy_or_process
app/src/main/res/drawable-nodpi/defender_left_death_011.png,units,image,png,266x275,yes,nodpi,runtime_candidate,copy_or_process
app/src/main/res/drawable-nodpi/defender_left_death_012.png,units,image,png,266x275,yes,nodpi,runtime_candidate,copy_or_process
app/src/main/res/drawable-nodpi/defender_left_death_013.png,units,image,png,266x275,yes,nodpi,runtime_candidate,copy_or_process
app/src/main/res/drawable-nodpi/defender_left_death_014.png,units,image,png,266x275,yes,nodpi,runtime_candidate,copy_or_process
app/src/main/res/drawable-nodpi/defender_left_death_015.png,units,image,png,266x275,yes,nodpi,runtime_candidate,copy_or_process
app/src/main/res/drawable-nodpi/defender_left_death_016.png,units,image,png,266x275,yes,nodpi,runtime_candidate,copy_or_process
app/src/main/res/drawable-nodpi/defender_left_death_017.png,units,image,png,266x275,yes,nodpi,runtime_candidate,copy_or_process
app/src/main/res/drawable-nodpi/defender_left_death_018.png,units,image,png,266x275,yes,nodpi,runtime_candidate,copy_or_process
app/src/main/res/drawable-nodpi/defender_left_death_019.png,units,image,png,266x275,yes,nodpi,runtime_candidate,copy_or_process
app/src/main/res/drawable-nodpi/defender_left_death_020.png,units,image,png,266x275,yes,nodpi,runtime_candidate,copy_or_process
app/src/main/res/drawable-nodpi/defender_left_death_021.png,units,image,png,266x275,yes,nodpi,runtime_candidate,copy_or_process
app/src/main/res/drawable-nodpi/defender_left_death_022.png,units,image,png,266x275,yes,nodpi,runtime_candidate,copy_or_process
app/src/main/res/drawable-nodpi/defender_left_death_023.png,units,image,png,266x275,yes,nodpi,runtime_candidate,copy_or_process
app/src/main/res/drawable-nodpi/defender_left_fight_00.png,units,image,png,316x291,yes,nodpi,runtime_candidate,copy_or_process
app/src/main/res/drawable-nodpi/defender_left_fight_01.png,units,image,png,316x291,yes,nodpi,runtime_candidate,copy_or_process
app/src/main/res/drawable-nodpi/defender_left_fight_02.png,units,image,png,316x291,yes,nodpi,runtime_candidate,copy_or_process
app/src/main/res/drawable-nodpi/defender_left_fight_03.png,units,image,png,316x291,yes,nodpi,runtime_candidate,copy_or_process
app/src/main/res/drawable-nodpi/defender_left_fight_04.png,units,image,png,316x291,yes,nodpi,runtime_candidate,copy_or_process
app/src/main/res/drawable-nodpi/defender_left_fight_05.png,units,image,png,316x291,yes,nodpi,runtime_candidate,copy_or_process
app/src/main/res/drawable-nodpi/defender_left_fight_06.png,units,image,png,316x291,yes,nodpi,runtime_candidate,copy_or_process
app/src/main/res/drawable-nodpi/defender_left_fight_07.png,units,image,png,316x291,yes,nodpi,runtime_candidate,copy_or_process
app/src/main/res/drawable-nodpi/defender_left_fight_08.png,units,image,png,316x291,yes,nodpi,runtime_candidate,copy_or_process
app/src/main/res/drawable-nodpi/defender_left_fight_09.png,units,image,png,316x291,yes,nodpi,runtime_candidate,copy_or_process
app/src/main/res/drawable-nodpi/defender_left_fight_10.png,units,image,png,316x291,yes,nodpi,runtime_candidate,copy_or_process
app/src/main/res/drawable-nodpi/defender_left_fight_11.png,units,image,png,316x291,yes,nodpi,runtime_candidate,copy_or_process
app/src/main/res/drawable-nodpi/defender_left_fight_12.png,units,image,png,316x291,yes,nodpi,runtime_candidate,copy_or_process
app/src/main/res/drawable-nodpi/defender_left_fight_13.png,units,image,png,316x291,yes,nodpi,runtime_candidate,copy_or_process
app/src/main/res/drawable-nodpi/defender_left_idle_000.png,units,image,png,178x180,yes,nodpi,runtime_candidate,copy_or_process
app/src/main/res/drawable-nodpi/defender_left_idle_001.png,units,image,png,178x180,yes,nodpi,runtime_candidate,copy_or_process
app/src/main/res/drawable-nodpi/defender_left_idle_002.png,units,image,png,178x180,yes,nodpi,runtime_candidate,copy_or_process
app/src/main/res/drawable-nodpi/defender_left_idle_003.png,units,image,png,178x180,yes,nodpi,runtime_candidate,copy_or_process
app/src/main/res/drawable-nodpi/defender_left_idle_004.png,units,image,png,178x180,yes,nodpi,runtime_candidate,copy_or_process
app/src/main/res/drawable-nodpi/defender_left_idle_005.png,units,image,png,178x180,yes,nodpi,runtime_candidate,copy_or_process
app/src/main/res/drawable-nodpi/defender_left_idle_006.png,units,image,png,178x180,yes,nodpi,runtime_candidate,copy_or_process
app/src/main/res/drawable-nodpi/defender_left_idle_007.png,units,image,png,178x180,yes,nodpi,runtime_candidate,copy_or_process
app/src/main/res/drawable-nodpi/defender_left_idle_008.png,units,image,png,178x180,yes,nodpi,runtime_candidate,copy_or_process
app/src/main/res/drawable-nodpi/defender_left_idle_009.png,units,image,png,178x180,yes,nodpi,runtime_candidate,copy_or_process
app/src/main/res/drawable-nodpi/defender_left_idle_010.png,units,image,png,178x180,yes,nodpi,runtime_candidate,copy_or_process
app/src/main/res/drawable-nodpi/defender_left_idle_011.png,units,image,png,178x180,yes,nodpi,runtime_candidate,copy_or_process
app/src/main/res/drawable-nodpi/defender_left_idle_012.png,units,image,png,178x180,yes,nodpi,runtime_candidate,copy_or_process
app/src/main/res/drawable-nodpi/defender_left_idle_013.png,units,image,png,178x180,yes,nodpi,runtime_candidate,copy_or_process
app/src/main/res/drawable-nodpi/defender_left_idle_014.png,units,image,png,178x180,yes,nodpi,runtime_candidate,copy_or_process
app/src/main/res/drawable-nodpi/defender_left_idle_015.png,units,image,png,178x180,yes,nodpi,runtime_candidate,copy_or_process
app/src/main/res/drawable-nodpi/defender_left_idle_016.png,units,image,png,178x180,yes,nodpi,runtime_candidate,copy_or_process
app/src/main/res/drawable-nodpi/defender_left_idle_017.png,units,image,png,178x180,yes,nodpi,runtime_candidate,copy_or_process
app/src/main/res/drawable-nodpi/defender_left_idle_018.png,units,image,png,178x180,yes,nodpi,runtime_candidate,copy_or_process
app/src/main/res/drawable-nodpi/defender_left_idle_019.png,units,image,png,178x180,yes,nodpi,runtime_candidate,copy_or_process
app/src/main/res/drawable-nodpi/defender_left_idle_020.png,units,image,png,178x180,yes,nodpi,runtime_candidate,copy_or_process
app/src/main/res/drawable-nodpi/defender_left_idle_021.png,units,image,png,178x180,yes,nodpi,runtime_candidate,copy_or_process
app/src/main/res/drawable-nodpi/defender_left_idle_022.png,units,image,png,178x180,yes,nodpi,runtime_candidate,copy_or_process
app/src/main/res/drawable-nodpi/defender_left_idle_023.png,units,image,png,178x180,yes,nodpi,runtime_candidate,copy_or_process
app/src/main/res/drawable-nodpi/defender_left_idle_024.png,units,image,png,178x180,yes,nodpi,runtime_candidate,copy_or_process
app/src/main/res/drawable-nodpi/defender_left_idle_025.png,units,image,png,178x180,yes,nodpi,runtime_candidate,copy_or_process
app/src/main/res/drawable-nodpi/defender_left_idle_026.png,units,image,png,178x180,yes,nodpi,runtime_candidate,copy_or_process
app/src/main/res/drawable-nodpi/defender_left_idle_027.png,units,image,png,178x180,yes,nodpi,runtime_candidate,copy_or_process
app/src/main/res/drawable-nodpi/defender_left_idle_028.png,units,image,png,178x180,yes,nodpi,runtime_candidate,copy_or_process
app/src/main/res/drawable-nodpi/defender_left_idle_029.png,units,image,png,178x180,yes,nodpi,runtime_candidate,copy_or_process
app/src/main/res/drawable-nodpi/defender_left_idle_030.png,units,image,png,178x180,yes,nodpi,runtime_candidate,copy_or_process
app/src/main/res/drawable-nodpi/defender_left_idle_031.png,units,image,png,178x180,yes,nodpi,runtime_candidate,copy_or_process
app/src/main/res/drawable-nodpi/defender_left_idle_032.png,units,image,png,178x180,yes,nodpi,runtime_candidate,copy_or_process
app/src/main/res/drawable-nodpi/defender_left_idle_033.png,units,image,png,178x180,yes,nodpi,runtime_candidate,copy_or_process
app/src/main/res/drawable-nodpi/defender_left_idle_034.png,units,image,png,178x180,yes,nodpi,runtime_candidate,copy_or_process
app/src/main/res/drawable-nodpi/defender_left_idle_035.png,units,image,png,178x180,yes,nodpi,runtime_candidate,copy_or_process
app/src/main/res/drawable-nodpi/defender_left_idle_036.png,units,image,png,178x180,yes,nodpi,runtime_candidate,copy_or_process
app/src/main/res/drawable-nodpi/defender_left_idle_037.png,units,image,png,178x180,yes,nodpi,runtime_candidate,copy_or_process
app/src/main/res/drawable-nodpi/defender_left_idle_038.png,units,image,png,178x180,yes,nodpi,runtime_candidate,copy_or_process
app/src/main/res/drawable-nodpi/defender_left_idle_039.png,units,image,png,178x180,yes,nodpi,runtime_candidate,copy_or_process
app/src/main/res/drawable-nodpi/defender_left_idle_040.png,units,image,png,178x180,yes,nodpi,runtime_candidate,copy_or_process
app/src/main/res/drawable-nodpi/defender_left_idle_041.png,units,image,png,178x180,yes,nodpi,runtime_candidate,copy_or_process
app/src/main/res/drawable-nodpi/defender_left_idle_042.png,units,image,png,178x180,yes,nodpi,runtime_candidate,copy_or_process
app/src/main/res/drawable-nodpi/defender_left_idle_043.png,units,image,png,178x180,yes,nodpi,runtime_candidate,copy_or_process
app/src/main/res/drawable-nodpi/defender_left_idle_044.png,units,image,png,178x180,yes,nodpi,runtime_candidate,copy_or_process
app/src/main/res/drawable-nodpi/defender_left_idle_045.png,units,image,png,178x180,yes,nodpi,runtime_candidate,copy_or_process
app/src/main/res/drawable-nodpi/defender_left_idle_046.png,units,image,png,178x180,yes,nodpi,runtime_candidate,copy_or_process
app/src/main/res/drawable-nodpi/defender_left_idle_047.png,units,image,png,178x180,yes,nodpi,runtime_candidate,copy_or_process
app/src/main/res/drawable-nodpi/defender_left_idle_048.png,units,image,png,178x180,yes,nodpi,runtime_candidate,copy_or_process
app/src/main/res/drawable-nodpi/defender_left_idle_049.png,units,image,png,178x180,yes,nodpi,runtime_candidate,copy_or_process
app/src/main/res/drawable-nodpi/defender_left_idle_050.png,units,image,png,178x180,yes,nodpi,runtime_candidate,copy_or_process
app/src/main/res/drawable-nodpi/defender_left_idle_051.png,units,image,png,178x180,yes,nodpi,runtime_candidate,copy_or_process
app/src/main/res/drawable-nodpi/defender_left_idle_052.png,units,image,png,178x180,yes,nodpi,runtime_candidate,copy_or_process
app/src/main/res/drawable-nodpi/defender_left_idle_053.png,units,image,png,178x180,yes,nodpi,runtime_candidate,copy_or_process
app/src/main/res/drawable-nodpi/defender_left_idle_054.png,units,image,png,178x180,yes,nodpi,runtime_candidate,copy_or_process
app/src/main/res/drawable-nodpi/defender_left_idle_055.png,units,image,png,178x180,yes,nodpi,runtime_candidate,copy_or_process
app/src/main/res/drawable-nodpi/defender_right.png,units,image,png,492x491,yes,nodpi,runtime_candidate,copy_or_process
app/src/main/res/drawable-nodpi/defender_right_anim_00.png,units,image,png,265x260,yes,nodpi,runtime_candidate,copy_or_process
app/src/main/res/drawable-nodpi/defender_right_anim_01.png,units,image,png,265x260,yes,nodpi,runtime_candidate,copy_or_process
app/src/main/res/drawable-nodpi/defender_right_anim_02.png,units,image,png,265x260,yes,nodpi,runtime_candidate,copy_or_process
app/src/main/res/drawable-nodpi/defender_right_anim_03.png,units,image,png,265x260,yes,nodpi,runtime_candidate,copy_or_process
app/src/main/res/drawable-nodpi/defender_right_anim_04.png,units,image,png,265x260,yes,nodpi,runtime_candidate,copy_or_process
app/src/main/res/drawable-nodpi/defender_right_anim_05.png,units,image,png,265x260,yes,nodpi,runtime_candidate,copy_or_process
app/src/main/res/drawable-nodpi/defender_right_anim_06.png,units,image,png,265x260,yes,nodpi,runtime_candidate,copy_or_process
app/src/main/res/drawable-nodpi/defender_right_anim_07.png,units,image,png,265x260,yes,nodpi,runtime_candidate,copy_or_process
app/src/main/res/drawable-nodpi/defender_right_anim_08.png,units,image,png,265x260,yes,nodpi,runtime_candidate,copy_or_process
app/src/main/res/drawable-nodpi/defender_right_anim_09.png,units,image,png,265x260,yes,nodpi,runtime_candidate,copy_or_process
app/src/main/res/drawable-nodpi/defender_right_anim_10.png,units,image,png,265x260,yes,nodpi,runtime_candidate,copy_or_process
app/src/main/res/drawable-nodpi/defender_right_anim_11.png,units,image,png,265x260,yes,nodpi,runtime_candidate,copy_or_process
app/src/main/res/drawable-nodpi/defender_right_anim_12.png,units,image,png,265x260,yes,nodpi,runtime_candidate,copy_or_process
app/src/main/res/drawable-nodpi/defender_right_anim_13.png,units,image,png,265x260,yes,nodpi,runtime_candidate,copy_or_process
app/src/main/res/drawable-nodpi/defender_right_anim_14.png,units,image,png,265x260,yes,nodpi,runtime_candidate,copy_or_process
app/src/main/res/drawable-nodpi/defender_right_anim_15.png,units,image,png,265x260,yes,nodpi,runtime_candidate,copy_or_process
app/src/main/res/drawable-nodpi/defender_right_anim_16.png,units,image,png,265x260,yes,nodpi,runtime_candidate,copy_or_process
app/src/main/res/drawable-nodpi/defender_right_anim_17.png,units,image,png,265x260,yes,nodpi,runtime_candidate,copy_or_process
app/src/main/res/drawable-nodpi/defender_right_anim_18.png,units,image,png,265x260,yes,nodpi,runtime_candidate,copy_or_process
app/src/main/res/drawable-nodpi/defender_right_anim_19.png,units,image,png,265x260,yes,nodpi,runtime_candidate,copy_or_process
app/src/main/res/drawable-nodpi/defender_right_anim_20.png,units,image,png,265x260,yes,nodpi,runtime_candidate,copy_or_process
app/src/main/res/drawable-nodpi/defender_right_anim_21.png,units,image,png,265x260,yes,nodpi,runtime_candidate,copy_or_process
app/src/main/res/drawable-nodpi/defender_right_anim_22.png,units,image,png,265x260,yes,nodpi,runtime_candidate,copy_or_process
app/src/main/res/drawable-nodpi/defender_right_anim_23.png,units,image,png,265x260,yes,nodpi,runtime_candidate,copy_or_process
app/src/main/res/drawable-nodpi/defender_right_death_000.png,units,image,png,260x280,yes,nodpi,runtime_candidate,copy_or_process
app/src/main/res/drawable-nodpi/defender_right_death_001.png,units,image,png,260x280,yes,nodpi,runtime_candidate,copy_or_process
app/src/main/res/drawable-nodpi/defender_right_death_002.png,units,image,png,260x280,yes,nodpi,runtime_candidate,copy_or_process
app/src/main/res/drawable-nodpi/defender_right_death_003.png,units,image,png,260x280,yes,nodpi,runtime_candidate,copy_or_process
app/src/main/res/drawable-nodpi/defender_right_death_004.png,units,image,png,260x280,yes,nodpi,runtime_candidate,copy_or_process
app/src/main/res/drawable-nodpi/defender_right_death_005.png,units,image,png,260x280,yes,nodpi,runtime_candidate,copy_or_process
app/src/main/res/drawable-nodpi/defender_right_death_006.png,units,image,png,260x280,yes,nodpi,runtime_candidate,copy_or_process
app/src/main/res/drawable-nodpi/defender_right_death_007.png,units,image,png,260x280,yes,nodpi,runtime_candidate,copy_or_process
app/src/main/res/drawable-nodpi/defender_right_death_008.png,units,image,png,260x280,yes,nodpi,runtime_candidate,copy_or_process
app/src/main/res/drawable-nodpi/defender_right_death_009.png,units,image,png,260x280,yes,nodpi,runtime_candidate,copy_or_process
app/src/main/res/drawable-nodpi/defender_right_death_010.png,units,image,png,260x280,yes,nodpi,runtime_candidate,copy_or_process
app/src/main/res/drawable-nodpi/defender_right_death_011.png,units,image,png,260x280,yes,nodpi,runtime_candidate,copy_or_process
app/src/main/res/drawable-nodpi/defender_right_death_012.png,units,image,png,260x280,yes,nodpi,runtime_candidate,copy_or_process
app/src/main/res/drawable-nodpi/defender_right_death_013.png,units,image,png,260x280,yes,nodpi,runtime_candidate,copy_or_process
app/src/main/res/drawable-nodpi/defender_right_death_014.png,units,image,png,260x280,yes,nodpi,runtime_candidate,copy_or_process
app/src/main/res/drawable-nodpi/defender_right_death_015.png,units,image,png,260x280,yes,nodpi,runtime_candidate,copy_or_process
app/src/main/res/drawable-nodpi/defender_right_death_016.png,units,image,png,260x280,yes,nodpi,runtime_candidate,copy_or_process
app/src/main/res/drawable-nodpi/defender_right_death_017.png,units,image,png,260x280,yes,nodpi,runtime_candidate,copy_or_process
app/src/main/res/drawable-nodpi/defender_right_death_018.png,units,image,png,260x280,yes,nodpi,runtime_candidate,copy_or_process
app/src/main/res/drawable-nodpi/defender_right_death_019.png,units,image,png,260x280,yes,nodpi,runtime_candidate,copy_or_process
app/src/main/res/drawable-nodpi/defender_right_death_020.png,units,image,png,260x280,yes,nodpi,runtime_candidate,copy_or_process
app/src/main/res/drawable-nodpi/defender_right_death_021.png,units,image,png,260x280,yes,nodpi,runtime_candidate,copy_or_process
app/src/main/res/drawable-nodpi/defender_right_death_022.png,units,image,png,260x280,yes,nodpi,runtime_candidate,copy_or_process
app/src/main/res/drawable-nodpi/defender_right_death_023.png,units,image,png,260x280,yes,nodpi,runtime_candidate,copy_or_process
app/src/main/res/drawable-nodpi/defender_right_fight_00.png,units,image,png,323x281,yes,nodpi,runtime_candidate,copy_or_process
app/src/main/res/drawable-nodpi/defender_right_fight_01.png,units,image,png,323x281,yes,nodpi,runtime_candidate,copy_or_process
app/src/main/res/drawable-nodpi/defender_right_fight_02.png,units,image,png,323x281,yes,nodpi,runtime_candidate,copy_or_process
app/src/main/res/drawable-nodpi/defender_right_fight_03.png,units,image,png,323x281,yes,nodpi,runtime_candidate,copy_or_process
app/src/main/res/drawable-nodpi/defender_right_fight_04.png,units,image,png,323x281,yes,nodpi,runtime_candidate,copy_or_process
app/src/main/res/drawable-nodpi/defender_right_fight_05.png,units,image,png,323x281,yes,nodpi,runtime_candidate,copy_or_process
app/src/main/res/drawable-nodpi/defender_right_fight_06.png,units,image,png,323x281,yes,nodpi,runtime_candidate,copy_or_process
app/src/main/res/drawable-nodpi/defender_right_fight_07.png,units,image,png,323x281,yes,nodpi,runtime_candidate,copy_or_process
app/src/main/res/drawable-nodpi/defender_right_fight_08.png,units,image,png,323x281,yes,nodpi,runtime_candidate,copy_or_process
app/src/main/res/drawable-nodpi/defender_right_fight_09.png,units,image,png,323x281,yes,nodpi,runtime_candidate,copy_or_process
app/src/main/res/drawable-nodpi/defender_right_fight_10.png,units,image,png,323x281,yes,nodpi,runtime_candidate,copy_or_process
app/src/main/res/drawable-nodpi/defender_right_fight_11.png,units,image,png,323x281,yes,nodpi,runtime_candidate,copy_or_process
app/src/main/res/drawable-nodpi/defender_right_fight_12.png,units,image,png,323x281,yes,nodpi,runtime_candidate,copy_or_process
app/src/main/res/drawable-nodpi/defender_right_fight_13.png,units,image,png,323x281,yes,nodpi,runtime_candidate,copy_or_process
app/src/main/res/drawable-nodpi/defender_right_fight_14.png,units,image,png,323x281,yes,nodpi,runtime_candidate,copy_or_process
app/src/main/res/drawable-nodpi/defender_right_fight_15.png,units,image,png,323x281,yes,nodpi,runtime_candidate,copy_or_process
app/src/main/res/drawable-nodpi/defender_right_fight_16.png,units,image,png,323x281,yes,nodpi,runtime_candidate,copy_or_process
app/src/main/res/drawable-nodpi/defender_right_idle_000.png,units,image,png,177x179,yes,nodpi,runtime_candidate,copy_or_process
app/src/main/res/drawable-nodpi/defender_right_idle_001.png,units,image,png,177x179,yes,nodpi,runtime_candidate,copy_or_process
app/src/main/res/drawable-nodpi/defender_right_idle_002.png,units,image,png,177x179,yes,nodpi,runtime_candidate,copy_or_process
app/src/main/res/drawable-nodpi/defender_right_idle_003.png,units,image,png,177x179,yes,nodpi,runtime_candidate,copy_or_process
app/src/main/res/drawable-nodpi/defender_right_idle_004.png,units,image,png,177x179,yes,nodpi,runtime_candidate,copy_or_process
app/src/main/res/drawable-nodpi/defender_right_idle_005.png,units,image,png,177x179,yes,nodpi,runtime_candidate,copy_or_process
app/src/main/res/drawable-nodpi/defender_right_idle_006.png,units,image,png,177x179,yes,nodpi,runtime_candidate,copy_or_process
app/src/main/res/drawable-nodpi/defender_right_idle_007.png,units,image,png,177x179,yes,nodpi,runtime_candidate,copy_or_process
app/src/main/res/drawable-nodpi/defender_right_idle_008.png,units,image,png,177x179,yes,nodpi,runtime_candidate,copy_or_process
app/src/main/res/drawable-nodpi/defender_right_idle_009.png,units,image,png,177x179,yes,nodpi,runtime_candidate,copy_or_process
app/src/main/res/drawable-nodpi/defender_right_idle_010.png,units,image,png,177x179,yes,nodpi,runtime_candidate,copy_or_process
app/src/main/res/drawable-nodpi/defender_right_idle_011.png,units,image,png,177x179,yes,nodpi,runtime_candidate,copy_or_process
app/src/main/res/drawable-nodpi/defender_right_idle_012.png,units,image,png,177x179,yes,nodpi,runtime_candidate,copy_or_process
app/src/main/res/drawable-nodpi/defender_right_idle_013.png,units,image,png,177x179,yes,nodpi,runtime_candidate,copy_or_process
app/src/main/res/drawable-nodpi/defender_right_idle_014.png,units,image,png,177x179,yes,nodpi,runtime_candidate,copy_or_process
app/src/main/res/drawable-nodpi/defender_right_idle_015.png,units,image,png,177x179,yes,nodpi,runtime_candidate,copy_or_process
app/src/main/res/drawable-nodpi/defender_right_idle_016.png,units,image,png,177x179,yes,nodpi,runtime_candidate,copy_or_process
app/src/main/res/drawable-nodpi/defender_right_idle_017.png,units,image,png,177x179,yes,nodpi,runtime_candidate,copy_or_process
app/src/main/res/drawable-nodpi/defender_right_idle_018.png,units,image,png,177x179,yes,nodpi,runtime_candidate,copy_or_process
app/src/main/res/drawable-nodpi/defender_right_idle_019.png,units,image,png,177x179,yes,nodpi,runtime_candidate,copy_or_process
app/src/main/res/drawable-nodpi/defender_right_idle_020.png,units,image,png,177x179,yes,nodpi,runtime_candidate,copy_or_process
app/src/main/res/drawable-nodpi/defender_right_idle_021.png,units,image,png,177x179,yes,nodpi,runtime_candidate,copy_or_process
app/src/main/res/drawable-nodpi/defender_right_idle_022.png,units,image,png,177x179,yes,nodpi,runtime_candidate,copy_or_process
app/src/main/res/drawable-nodpi/defender_right_idle_023.png,units,image,png,177x179,yes,nodpi,runtime_candidate,copy_or_process
app/src/main/res/drawable-nodpi/defender_right_idle_024.png,units,image,png,177x179,yes,nodpi,runtime_candidate,copy_or_process
app/src/main/res/drawable-nodpi/defender_right_idle_025.png,units,image,png,177x179,yes,nodpi,runtime_candidate,copy_or_process
app/src/main/res/drawable-nodpi/defender_right_idle_026.png,units,image,png,177x179,yes,nodpi,runtime_candidate,copy_or_process
app/src/main/res/drawable-nodpi/defender_right_idle_027.png,units,image,png,177x179,yes,nodpi,runtime_candidate,copy_or_process
app/src/main/res/drawable-nodpi/defender_right_idle_028.png,units,image,png,177x179,yes,nodpi,runtime_candidate,copy_or_process
app/src/main/res/drawable-nodpi/defender_right_idle_029.png,units,image,png,177x179,yes,nodpi,runtime_candidate,copy_or_process
app/src/main/res/drawable-nodpi/defender_right_idle_030.png,units,image,png,177x179,yes,nodpi,runtime_candidate,copy_or_process
app/src/main/res/drawable-nodpi/defender_right_idle_031.png,units,image,png,177x179,yes,nodpi,runtime_candidate,copy_or_process
app/src/main/res/drawable-nodpi/defender_right_idle_032.png,units,image,png,177x179,yes,nodpi,runtime_candidate,copy_or_process
app/src/main/res/drawable-nodpi/defender_right_idle_033.png,units,image,png,177x179,yes,nodpi,runtime_candidate,copy_or_process
app/src/main/res/drawable-nodpi/defender_right_idle_034.png,units,image,png,177x179,yes,nodpi,runtime_candidate,copy_or_process
app/src/main/res/drawable-nodpi/defender_right_idle_035.png,units,image,png,177x179,yes,nodpi,runtime_candidate,copy_or_process
app/src/main/res/drawable-nodpi/defender_right_idle_036.png,units,image,png,177x179,yes,nodpi,runtime_candidate,copy_or_process
app/src/main/res/drawable-nodpi/defender_right_idle_037.png,units,image,png,177x179,yes,nodpi,runtime_candidate,copy_or_process
app/src/main/res/drawable-nodpi/defender_right_idle_038.png,units,image,png,177x179,yes,nodpi,runtime_candidate,copy_or_process
app/src/main/res/drawable-nodpi/defender_right_idle_039.png,units,image,png,177x179,yes,nodpi,runtime_candidate,copy_or_process
app/src/main/res/drawable-nodpi/defender_right_idle_040.png,units,image,png,177x179,yes,nodpi,runtime_candidate,copy_or_process
app/src/main/res/drawable-nodpi/defender_right_idle_041.png,units,image,png,177x179,yes,nodpi,runtime_candidate,copy_or_process
app/src/main/res/drawable-nodpi/defender_right_idle_042.png,units,image,png,177x179,yes,nodpi,runtime_candidate,copy_or_process
app/src/main/res/drawable-nodpi/defender_right_idle_043.png,units,image,png,177x179,yes,nodpi,runtime_candidate,copy_or_process
app/src/main/res/drawable-nodpi/defender_right_idle_044.png,units,image,png,177x179,yes,nodpi,runtime_candidate,copy_or_process
app/src/main/res/drawable-nodpi/defender_right_idle_045.png,units,image,png,177x179,yes,nodpi,runtime_candidate,copy_or_process
app/src/main/res/drawable-nodpi/defender_right_idle_046.png,units,image,png,177x179,yes,nodpi,runtime_candidate,copy_or_process
app/src/main/res/drawable-nodpi/defender_right_idle_047.png,units,image,png,177x179,yes,nodpi,runtime_candidate,copy_or_process
app/src/main/res/drawable-nodpi/defender_right_idle_048.png,units,image,png,177x179,yes,nodpi,runtime_candidate,copy_or_process
app/src/main/res/drawable-nodpi/defender_right_idle_049.png,units,image,png,177x179,yes,nodpi,runtime_candidate,copy_or_process
app/src/main/res/drawable-nodpi/defender_right_idle_050.png,units,image,png,177x179,yes,nodpi,runtime_candidate,copy_or_process
app/src/main/res/drawable-nodpi/defender_right_idle_051.png,units,image,png,177x179,yes,nodpi,runtime_candidate,copy_or_process
app/src/main/res/drawable-nodpi/defender_right_idle_052.png,units,image,png,177x179,yes,nodpi,runtime_candidate,copy_or_process
app/src/main/res/drawable-nodpi/defender_right_idle_053.png,units,image,png,177x179,yes,nodpi,runtime_candidate,copy_or_process
app/src/main/res/drawable-nodpi/defender_right_idle_054.png,units,image,png,177x179,yes,nodpi,runtime_candidate,copy_or_process
app/src/main/res/drawable-nodpi/defender_right_idle_055.png,units,image,png,177x179,yes,nodpi,runtime_candidate,copy_or_process
app/src/main/res/drawable-nodpi/demolisher_icon.png,units,image,png,1254x1254,yes,nodpi,runtime_candidate,copy_or_process
app/src/main/res/drawable-nodpi/demolisher_left.png,units,image,png,493x621,yes,nodpi,runtime_candidate,copy_or_process
app/src/main/res/drawable-nodpi/demolisher_left_anim_00.png,units,image,png,248x287,yes,nodpi,runtime_candidate,copy_or_process
app/src/main/res/drawable-nodpi/demolisher_left_anim_01.png,units,image,png,239x276,yes,nodpi,runtime_candidate,copy_or_process
app/src/main/res/drawable-nodpi/demolisher_left_anim_02.png,units,image,png,243x277,yes,nodpi,runtime_candidate,copy_or_process
app/src/main/res/drawable-nodpi/demolisher_left_anim_03.png,units,image,png,204x274,yes,nodpi,runtime_candidate,copy_or_process
app/src/main/res/drawable-nodpi/demolisher_left_anim_04.png,units,image,png,235x274,yes,nodpi,runtime_candidate,copy_or_process
app/src/main/res/drawable-nodpi/demolisher_left_anim_05.png,units,image,png,247x269,yes,nodpi,runtime_candidate,copy_or_process
app/src/main/res/drawable-nodpi/demolisher_left_anim_06.png,units,image,png,243x275,yes,nodpi,runtime_candidate,copy_or_process
app/src/main/res/drawable-nodpi/demolisher_left_anim_07.png,units,image,png,221x255,yes,nodpi,runtime_candidate,copy_or_process
app/src/main/res/drawable-nodpi/demolisher_left_anim_08.png,units,image,png,199x256,yes,nodpi,runtime_candidate,copy_or_process
app/src/main/res/drawable-nodpi/demolisher_left_anim_09.png,units,image,png,228x257,yes,nodpi,runtime_candidate,copy_or_process
app/src/main/res/drawable-nodpi/demolisher_left_anim_10.png,units,image,png,195x249,yes,nodpi,runtime_candidate,copy_or_process
app/src/main/res/drawable-nodpi/demolisher_left_anim_11.png,units,image,png,213x250,yes,nodpi,runtime_candidate,copy_or_process
app/src/main/res/drawable-nodpi/demolisher_left_anim_12.png,units,image,png,226x257,yes,nodpi,runtime_candidate,copy_or_process
app/src/main/res/drawable-nodpi/demolisher_left_anim_13.png,units,image,png,235x252,yes,nodpi,runtime_candidate,copy_or_process
app/src/main/res/drawable-nodpi/demolisher_left_anim_14.png,units,image,png,226x255,yes,nodpi,runtime_candidate,copy_or_process
app/src/main/res/drawable-nodpi/demolisher_right.png,units,image,png,506x598,yes,nodpi,runtime_candidate,copy_or_process
app/src/main/res/drawable-nodpi/demolisher_right_anim_00.png,units,image,png,252x298,yes,nodpi,runtime_candidate,copy_or_process
app/src/main/res/drawable-nodpi/demolisher_right_anim_01.png,units,image,png,242x288,yes,nodpi,runtime_candidate,copy_or_process
app/src/main/res/drawable-nodpi/demolisher_right_anim_02.png,units,image,png,247x291,yes,nodpi,runtime_candidate,copy_or_process
app/src/main/res/drawable-nodpi/demolisher_right_anim_03.png,units,image,png,245x289,yes,nodpi,runtime_candidate,copy_or_process
app/src/main/res/drawable-nodpi/demolisher_right_anim_04.png,units,image,png,208x285,yes,nodpi,runtime_candidate,copy_or_process
app/src/main/res/drawable-nodpi/demolisher_right_anim_05.png,units,image,png,253x278,yes,nodpi,runtime_candidate,copy_or_process
app/src/main/res/drawable-nodpi/demolisher_right_anim_06.png,units,image,png,240x279,yes,nodpi,runtime_candidate,copy_or_process
app/src/main/res/drawable-nodpi/demolisher_right_anim_07.png,units,image,png,207x265,yes,nodpi,runtime_candidate,copy_or_process
app/src/main/res/drawable-nodpi/demolisher_right_anim_08.png,units,image,png,232x268,yes,nodpi,runtime_candidate,copy_or_process
app/src/main/res/drawable-nodpi/demolisher_right_anim_09.png,units,image,png,230x261,yes,nodpi,runtime_candidate,copy_or_process
app/src/main/res/drawable-nodpi/demolisher_right_anim_10.png,units,image,png,218x260,yes,nodpi,runtime_candidate,copy_or_process
app/src/main/res/drawable-nodpi/demolisher_right_anim_11.png,units,image,png,233x266,yes,nodpi,runtime_candidate,copy_or_process
app/src/main/res/drawable-nodpi/demolisher_right_anim_12.png,units,image,png,199x256,yes,nodpi,runtime_candidate,copy_or_process
app/src/main/res/drawable-nodpi/demolisher_right_anim_13.png,units,image,png,231x262,yes,nodpi,runtime_candidate,copy_or_process
app/src/main/res/drawable-nodpi/demolisher_right_anim_14.png,units,image,png,246x257,yes,nodpi,runtime_candidate,copy_or_process
app/src/main/res/drawable-nodpi/fire_rain_flight_00.png,projectiles,image,png,195x235,yes,nodpi,runtime_candidate,copy_or_process
app/src/main/res/drawable-nodpi/fire_rain_flight_01.png,projectiles,image,png,195x235,yes,nodpi,runtime_candidate,copy_or_process
app/src/main/res/drawable-nodpi/fire_rain_flight_02.png,projectiles,image,png,195x235,yes,nodpi,runtime_candidate,copy_or_process
app/src/main/res/drawable-nodpi/fire_rain_flight_03.png,projectiles,image,png,195x235,yes,nodpi,runtime_candidate,copy_or_process
app/src/main/res/drawable-nodpi/fire_rain_flight_04.png,projectiles,image,png,195x235,yes,nodpi,runtime_candidate,copy_or_process
app/src/main/res/drawable-nodpi/fire_rain_flight_05.png,projectiles,image,png,195x235,yes,nodpi,runtime_candidate,copy_or_process
app/src/main/res/drawable-nodpi/fire_rain_flight_06.png,projectiles,image,png,195x235,yes,nodpi,runtime_candidate,copy_or_process
app/src/main/res/drawable-nodpi/fire_rain_flight_07.png,projectiles,image,png,195x235,yes,nodpi,runtime_candidate,copy_or_process
app/src/main/res/drawable-nodpi/fire_rain_flight_08.png,projectiles,image,png,195x235,yes,nodpi,runtime_candidate,copy_or_process
app/src/main/res/drawable-nodpi/fire_rain_flight_09.png,projectiles,image,png,195x235,yes,nodpi,runtime_candidate,copy_or_process
app/src/main/res/drawable-nodpi/fire_rain_flight_10.png,projectiles,image,png,195x235,yes,nodpi,runtime_candidate,copy_or_process
app/src/main/res/drawable-nodpi/fire_rain_flight_11.png,projectiles,image,png,195x235,yes,nodpi,runtime_candidate,copy_or_process
app/src/main/res/drawable-nodpi/fire_rain_flight_12.png,projectiles,image,png,195x235,yes,nodpi,runtime_candidate,copy_or_process
app/src/main/res/drawable-nodpi/fire_rain_flight_13.png,projectiles,image,png,195x235,yes,nodpi,runtime_candidate,copy_or_process
app/src/main/res/drawable-nodpi/fire_rain_flight_14.png,projectiles,image,png,195x235,yes,nodpi,runtime_candidate,copy_or_process
app/src/main/res/drawable-nodpi/fire_rain_flight_15.png,projectiles,image,png,195x235,yes,nodpi,runtime_candidate,copy_or_process
app/src/main/res/drawable-nodpi/fire_rain_icon.png,projectiles,image,png,1254x1254,yes,nodpi,runtime_candidate,copy_or_process
app/src/main/res/drawable-nodpi/fire_rain_impact_00.png,projectiles,image,png,185x231,yes,nodpi,runtime_candidate,copy_or_process
app/src/main/res/drawable-nodpi/fire_rain_impact_01.png,projectiles,image,png,185x231,yes,nodpi,runtime_candidate,copy_or_process
app/src/main/res/drawable-nodpi/fire_rain_impact_02.png,projectiles,image,png,185x231,yes,nodpi,runtime_candidate,copy_or_process
app/src/main/res/drawable-nodpi/fire_rain_impact_03.png,projectiles,image,png,185x231,yes,nodpi,runtime_candidate,copy_or_process
app/src/main/res/drawable-nodpi/fire_rain_impact_04.png,projectiles,image,png,185x231,yes,nodpi,runtime_candidate,copy_or_process
app/src/main/res/drawable-nodpi/fire_rain_impact_05.png,projectiles,image,png,185x231,yes,nodpi,runtime_candidate,copy_or_process
app/src/main/res/drawable-nodpi/fire_rain_impact_06.png,projectiles,image,png,185x231,yes,nodpi,runtime_candidate,copy_or_process
app/src/main/res/drawable-nodpi/fire_rain_impact_07.png,projectiles,image,png,185x231,yes,nodpi,runtime_candidate,copy_or_process
app/src/main/res/drawable-nodpi/fire_rain_impact_08.png,projectiles,image,png,185x231,yes,nodpi,runtime_candidate,copy_or_process
app/src/main/res/drawable-nodpi/fire_rain_impact_09.png,projectiles,image,png,185x231,yes,nodpi,runtime_candidate,copy_or_process
app/src/main/res/drawable-nodpi/fire_rain_impact_10.png,projectiles,image,png,185x231,yes,nodpi,runtime_candidate,copy_or_process
app/src/main/res/drawable-nodpi/fire_rain_impact_11.png,projectiles,image,png,185x231,yes,nodpi,runtime_candidate,copy_or_process
app/src/main/res/drawable-nodpi/fire_rain_impact_12.png,projectiles,image,png,185x231,yes,nodpi,runtime_candidate,copy_or_process
app/src/main/res/drawable-nodpi/fire_rain_impact_13.png,projectiles,image,png,185x231,yes,nodpi,runtime_candidate,copy_or_process
app/src/main/res/drawable-nodpi/fire_rain_impact_14.png,projectiles,image,png,185x231,yes,nodpi,runtime_candidate,copy_or_process
app/src/main/res/drawable-nodpi/fire_rain_impact_15.png,projectiles,image,png,185x231,yes,nodpi,runtime_candidate,copy_or_process
app/src/main/res/drawable-nodpi/fire_rain_impact_16.png,projectiles,image,png,185x231,yes,nodpi,runtime_candidate,copy_or_process
app/src/main/res/drawable-nodpi/fire_rain_impact_17.png,projectiles,image,png,185x231,yes,nodpi,runtime_candidate,copy_or_process
app/src/main/res/drawable-nodpi/fire_rain_impact_18.png,projectiles,image,png,185x231,yes,nodpi,runtime_candidate,copy_or_process
app/src/main/res/drawable-nodpi/fire_rain_impact_19.png,projectiles,image,png,185x231,yes,nodpi,runtime_candidate,copy_or_process
app/src/main/res/drawable-nodpi/fire_rain_impact_20.png,projectiles,image,png,185x231,yes,nodpi,runtime_candidate,copy_or_process
app/src/main/res/drawable-nodpi/fire_rain_impact_21.png,projectiles,image,png,185x231,yes,nodpi,runtime_candidate,copy_or_process
app/src/main/res/drawable-nodpi/fire_rain_impact_22.png,projectiles,image,png,185x231,yes,nodpi,runtime_candidate,copy_or_process
app/src/main/res/drawable-nodpi/fire_rain_impact_23.png,projectiles,image,png,185x231,yes,nodpi,runtime_candidate,copy_or_process
app/src/main/res/drawable-nodpi/fortress_chapter_01_left.png,fortresses,image,png,1024x768,yes,nodpi,runtime_candidate,copy_or_process
app/src/main/res/drawable-nodpi/fortress_chapter_01_right.png,fortresses,image,png,1024x768,yes,nodpi,runtime_candidate,copy_or_process
app/src/main/res/drawable-nodpi/fortress_chapter_02_left.png,fortresses,image,png,1024x768,yes,nodpi,runtime_candidate,copy_or_process
app/src/main/res/drawable-nodpi/fortress_chapter_02_right.png,fortresses,image,png,1024x768,yes,nodpi,runtime_candidate,copy_or_process
app/src/main/res/drawable-nodpi/fortress_chapter_03_left.png,fortresses,image,png,1024x768,yes,nodpi,runtime_candidate,copy_or_process
app/src/main/res/drawable-nodpi/fortress_chapter_03_right.png,fortresses,image,png,1024x768,yes,nodpi,runtime_candidate,copy_or_process
app/src/main/res/drawable-nodpi/fortress_chapter_04_left.png,fortresses,image,png,1024x768,yes,nodpi,runtime_candidate,copy_or_process
app/src/main/res/drawable-nodpi/fortress_chapter_04_right.png,fortresses,image,png,1024x768,yes,nodpi,runtime_candidate,copy_or_process
app/src/main/res/drawable-nodpi/fortress_chapter_05_left.png,fortresses,image,png,1024x768,yes,nodpi,runtime_candidate,copy_or_process
app/src/main/res/drawable-nodpi/fortress_chapter_05_right.png,fortresses,image,png,1024x768,yes,nodpi,runtime_candidate,copy_or_process
app/src/main/res/drawable-nodpi/fortress_left.png,fortresses,image,png,1774x887,yes,nodpi,runtime_candidate,copy_or_process
app/src/main/res/drawable-nodpi/fortress_right.png,fortresses,image,png,1774x887,yes,nodpi,runtime_candidate,copy_or_process
app/src/main/res/drawable-nodpi/goblin_raging_boar_attack_00.png,units,image,png,512x512,yes,nodpi,runtime_candidate,copy_or_process
app/src/main/res/drawable-nodpi/goblin_raging_boar_attack_01.png,units,image,png,512x512,yes,nodpi,runtime_candidate,copy_or_process
app/src/main/res/drawable-nodpi/goblin_raging_boar_attack_02.png,units,image,png,512x512,yes,nodpi,runtime_candidate,copy_or_process
app/src/main/res/drawable-nodpi/goblin_raging_boar_attack_03.png,units,image,png,512x512,yes,nodpi,runtime_candidate,copy_or_process
app/src/main/res/drawable-nodpi/goblin_raging_boar_attack_04.png,units,image,png,512x512,yes,nodpi,runtime_candidate,copy_or_process
app/src/main/res/drawable-nodpi/goblin_raging_boar_attack_05.png,units,image,png,512x512,yes,nodpi,runtime_candidate,copy_or_process
app/src/main/res/drawable-nodpi/goblin_raging_boar_attack_06.png,units,image,png,512x512,yes,nodpi,runtime_candidate,copy_or_process
app/src/main/res/drawable-nodpi/goblin_raging_boar_attack_07.png,units,image,png,512x512,yes,nodpi,runtime_candidate,copy_or_process
app/src/main/res/drawable-nodpi/goblin_raging_boar_attack_08.png,units,image,png,512x512,yes,nodpi,runtime_candidate,copy_or_process
app/src/main/res/drawable-nodpi/goblin_raging_boar_attack_09.png,units,image,png,512x512,yes,nodpi,runtime_candidate,copy_or_process
app/src/main/res/drawable-nodpi/goblin_raging_boar_attack_10.png,units,image,png,512x512,yes,nodpi,runtime_candidate,copy_or_process
app/src/main/res/drawable-nodpi/goblin_raging_boar_attack_11.png,units,image,png,512x512,yes,nodpi,runtime_candidate,copy_or_process
app/src/main/res/drawable-nodpi/goblin_raging_boar_attack_12.png,units,image,png,512x512,yes,nodpi,runtime_candidate,copy_or_process
app/src/main/res/drawable-nodpi/goblin_raging_boar_attack_13.png,units,image,png,512x512,yes,nodpi,runtime_candidate,copy_or_process
app/src/main/res/drawable-nodpi/goblin_raging_boar_attack_14.png,units,image,png,512x512,yes,nodpi,runtime_candidate,copy_or_process
app/src/main/res/drawable-nodpi/goblin_raging_boar_attack_15.png,units,image,png,512x512,yes,nodpi,runtime_candidate,copy_or_process
app/src/main/res/drawable-nodpi/goblin_raging_boar_attack_right_00.png,units,image,png,512x512,yes,nodpi,runtime_candidate,copy_or_process
app/src/main/res/drawable-nodpi/goblin_raging_boar_attack_right_01.png,units,image,png,512x512,yes,nodpi,runtime_candidate,copy_or_process
app/src/main/res/drawable-nodpi/goblin_raging_boar_attack_right_02.png,units,image,png,512x512,yes,nodpi,runtime_candidate,copy_or_process
app/src/main/res/drawable-nodpi/goblin_raging_boar_attack_right_03.png,units,image,png,512x512,yes,nodpi,runtime_candidate,copy_or_process
app/src/main/res/drawable-nodpi/goblin_raging_boar_attack_right_04.png,units,image,png,512x512,yes,nodpi,runtime_candidate,copy_or_process
app/src/main/res/drawable-nodpi/goblin_raging_boar_attack_right_05.png,units,image,png,512x512,yes,nodpi,runtime_candidate,copy_or_process
app/src/main/res/drawable-nodpi/goblin_raging_boar_attack_right_06.png,units,image,png,512x512,yes,nodpi,runtime_candidate,copy_or_process
app/src/main/res/drawable-nodpi/goblin_raging_boar_attack_right_07.png,units,image,png,512x512,yes,nodpi,runtime_candidate,copy_or_process
app/src/main/res/drawable-nodpi/goblin_raging_boar_attack_right_08.png,units,image,png,512x512,yes,nodpi,runtime_candidate,copy_or_process
app/src/main/res/drawable-nodpi/goblin_raging_boar_attack_right_09.png,units,image,png,512x512,yes,nodpi,runtime_candidate,copy_or_process
app/src/main/res/drawable-nodpi/goblin_raging_boar_attack_right_10.png,units,image,png,512x512,yes,nodpi,runtime_candidate,copy_or_process
app/src/main/res/drawable-nodpi/goblin_raging_boar_attack_right_11.png,units,image,png,512x512,yes,nodpi,runtime_candidate,copy_or_process
app/src/main/res/drawable-nodpi/goblin_raging_boar_attack_right_12.png,units,image,png,512x512,yes,nodpi,runtime_candidate,copy_or_process
app/src/main/res/drawable-nodpi/goblin_raging_boar_attack_right_13.png,units,image,png,512x512,yes,nodpi,runtime_candidate,copy_or_process
app/src/main/res/drawable-nodpi/goblin_raging_boar_attack_right_14.png,units,image,png,512x512,yes,nodpi,runtime_candidate,copy_or_process
app/src/main/res/drawable-nodpi/goblin_raging_boar_attack_right_15.png,units,image,png,512x512,yes,nodpi,runtime_candidate,copy_or_process
app/src/main/res/drawable-nodpi/goblin_raging_boar_death_00.png,units,image,png,512x512,yes,nodpi,runtime_candidate,copy_or_process
app/src/main/res/drawable-nodpi/goblin_raging_boar_death_01.png,units,image,png,512x512,yes,nodpi,runtime_candidate,copy_or_process
app/src/main/res/drawable-nodpi/goblin_raging_boar_death_02.png,units,image,png,512x512,yes,nodpi,runtime_candidate,copy_or_process
app/src/main/res/drawable-nodpi/goblin_raging_boar_death_03.png,units,image,png,512x512,yes,nodpi,runtime_candidate,copy_or_process
app/src/main/res/drawable-nodpi/goblin_raging_boar_death_04.png,units,image,png,512x512,yes,nodpi,runtime_candidate,copy_or_process
app/src/main/res/drawable-nodpi/goblin_raging_boar_death_05.png,units,image,png,512x512,yes,nodpi,runtime_candidate,copy_or_process
app/src/main/res/drawable-nodpi/goblin_raging_boar_death_06.png,units,image,png,512x512,yes,nodpi,runtime_candidate,copy_or_process
app/src/main/res/drawable-nodpi/goblin_raging_boar_death_07.png,units,image,png,512x512,yes,nodpi,runtime_candidate,copy_or_process
app/src/main/res/drawable-nodpi/goblin_raging_boar_death_08.png,units,image,png,512x512,yes,nodpi,runtime_candidate,copy_or_process
app/src/main/res/drawable-nodpi/goblin_raging_boar_death_09.png,units,image,png,512x512,yes,nodpi,runtime_candidate,copy_or_process
app/src/main/res/drawable-nodpi/goblin_raging_boar_death_10.png,units,image,png,512x512,yes,nodpi,runtime_candidate,copy_or_process
app/src/main/res/drawable-nodpi/goblin_raging_boar_death_11.png,units,image,png,512x512,yes,nodpi,runtime_candidate,copy_or_process
app/src/main/res/drawable-nodpi/goblin_raging_boar_death_12.png,units,image,png,512x512,yes,nodpi,runtime_candidate,copy_or_process
app/src/main/res/drawable-nodpi/goblin_raging_boar_death_13.png,units,image,png,512x512,yes,nodpi,runtime_candidate,copy_or_process
app/src/main/res/drawable-nodpi/goblin_raging_boar_death_14.png,units,image,png,512x512,yes,nodpi,runtime_candidate,copy_or_process
app/src/main/res/drawable-nodpi/goblin_raging_boar_death_15.png,units,image,png,512x512,yes,nodpi,runtime_candidate,copy_or_process
app/src/main/res/drawable-nodpi/goblin_raging_boar_death_16.png,units,image,png,512x512,yes,nodpi,runtime_candidate,copy_or_process
app/src/main/res/drawable-nodpi/goblin_raging_boar_death_17.png,units,image,png,512x512,yes,nodpi,runtime_candidate,copy_or_process
app/src/main/res/drawable-nodpi/goblin_raging_boar_death_18.png,units,image,png,512x512,yes,nodpi,runtime_candidate,copy_or_process
app/src/main/res/drawable-nodpi/goblin_raging_boar_death_19.png,units,image,png,512x512,yes,nodpi,runtime_candidate,copy_or_process
app/src/main/res/drawable-nodpi/goblin_raging_boar_death_20.png,units,image,png,512x512,yes,nodpi,runtime_candidate,copy_or_process
app/src/main/res/drawable-nodpi/goblin_raging_boar_death_21.png,units,image,png,512x512,yes,nodpi,runtime_candidate,copy_or_process
app/src/main/res/drawable-nodpi/goblin_raging_boar_death_22.png,units,image,png,512x512,yes,nodpi,runtime_candidate,copy_or_process
app/src/main/res/drawable-nodpi/goblin_raging_boar_death_23.png,units,image,png,512x512,yes,nodpi,runtime_candidate,copy_or_process
app/src/main/res/drawable-nodpi/goblin_raging_boar_death_right_00.png,units,image,png,512x512,yes,nodpi,runtime_candidate,copy_or_process
app/src/main/res/drawable-nodpi/goblin_raging_boar_death_right_01.png,units,image,png,512x512,yes,nodpi,runtime_candidate,copy_or_process
app/src/main/res/drawable-nodpi/goblin_raging_boar_death_right_02.png,units,image,png,512x512,yes,nodpi,runtime_candidate,copy_or_process
app/src/main/res/drawable-nodpi/goblin_raging_boar_death_right_03.png,units,image,png,512x512,yes,nodpi,runtime_candidate,copy_or_process
app/src/main/res/drawable-nodpi/goblin_raging_boar_death_right_04.png,units,image,png,512x512,yes,nodpi,runtime_candidate,copy_or_process
app/src/main/res/drawable-nodpi/goblin_raging_boar_death_right_05.png,units,image,png,512x512,yes,nodpi,runtime_candidate,copy_or_process
app/src/main/res/drawable-nodpi/goblin_raging_boar_death_right_06.png,units,image,png,512x512,yes,nodpi,runtime_candidate,copy_or_process
app/src/main/res/drawable-nodpi/goblin_raging_boar_death_right_07.png,units,image,png,512x512,yes,nodpi,runtime_candidate,copy_or_process
app/src/main/res/drawable-nodpi/goblin_raging_boar_death_right_08.png,units,image,png,512x512,yes,nodpi,runtime_candidate,copy_or_process
app/src/main/res/drawable-nodpi/goblin_raging_boar_death_right_09.png,units,image,png,512x512,yes,nodpi,runtime_candidate,copy_or_process
app/src/main/res/drawable-nodpi/goblin_raging_boar_death_right_10.png,units,image,png,512x512,yes,nodpi,runtime_candidate,copy_or_process
app/src/main/res/drawable-nodpi/goblin_raging_boar_death_right_11.png,units,image,png,512x512,yes,nodpi,runtime_candidate,copy_or_process
app/src/main/res/drawable-nodpi/goblin_raging_boar_death_right_12.png,units,image,png,512x512,yes,nodpi,runtime_candidate,copy_or_process
app/src/main/res/drawable-nodpi/goblin_raging_boar_death_right_13.png,units,image,png,512x512,yes,nodpi,runtime_candidate,copy_or_process
app/src/main/res/drawable-nodpi/goblin_raging_boar_death_right_14.png,units,image,png,512x512,yes,nodpi,runtime_candidate,copy_or_process
app/src/main/res/drawable-nodpi/goblin_raging_boar_death_right_15.png,units,image,png,512x512,yes,nodpi,runtime_candidate,copy_or_process
app/src/main/res/drawable-nodpi/goblin_raging_boar_death_right_16.png,units,image,png,512x512,yes,nodpi,runtime_candidate,copy_or_process
app/src/main/res/drawable-nodpi/goblin_raging_boar_death_right_17.png,units,image,png,512x512,yes,nodpi,runtime_candidate,copy_or_process
app/src/main/res/drawable-nodpi/goblin_raging_boar_death_right_18.png,units,image,png,512x512,yes,nodpi,runtime_candidate,copy_or_process
app/src/main/res/drawable-nodpi/goblin_raging_boar_death_right_19.png,units,image,png,512x512,yes,nodpi,runtime_candidate,copy_or_process
app/src/main/res/drawable-nodpi/goblin_raging_boar_death_right_20.png,units,image,png,512x512,yes,nodpi,runtime_candidate,copy_or_process
app/src/main/res/drawable-nodpi/goblin_raging_boar_death_right_21.png,units,image,png,512x512,yes,nodpi,runtime_candidate,copy_or_process
app/src/main/res/drawable-nodpi/goblin_raging_boar_death_right_22.png,units,image,png,512x512,yes,nodpi,runtime_candidate,copy_or_process
app/src/main/res/drawable-nodpi/goblin_raging_boar_death_right_23.png,units,image,png,512x512,yes,nodpi,runtime_candidate,copy_or_process
app/src/main/res/drawable-nodpi/goblin_raging_boar_icon.png,units,image,png,1254x1254,yes,nodpi,runtime_candidate,copy_or_process
app/src/main/res/drawable-nodpi/goblin_raging_boar_idle_00.png,units,image,png,512x512,yes,nodpi,runtime_candidate,copy_or_process
app/src/main/res/drawable-nodpi/goblin_raging_boar_idle_01.png,units,image,png,512x512,yes,nodpi,runtime_candidate,copy_or_process
app/src/main/res/drawable-nodpi/goblin_raging_boar_idle_02.png,units,image,png,512x512,yes,nodpi,runtime_candidate,copy_or_process
app/src/main/res/drawable-nodpi/goblin_raging_boar_idle_03.png,units,image,png,512x512,yes,nodpi,runtime_candidate,copy_or_process
app/src/main/res/drawable-nodpi/goblin_raging_boar_idle_04.png,units,image,png,512x512,yes,nodpi,runtime_candidate,copy_or_process
app/src/main/res/drawable-nodpi/goblin_raging_boar_idle_05.png,units,image,png,512x512,yes,nodpi,runtime_candidate,copy_or_process
app/src/main/res/drawable-nodpi/goblin_raging_boar_idle_06.png,units,image,png,512x512,yes,nodpi,runtime_candidate,copy_or_process
app/src/main/res/drawable-nodpi/goblin_raging_boar_idle_07.png,units,image,png,512x512,yes,nodpi,runtime_candidate,copy_or_process
app/src/main/res/drawable-nodpi/goblin_raging_boar_idle_08.png,units,image,png,512x512,yes,nodpi,runtime_candidate,copy_or_process
app/src/main/res/drawable-nodpi/goblin_raging_boar_idle_09.png,units,image,png,512x512,yes,nodpi,runtime_candidate,copy_or_process
app/src/main/res/drawable-nodpi/goblin_raging_boar_idle_10.png,units,image,png,512x512,yes,nodpi,runtime_candidate,copy_or_process
app/src/main/res/drawable-nodpi/goblin_raging_boar_idle_11.png,units,image,png,512x512,yes,nodpi,runtime_candidate,copy_or_process
app/src/main/res/drawable-nodpi/goblin_raging_boar_idle_12.png,units,image,png,512x512,yes,nodpi,runtime_candidate,copy_or_process
app/src/main/res/drawable-nodpi/goblin_raging_boar_idle_13.png,units,image,png,512x512,yes,nodpi,runtime_candidate,copy_or_process
app/src/main/res/drawable-nodpi/goblin_raging_boar_idle_14.png,units,image,png,512x512,yes,nodpi,runtime_candidate,copy_or_process
app/src/main/res/drawable-nodpi/goblin_raging_boar_idle_15.png,units,image,png,512x512,yes,nodpi,runtime_candidate,copy_or_process
app/src/main/res/drawable-nodpi/goblin_raging_boar_idle_16.png,units,image,png,512x512,yes,nodpi,runtime_candidate,copy_or_process
app/src/main/res/drawable-nodpi/goblin_raging_boar_idle_17.png,units,image,png,512x512,yes,nodpi,runtime_candidate,copy_or_process
app/src/main/res/drawable-nodpi/goblin_raging_boar_idle_18.png,units,image,png,512x512,yes,nodpi,runtime_candidate,copy_or_process
app/src/main/res/drawable-nodpi/goblin_raging_boar_idle_19.png,units,image,png,512x512,yes,nodpi,runtime_candidate,copy_or_process
app/src/main/res/drawable-nodpi/goblin_raging_boar_idle_20.png,units,image,png,512x512,yes,nodpi,runtime_candidate,copy_or_process
app/src/main/res/drawable-nodpi/goblin_raging_boar_idle_21.png,units,image,png,512x512,yes,nodpi,runtime_candidate,copy_or_process
app/src/main/res/drawable-nodpi/goblin_raging_boar_idle_22.png,units,image,png,512x512,yes,nodpi,runtime_candidate,copy_or_process
app/src/main/res/drawable-nodpi/goblin_raging_boar_idle_23.png,units,image,png,512x512,yes,nodpi,runtime_candidate,copy_or_process
app/src/main/res/drawable-nodpi/goblin_raging_boar_idle_24.png,units,image,png,512x512,yes,nodpi,runtime_candidate,copy_or_process
app/src/main/res/drawable-nodpi/goblin_raging_boar_idle_25.png,units,image,png,512x512,yes,nodpi,runtime_candidate,copy_or_process
app/src/main/res/drawable-nodpi/goblin_raging_boar_idle_26.png,units,image,png,512x512,yes,nodpi,runtime_candidate,copy_or_process
app/src/main/res/drawable-nodpi/goblin_raging_boar_idle_27.png,units,image,png,512x512,yes,nodpi,runtime_candidate,copy_or_process
app/src/main/res/drawable-nodpi/goblin_raging_boar_idle_28.png,units,image,png,512x512,yes,nodpi,runtime_candidate,copy_or_process
app/src/main/res/drawable-nodpi/goblin_raging_boar_idle_29.png,units,image,png,512x512,yes,nodpi,runtime_candidate,copy_or_process
app/src/main/res/drawable-nodpi/goblin_raging_boar_idle_30.png,units,image,png,512x512,yes,nodpi,runtime_candidate,copy_or_process
app/src/main/res/drawable-nodpi/goblin_raging_boar_idle_31.png,units,image,png,512x512,yes,nodpi,runtime_candidate,copy_or_process
app/src/main/res/drawable-nodpi/goblin_raging_boar_idle_right_00.png,units,image,png,512x512,yes,nodpi,runtime_candidate,copy_or_process
app/src/main/res/drawable-nodpi/goblin_raging_boar_idle_right_01.png,units,image,png,512x512,yes,nodpi,runtime_candidate,copy_or_process
app/src/main/res/drawable-nodpi/goblin_raging_boar_idle_right_02.png,units,image,png,512x512,yes,nodpi,runtime_candidate,copy_or_process
app/src/main/res/drawable-nodpi/goblin_raging_boar_idle_right_03.png,units,image,png,512x512,yes,nodpi,runtime_candidate,copy_or_process
app/src/main/res/drawable-nodpi/goblin_raging_boar_idle_right_04.png,units,image,png,512x512,yes,nodpi,runtime_candidate,copy_or_process
app/src/main/res/drawable-nodpi/goblin_raging_boar_idle_right_05.png,units,image,png,512x512,yes,nodpi,runtime_candidate,copy_or_process
app/src/main/res/drawable-nodpi/goblin_raging_boar_idle_right_06.png,units,image,png,512x512,yes,nodpi,runtime_candidate,copy_or_process
app/src/main/res/drawable-nodpi/goblin_raging_boar_idle_right_07.png,units,image,png,512x512,yes,nodpi,runtime_candidate,copy_or_process
app/src/main/res/drawable-nodpi/goblin_raging_boar_idle_right_08.png,units,image,png,512x512,yes,nodpi,runtime_candidate,copy_or_process
app/src/main/res/drawable-nodpi/goblin_raging_boar_idle_right_09.png,units,image,png,512x512,yes,nodpi,runtime_candidate,copy_or_process
app/src/main/res/drawable-nodpi/goblin_raging_boar_idle_right_10.png,units,image,png,512x512,yes,nodpi,runtime_candidate,copy_or_process
app/src/main/res/drawable-nodpi/goblin_raging_boar_idle_right_11.png,units,image,png,512x512,yes,nodpi,runtime_candidate,copy_or_process
app/src/main/res/drawable-nodpi/goblin_raging_boar_idle_right_12.png,units,image,png,512x512,yes,nodpi,runtime_candidate,copy_or_process
app/src/main/res/drawable-nodpi/goblin_raging_boar_idle_right_13.png,units,image,png,512x512,yes,nodpi,runtime_candidate,copy_or_process
app/src/main/res/drawable-nodpi/goblin_raging_boar_idle_right_14.png,units,image,png,512x512,yes,nodpi,runtime_candidate,copy_or_process
app/src/main/res/drawable-nodpi/goblin_raging_boar_idle_right_15.png,units,image,png,512x512,yes,nodpi,runtime_candidate,copy_or_process
app/src/main/res/drawable-nodpi/goblin_raging_boar_idle_right_16.png,units,image,png,512x512,yes,nodpi,runtime_candidate,copy_or_process
app/src/main/res/drawable-nodpi/goblin_raging_boar_idle_right_17.png,units,image,png,512x512,yes,nodpi,runtime_candidate,copy_or_process
app/src/main/res/drawable-nodpi/goblin_raging_boar_idle_right_18.png,units,image,png,512x512,yes,nodpi,runtime_candidate,copy_or_process
app/src/main/res/drawable-nodpi/goblin_raging_boar_idle_right_19.png,units,image,png,512x512,yes,nodpi,runtime_candidate,copy_or_process
app/src/main/res/drawable-nodpi/goblin_raging_boar_idle_right_20.png,units,image,png,512x512,yes,nodpi,runtime_candidate,copy_or_process
app/src/main/res/drawable-nodpi/goblin_raging_boar_idle_right_21.png,units,image,png,512x512,yes,nodpi,runtime_candidate,copy_or_process
app/src/main/res/drawable-nodpi/goblin_raging_boar_idle_right_22.png,units,image,png,512x512,yes,nodpi,runtime_candidate,copy_or_process
app/src/main/res/drawable-nodpi/goblin_raging_boar_idle_right_23.png,units,image,png,512x512,yes,nodpi,runtime_candidate,copy_or_process
app/src/main/res/drawable-nodpi/goblin_raging_boar_idle_right_24.png,units,image,png,512x512,yes,nodpi,runtime_candidate,copy_or_process
app/src/main/res/drawable-nodpi/goblin_raging_boar_idle_right_25.png,units,image,png,512x512,yes,nodpi,runtime_candidate,copy_or_process
app/src/main/res/drawable-nodpi/goblin_raging_boar_idle_right_26.png,units,image,png,512x512,yes,nodpi,runtime_candidate,copy_or_process
app/src/main/res/drawable-nodpi/goblin_raging_boar_idle_right_27.png,units,image,png,512x512,yes,nodpi,runtime_candidate,copy_or_process
app/src/main/res/drawable-nodpi/goblin_raging_boar_idle_right_28.png,units,image,png,512x512,yes,nodpi,runtime_candidate,copy_or_process
app/src/main/res/drawable-nodpi/goblin_raging_boar_idle_right_29.png,units,image,png,512x512,yes,nodpi,runtime_candidate,copy_or_process
app/src/main/res/drawable-nodpi/goblin_raging_boar_idle_right_30.png,units,image,png,512x512,yes,nodpi,runtime_candidate,copy_or_process
app/src/main/res/drawable-nodpi/goblin_raging_boar_idle_right_31.png,units,image,png,512x512,yes,nodpi,runtime_candidate,copy_or_process
app/src/main/res/drawable-nodpi/goblin_raging_boar_run_00.png,units,image,png,512x512,yes,nodpi,runtime_candidate,copy_or_process
app/src/main/res/drawable-nodpi/goblin_raging_boar_run_01.png,units,image,png,512x512,yes,nodpi,runtime_candidate,copy_or_process
app/src/main/res/drawable-nodpi/goblin_raging_boar_run_02.png,units,image,png,512x512,yes,nodpi,runtime_candidate,copy_or_process
app/src/main/res/drawable-nodpi/goblin_raging_boar_run_03.png,units,image,png,512x512,yes,nodpi,runtime_candidate,copy_or_process
app/src/main/res/drawable-nodpi/goblin_raging_boar_run_04.png,units,image,png,512x512,yes,nodpi,runtime_candidate,copy_or_process
app/src/main/res/drawable-nodpi/goblin_raging_boar_run_05.png,units,image,png,512x512,yes,nodpi,runtime_candidate,copy_or_process
app/src/main/res/drawable-nodpi/goblin_raging_boar_run_06.png,units,image,png,512x512,yes,nodpi,runtime_candidate,copy_or_process
app/src/main/res/drawable-nodpi/goblin_raging_boar_run_07.png,units,image,png,512x512,yes,nodpi,runtime_candidate,copy_or_process
app/src/main/res/drawable-nodpi/goblin_raging_boar_run_08.png,units,image,png,512x512,yes,nodpi,runtime_candidate,copy_or_process
app/src/main/res/drawable-nodpi/goblin_raging_boar_run_09.png,units,image,png,512x512,yes,nodpi,runtime_candidate,copy_or_process
app/src/main/res/drawable-nodpi/goblin_raging_boar_run_10.png,units,image,png,512x512,yes,nodpi,runtime_candidate,copy_or_process
app/src/main/res/drawable-nodpi/goblin_raging_boar_run_11.png,units,image,png,512x512,yes,nodpi,runtime_candidate,copy_or_process
app/src/main/res/drawable-nodpi/goblin_raging_boar_run_12.png,units,image,png,512x512,yes,nodpi,runtime_candidate,copy_or_process
app/src/main/res/drawable-nodpi/goblin_raging_boar_run_13.png,units,image,png,512x512,yes,nodpi,runtime_candidate,copy_or_process
app/src/main/res/drawable-nodpi/goblin_raging_boar_run_14.png,units,image,png,512x512,yes,nodpi,runtime_candidate,copy_or_process
app/src/main/res/drawable-nodpi/goblin_raging_boar_run_15.png,units,image,png,512x512,yes,nodpi,runtime_candidate,copy_or_process
app/src/main/res/drawable-nodpi/goblin_raging_boar_run_right_00.png,units,image,png,512x512,yes,nodpi,runtime_candidate,copy_or_process
app/src/main/res/drawable-nodpi/goblin_raging_boar_run_right_01.png,units,image,png,512x512,yes,nodpi,runtime_candidate,copy_or_process
app/src/main/res/drawable-nodpi/goblin_raging_boar_run_right_02.png,units,image,png,512x512,yes,nodpi,runtime_candidate,copy_or_process
app/src/main/res/drawable-nodpi/goblin_raging_boar_run_right_03.png,units,image,png,512x512,yes,nodpi,runtime_candidate,copy_or_process
app/src/main/res/drawable-nodpi/goblin_raging_boar_run_right_04.png,units,image,png,512x512,yes,nodpi,runtime_candidate,copy_or_process
app/src/main/res/drawable-nodpi/goblin_raging_boar_run_right_05.png,units,image,png,512x512,yes,nodpi,runtime_candidate,copy_or_process
app/src/main/res/drawable-nodpi/goblin_raging_boar_run_right_06.png,units,image,png,512x512,yes,nodpi,runtime_candidate,copy_or_process
app/src/main/res/drawable-nodpi/goblin_raging_boar_run_right_07.png,units,image,png,512x512,yes,nodpi,runtime_candidate,copy_or_process
app/src/main/res/drawable-nodpi/goblin_raging_boar_run_right_08.png,units,image,png,512x512,yes,nodpi,runtime_candidate,copy_or_process
app/src/main/res/drawable-nodpi/goblin_raging_boar_run_right_09.png,units,image,png,512x512,yes,nodpi,runtime_candidate,copy_or_process
app/src/main/res/drawable-nodpi/goblin_raging_boar_run_right_10.png,units,image,png,512x512,yes,nodpi,runtime_candidate,copy_or_process
app/src/main/res/drawable-nodpi/goblin_raging_boar_run_right_11.png,units,image,png,512x512,yes,nodpi,runtime_candidate,copy_or_process
app/src/main/res/drawable-nodpi/goblin_raging_boar_run_right_12.png,units,image,png,512x512,yes,nodpi,runtime_candidate,copy_or_process
app/src/main/res/drawable-nodpi/goblin_raging_boar_run_right_13.png,units,image,png,512x512,yes,nodpi,runtime_candidate,copy_or_process
app/src/main/res/drawable-nodpi/goblin_raging_boar_run_right_14.png,units,image,png,512x512,yes,nodpi,runtime_candidate,copy_or_process
app/src/main/res/drawable-nodpi/goblin_raging_boar_run_right_15.png,units,image,png,512x512,yes,nodpi,runtime_candidate,copy_or_process
app/src/main/res/drawable-nodpi/goblin_slingmaster_icon.png,units,image,png,512x512,yes,nodpi,runtime_candidate,copy_or_process
app/src/main/res/drawable-nodpi/goblin_slingmaster_run_00.png,units,image,png,384x384,yes,nodpi,runtime_candidate,copy_or_process
app/src/main/res/drawable-nodpi/goblin_slingmaster_run_01.png,units,image,png,384x384,yes,nodpi,runtime_candidate,copy_or_process
app/src/main/res/drawable-nodpi/goblin_slingmaster_run_02.png,units,image,png,384x384,yes,nodpi,runtime_candidate,copy_or_process
app/src/main/res/drawable-nodpi/goblin_slingmaster_run_03.png,units,image,png,384x384,yes,nodpi,runtime_candidate,copy_or_process
app/src/main/res/drawable-nodpi/goblin_slingmaster_run_04.png,units,image,png,384x384,yes,nodpi,runtime_candidate,copy_or_process
app/src/main/res/drawable-nodpi/goblin_slingmaster_run_05.png,units,image,png,384x384,yes,nodpi,runtime_candidate,copy_or_process
app/src/main/res/drawable-nodpi/goblin_slingmaster_run_06.png,units,image,png,384x384,yes,nodpi,runtime_candidate,copy_or_process
app/src/main/res/drawable-nodpi/goblin_slingmaster_run_07.png,units,image,png,384x384,yes,nodpi,runtime_candidate,copy_or_process
app/src/main/res/drawable-nodpi/goblin_slingmaster_run_08.png,units,image,png,384x384,yes,nodpi,runtime_candidate,copy_or_process
app/src/main/res/drawable-nodpi/goblin_slingmaster_run_09.png,units,image,png,384x384,yes,nodpi,runtime_candidate,copy_or_process
app/src/main/res/drawable-nodpi/goblin_slingmaster_run_10.png,units,image,png,384x384,yes,nodpi,runtime_candidate,copy_or_process
app/src/main/res/drawable-nodpi/goblin_slingmaster_run_11.png,units,image,png,384x384,yes,nodpi,runtime_candidate,copy_or_process
app/src/main/res/drawable-nodpi/goblin_slingmaster_run_12.png,units,image,png,384x384,yes,nodpi,runtime_candidate,copy_or_process
app/src/main/res/drawable-nodpi/goblin_slingmaster_run_13.png,units,image,png,384x384,yes,nodpi,runtime_candidate,copy_or_process
app/src/main/res/drawable-nodpi/goblin_slingmaster_run_14.png,units,image,png,384x384,yes,nodpi,runtime_candidate,copy_or_process
app/src/main/res/drawable-nodpi/goblin_slingmaster_run_15.png,units,image,png,384x384,yes,nodpi,runtime_candidate,copy_or_process
app/src/main/res/drawable-nodpi/haste_icon.png,spells,image,png,512x512,yes,nodpi,runtime_candidate,copy_or_process
app/src/main/res/drawable-nodpi/heal_icon.png,spells,image,png,512x512,yes,nodpi,runtime_candidate,copy_or_process
app/src/main/res/drawable-nodpi/health_fill_left.png,spells,image,png,395x18,yes,nodpi,runtime_candidate,copy_or_process
app/src/main/res/drawable-nodpi/health_fill_right.png,spells,image,png,395x18,yes,nodpi,runtime_candidate,copy_or_process
app/src/main/res/drawable-nodpi/health_panel_left.png,spells,image,png,768x253,yes,nodpi,runtime_candidate,copy_or_process
app/src/main/res/drawable-nodpi/health_panel_right.png,spells,image,png,768x261,yes,nodpi,runtime_candidate,copy_or_process
app/src/main/res/drawable-nodpi/ic_ammo_rock_art.png,projectiles,image,png,512x512,no,nodpi,runtime_candidate,copy_or_process
app/src/main/res/drawable-nodpi/ic_launcher_foreground.png,unclassified,image,png,1254x1254,no,nodpi,runtime_candidate,review
app/src/main/res/drawable-nodpi/ice_trap_anim_00.png,spells,image,png,245x295,yes,nodpi,runtime_candidate,copy_or_process
app/src/main/res/drawable-nodpi/ice_trap_anim_01.png,spells,image,png,250x297,yes,nodpi,runtime_candidate,copy_or_process
app/src/main/res/drawable-nodpi/ice_trap_anim_02.png,spells,image,png,250x298,yes,nodpi,runtime_candidate,copy_or_process
app/src/main/res/drawable-nodpi/ice_trap_anim_03.png,spells,image,png,250x307,yes,nodpi,runtime_candidate,copy_or_process
app/src/main/res/drawable-nodpi/ice_trap_anim_04.png,spells,image,png,250x298,yes,nodpi,runtime_candidate,copy_or_process
app/src/main/res/drawable-nodpi/ice_trap_anim_05.png,spells,image,png,250x302,yes,nodpi,runtime_candidate,copy_or_process
app/src/main/res/drawable-nodpi/ice_trap_anim_06.png,spells,image,png,250x297,yes,nodpi,runtime_candidate,copy_or_process
app/src/main/res/drawable-nodpi/ice_trap_anim_07.png,spells,image,png,250x295,yes,nodpi,runtime_candidate,copy_or_process
app/src/main/res/drawable-nodpi/ice_trap_icon.png,spells,image,png,512x512,yes,nodpi,runtime_candidate,copy_or_process
app/src/main/res/drawable-nodpi/icon_lives_heart.png,ui,image,png,608x517,yes,nodpi,runtime_candidate,copy_or_process
app/src/main/res/drawable-nodpi/icon_next_life_hourglass.png,ui,image,png,1167x1202,yes,nodpi,runtime_candidate,copy_or_process
app/src/main/res/drawable-nodpi/icon_orcoins.png,ui,image,png,1363x1061,yes,nodpi,runtime_candidate,copy_or_process
app/src/main/res/drawable-nodpi/logo_main_menu.png,ui,image,png,2048x768,yes,nodpi,runtime_candidate,copy_or_process
app/src/main/res/drawable-nodpi/name_banner_left.png,spells,image,png,710x245,yes,nodpi,runtime_candidate,copy_or_process
app/src/main/res/drawable-nodpi/name_banner_right.png,spells,image,png,710x245,yes,nodpi,runtime_candidate,copy_or_process
app/src/main/res/drawable-nodpi/plague_cauldron_flight_00.png,projectiles,image,png,181x181,yes,nodpi,runtime_candidate,copy_or_process
app/src/main/res/drawable-nodpi/plague_cauldron_flight_01.png,projectiles,image,png,181x181,yes,nodpi,runtime_candidate,copy_or_process
app/src/main/res/drawable-nodpi/plague_cauldron_flight_02.png,projectiles,image,png,181x181,yes,nodpi,runtime_candidate,copy_or_process
app/src/main/res/drawable-nodpi/plague_cauldron_flight_03.png,projectiles,image,png,181x181,yes,nodpi,runtime_candidate,copy_or_process
app/src/main/res/drawable-nodpi/plague_cauldron_flight_04.png,projectiles,image,png,181x181,yes,nodpi,runtime_candidate,copy_or_process
app/src/main/res/drawable-nodpi/plague_cauldron_flight_05.png,projectiles,image,png,181x181,yes,nodpi,runtime_candidate,copy_or_process
app/src/main/res/drawable-nodpi/plague_cauldron_flight_06.png,projectiles,image,png,181x181,yes,nodpi,runtime_candidate,copy_or_process
app/src/main/res/drawable-nodpi/plague_cauldron_flight_07.png,projectiles,image,png,181x181,yes,nodpi,runtime_candidate,copy_or_process
app/src/main/res/drawable-nodpi/plague_cauldron_flight_08.png,projectiles,image,png,181x181,yes,nodpi,runtime_candidate,copy_or_process
app/src/main/res/drawable-nodpi/plague_cauldron_flight_09.png,projectiles,image,png,181x181,yes,nodpi,runtime_candidate,copy_or_process
app/src/main/res/drawable-nodpi/plague_cauldron_flight_10.png,projectiles,image,png,181x181,yes,nodpi,runtime_candidate,copy_or_process
app/src/main/res/drawable-nodpi/plague_cauldron_flight_11.png,projectiles,image,png,181x181,yes,nodpi,runtime_candidate,copy_or_process
app/src/main/res/drawable-nodpi/plague_cauldron_flight_12.png,projectiles,image,png,181x181,yes,nodpi,runtime_candidate,copy_or_process
app/src/main/res/drawable-nodpi/plague_cauldron_flight_13.png,projectiles,image,png,181x181,yes,nodpi,runtime_candidate,copy_or_process
app/src/main/res/drawable-nodpi/plague_cauldron_flight_14.png,projectiles,image,png,181x181,yes,nodpi,runtime_candidate,copy_or_process
app/src/main/res/drawable-nodpi/plague_cauldron_flight_15.png,projectiles,image,png,181x181,yes,nodpi,runtime_candidate,copy_or_process
app/src/main/res/drawable-nodpi/plague_cauldron_icon.png,projectiles,image,png,1254x1254,yes,nodpi,runtime_candidate,copy_or_process
app/src/main/res/drawable-nodpi/plague_cauldron_impact_00.png,projectiles,image,png,181x181,yes,nodpi,runtime_candidate,copy_or_process
app/src/main/res/drawable-nodpi/plague_cauldron_impact_01.png,projectiles,image,png,181x181,yes,nodpi,runtime_candidate,copy_or_process
app/src/main/res/drawable-nodpi/plague_cauldron_impact_02.png,projectiles,image,png,181x181,yes,nodpi,runtime_candidate,copy_or_process
app/src/main/res/drawable-nodpi/plague_cauldron_impact_03.png,projectiles,image,png,181x181,yes,nodpi,runtime_candidate,copy_or_process
app/src/main/res/drawable-nodpi/plague_cauldron_impact_04.png,projectiles,image,png,181x181,yes,nodpi,runtime_candidate,copy_or_process
app/src/main/res/drawable-nodpi/plague_cauldron_impact_05.png,projectiles,image,png,181x181,yes,nodpi,runtime_candidate,copy_or_process
app/src/main/res/drawable-nodpi/plague_cauldron_impact_06.png,projectiles,image,png,181x181,yes,nodpi,runtime_candidate,copy_or_process
app/src/main/res/drawable-nodpi/plague_cauldron_impact_07.png,projectiles,image,png,181x181,yes,nodpi,runtime_candidate,copy_or_process
app/src/main/res/drawable-nodpi/plague_cauldron_impact_08.png,projectiles,image,png,181x181,yes,nodpi,runtime_candidate,copy_or_process
app/src/main/res/drawable-nodpi/plague_cauldron_impact_09.png,projectiles,image,png,181x181,yes,nodpi,runtime_candidate,copy_or_process
app/src/main/res/drawable-nodpi/plague_cauldron_impact_10.png,projectiles,image,png,181x181,yes,nodpi,runtime_candidate,copy_or_process
app/src/main/res/drawable-nodpi/plague_cauldron_impact_11.png,projectiles,image,png,181x181,yes,nodpi,runtime_candidate,copy_or_process
app/src/main/res/drawable-nodpi/plague_cauldron_impact_12.png,projectiles,image,png,181x181,yes,nodpi,runtime_candidate,copy_or_process
app/src/main/res/drawable-nodpi/plague_cauldron_impact_13.png,projectiles,image,png,181x181,yes,nodpi,runtime_candidate,copy_or_process
app/src/main/res/drawable-nodpi/plague_cauldron_impact_14.png,projectiles,image,png,181x181,yes,nodpi,runtime_candidate,copy_or_process
app/src/main/res/drawable-nodpi/plague_cauldron_impact_15.png,projectiles,image,png,181x181,yes,nodpi,runtime_candidate,copy_or_process
app/src/main/res/drawable-nodpi/plague_cauldron_impact_16.png,projectiles,image,png,181x181,yes,nodpi,runtime_candidate,copy_or_process
app/src/main/res/drawable-nodpi/plague_cauldron_impact_17.png,projectiles,image,png,181x181,yes,nodpi,runtime_candidate,copy_or_process
app/src/main/res/drawable-nodpi/plague_cauldron_impact_18.png,projectiles,image,png,181x181,yes,nodpi,runtime_candidate,copy_or_process
app/src/main/res/drawable-nodpi/plague_cauldron_impact_19.png,projectiles,image,png,181x181,yes,nodpi,runtime_candidate,copy_or_process
app/src/main/res/drawable-nodpi/plague_cauldron_impact_20.png,projectiles,image,png,181x181,yes,nodpi,runtime_candidate,copy_or_process
app/src/main/res/drawable-nodpi/plague_cauldron_impact_21.png,projectiles,image,png,181x181,yes,nodpi,runtime_candidate,copy_or_process
app/src/main/res/drawable-nodpi/plague_cauldron_impact_22.png,projectiles,image,png,181x181,yes,nodpi,runtime_candidate,copy_or_process
app/src/main/res/drawable-nodpi/plague_cauldron_impact_23.png,projectiles,image,png,181x181,yes,nodpi,runtime_candidate,copy_or_process
app/src/main/res/drawable-nodpi/plague_cauldron_impact_24.png,projectiles,image,png,181x181,yes,nodpi,runtime_candidate,copy_or_process
app/src/main/res/drawable-nodpi/plague_cauldron_impact_25.png,projectiles,image,png,181x181,yes,nodpi,runtime_candidate,copy_or_process
app/src/main/res/drawable-nodpi/plague_cauldron_impact_26.png,projectiles,image,png,181x181,yes,nodpi,runtime_candidate,copy_or_process
app/src/main/res/drawable-nodpi/plague_cauldron_impact_27.png,projectiles,image,png,181x181,yes,nodpi,runtime_candidate,copy_or_process
app/src/main/res/drawable-nodpi/plague_cauldron_impact_28.png,projectiles,image,png,181x181,yes,nodpi,runtime_candidate,copy_or_process
app/src/main/res/drawable-nodpi/plague_cauldron_impact_29.png,projectiles,image,png,181x181,yes,nodpi,runtime_candidate,copy_or_process
app/src/main/res/drawable-nodpi/plague_cauldron_impact_30.png,projectiles,image,png,181x181,yes,nodpi,runtime_candidate,copy_or_process
app/src/main/res/drawable-nodpi/plague_cauldron_impact_31.png,projectiles,image,png,181x181,yes,nodpi,runtime_candidate,copy_or_process
app/src/main/res/drawable-nodpi/play_game_1.png,unclassified,image,png,1724x703,yes,nodpi,runtime_candidate,review
app/src/main/res/drawable-nodpi/player_avatar_01.png,ui,image,png,256x256,yes,nodpi,runtime_candidate,copy_or_process
app/src/main/res/drawable-nodpi/player_avatar_02.png,ui,image,png,256x256,yes,nodpi,runtime_candidate,copy_or_process
app/src/main/res/drawable-nodpi/player_avatar_03.png,ui,image,png,256x256,yes,nodpi,runtime_candidate,copy_or_process
app/src/main/res/drawable-nodpi/player_avatar_04.png,ui,image,png,256x256,yes,nodpi,runtime_candidate,copy_or_process
app/src/main/res/drawable-nodpi/player_avatar_05.png,ui,image,png,256x256,yes,nodpi,runtime_candidate,copy_or_process
app/src/main/res/drawable-nodpi/player_avatar_06.png,ui,image,png,256x256,yes,nodpi,runtime_candidate,copy_or_process
app/src/main/res/drawable-nodpi/player_avatar_07.png,ui,image,png,256x256,yes,nodpi,runtime_candidate,copy_or_process
app/src/main/res/drawable-nodpi/player_avatar_08.png,ui,image,png,256x256,yes,nodpi,runtime_candidate,copy_or_process
app/src/main/res/drawable-nodpi/player_avatar_09.png,ui,image,png,256x256,yes,nodpi,runtime_candidate,copy_or_process
app/src/main/res/drawable-nodpi/player_avatar_10.png,ui,image,png,256x256,yes,nodpi,runtime_candidate,copy_or_process
app/src/main/res/drawable-nodpi/player_avatar_starter.png,ui,image,png,1254x1254,yes,nodpi,runtime_candidate,copy_or_process
app/src/main/res/drawable-nodpi/powder_barrel_flight_00.png,projectiles,image,png,215x158,yes,nodpi,runtime_candidate,copy_or_process
app/src/main/res/drawable-nodpi/powder_barrel_flight_01.png,projectiles,image,png,215x158,yes,nodpi,runtime_candidate,copy_or_process
app/src/main/res/drawable-nodpi/powder_barrel_flight_02.png,projectiles,image,png,215x158,yes,nodpi,runtime_candidate,copy_or_process
app/src/main/res/drawable-nodpi/powder_barrel_flight_03.png,projectiles,image,png,215x158,yes,nodpi,runtime_candidate,copy_or_process
app/src/main/res/drawable-nodpi/powder_barrel_flight_04.png,projectiles,image,png,215x158,yes,nodpi,runtime_candidate,copy_or_process
app/src/main/res/drawable-nodpi/powder_barrel_flight_05.png,projectiles,image,png,215x158,yes,nodpi,runtime_candidate,copy_or_process
app/src/main/res/drawable-nodpi/powder_barrel_flight_06.png,projectiles,image,png,215x158,yes,nodpi,runtime_candidate,copy_or_process
app/src/main/res/drawable-nodpi/powder_barrel_flight_07.png,projectiles,image,png,215x158,yes,nodpi,runtime_candidate,copy_or_process
app/src/main/res/drawable-nodpi/powder_barrel_flight_08.png,projectiles,image,png,215x158,yes,nodpi,runtime_candidate,copy_or_process
app/src/main/res/drawable-nodpi/powder_barrel_flight_09.png,projectiles,image,png,215x158,yes,nodpi,runtime_candidate,copy_or_process
app/src/main/res/drawable-nodpi/powder_barrel_flight_10.png,projectiles,image,png,215x158,yes,nodpi,runtime_candidate,copy_or_process
app/src/main/res/drawable-nodpi/powder_barrel_flight_11.png,projectiles,image,png,215x158,yes,nodpi,runtime_candidate,copy_or_process
app/src/main/res/drawable-nodpi/powder_barrel_flight_12.png,projectiles,image,png,215x158,yes,nodpi,runtime_candidate,copy_or_process
app/src/main/res/drawable-nodpi/powder_barrel_flight_13.png,projectiles,image,png,215x158,yes,nodpi,runtime_candidate,copy_or_process
app/src/main/res/drawable-nodpi/powder_barrel_flight_14.png,projectiles,image,png,215x158,yes,nodpi,runtime_candidate,copy_or_process
app/src/main/res/drawable-nodpi/powder_barrel_flight_15.png,projectiles,image,png,215x158,yes,nodpi,runtime_candidate,copy_or_process
app/src/main/res/drawable-nodpi/powder_barrel_flight_16.png,projectiles,image,png,215x158,yes,nodpi,runtime_candidate,copy_or_process
app/src/main/res/drawable-nodpi/powder_barrel_flight_17.png,projectiles,image,png,215x158,yes,nodpi,runtime_candidate,copy_or_process
app/src/main/res/drawable-nodpi/powder_barrel_flight_18.png,projectiles,image,png,215x158,yes,nodpi,runtime_candidate,copy_or_process
app/src/main/res/drawable-nodpi/powder_barrel_flight_19.png,projectiles,image,png,215x158,yes,nodpi,runtime_candidate,copy_or_process
app/src/main/res/drawable-nodpi/powder_barrel_flight_20.png,projectiles,image,png,215x158,yes,nodpi,runtime_candidate,copy_or_process
app/src/main/res/drawable-nodpi/powder_barrel_flight_21.png,projectiles,image,png,215x158,yes,nodpi,runtime_candidate,copy_or_process
app/src/main/res/drawable-nodpi/powder_barrel_flight_22.png,projectiles,image,png,215x158,yes,nodpi,runtime_candidate,copy_or_process
app/src/main/res/drawable-nodpi/powder_barrel_flight_23.png,projectiles,image,png,215x158,yes,nodpi,runtime_candidate,copy_or_process
app/src/main/res/drawable-nodpi/powder_barrel_flight_24.png,projectiles,image,png,215x158,yes,nodpi,runtime_candidate,copy_or_process
app/src/main/res/drawable-nodpi/powder_barrel_flight_25.png,projectiles,image,png,215x158,yes,nodpi,runtime_candidate,copy_or_process
app/src/main/res/drawable-nodpi/powder_barrel_flight_26.png,projectiles,image,png,215x158,yes,nodpi,runtime_candidate,copy_or_process
app/src/main/res/drawable-nodpi/powder_barrel_flight_27.png,projectiles,image,png,215x158,yes,nodpi,runtime_candidate,copy_or_process
app/src/main/res/drawable-nodpi/powder_barrel_flight_28.png,projectiles,image,png,215x158,yes,nodpi,runtime_candidate,copy_or_process
app/src/main/res/drawable-nodpi/powder_barrel_flight_29.png,projectiles,image,png,215x158,yes,nodpi,runtime_candidate,copy_or_process
app/src/main/res/drawable-nodpi/powder_barrel_flight_30.png,projectiles,image,png,215x158,yes,nodpi,runtime_candidate,copy_or_process
app/src/main/res/drawable-nodpi/powder_barrel_flight_31.png,projectiles,image,png,215x158,yes,nodpi,runtime_candidate,copy_or_process
app/src/main/res/drawable-nodpi/powder_barrel_impact_00.png,projectiles,image,png,235x241,yes,nodpi,runtime_candidate,copy_or_process
app/src/main/res/drawable-nodpi/powder_barrel_impact_01.png,projectiles,image,png,235x241,yes,nodpi,runtime_candidate,copy_or_process
app/src/main/res/drawable-nodpi/powder_barrel_impact_02.png,projectiles,image,png,235x241,yes,nodpi,runtime_candidate,copy_or_process
app/src/main/res/drawable-nodpi/powder_barrel_impact_03.png,projectiles,image,png,235x241,yes,nodpi,runtime_candidate,copy_or_process
app/src/main/res/drawable-nodpi/powder_barrel_impact_04.png,projectiles,image,png,235x241,yes,nodpi,runtime_candidate,copy_or_process
app/src/main/res/drawable-nodpi/powder_barrel_impact_05.png,projectiles,image,png,235x241,yes,nodpi,runtime_candidate,copy_or_process
app/src/main/res/drawable-nodpi/powder_barrel_impact_06.png,projectiles,image,png,235x241,yes,nodpi,runtime_candidate,copy_or_process
app/src/main/res/drawable-nodpi/powder_barrel_impact_07.png,projectiles,image,png,235x241,yes,nodpi,runtime_candidate,copy_or_process
app/src/main/res/drawable-nodpi/powder_barrel_impact_08.png,projectiles,image,png,235x241,yes,nodpi,runtime_candidate,copy_or_process
app/src/main/res/drawable-nodpi/powder_barrel_impact_09.png,projectiles,image,png,235x241,yes,nodpi,runtime_candidate,copy_or_process
app/src/main/res/drawable-nodpi/powder_barrel_impact_10.png,projectiles,image,png,235x241,yes,nodpi,runtime_candidate,copy_or_process
app/src/main/res/drawable-nodpi/powder_barrel_impact_11.png,projectiles,image,png,235x241,yes,nodpi,runtime_candidate,copy_or_process
app/src/main/res/drawable-nodpi/powder_barrel_impact_12.png,projectiles,image,png,235x241,yes,nodpi,runtime_candidate,copy_or_process
app/src/main/res/drawable-nodpi/powder_barrel_impact_13.png,projectiles,image,png,235x241,yes,nodpi,runtime_candidate,copy_or_process
app/src/main/res/drawable-nodpi/powder_barrel_impact_14.png,projectiles,image,png,235x241,yes,nodpi,runtime_candidate,copy_or_process
app/src/main/res/drawable-nodpi/powder_barrel_impact_15.png,projectiles,image,png,235x241,yes,nodpi,runtime_candidate,copy_or_process
app/src/main/res/drawable-nodpi/powder_barrel_impact_16.png,projectiles,image,png,235x241,yes,nodpi,runtime_candidate,copy_or_process
app/src/main/res/drawable-nodpi/powder_barrel_impact_17.png,projectiles,image,png,235x241,yes,nodpi,runtime_candidate,copy_or_process
app/src/main/res/drawable-nodpi/powder_barrel_impact_18.png,projectiles,image,png,235x241,yes,nodpi,runtime_candidate,copy_or_process
app/src/main/res/drawable-nodpi/powder_barrel_impact_19.png,projectiles,image,png,235x241,yes,nodpi,runtime_candidate,copy_or_process
app/src/main/res/drawable-nodpi/powder_barrel_impact_20.png,projectiles,image,png,235x241,yes,nodpi,runtime_candidate,copy_or_process
app/src/main/res/drawable-nodpi/powder_barrel_impact_21.png,projectiles,image,png,235x241,yes,nodpi,runtime_candidate,copy_or_process
app/src/main/res/drawable-nodpi/powder_barrel_impact_22.png,projectiles,image,png,235x241,yes,nodpi,runtime_candidate,copy_or_process
app/src/main/res/drawable-nodpi/powder_barrel_impact_23.png,projectiles,image,png,235x241,yes,nodpi,runtime_candidate,copy_or_process
app/src/main/res/drawable-nodpi/powder_barrel_impact_24.png,projectiles,image,png,235x241,yes,nodpi,runtime_candidate,copy_or_process
app/src/main/res/drawable-nodpi/powder_barrel_impact_25.png,projectiles,image,png,235x241,yes,nodpi,runtime_candidate,copy_or_process
app/src/main/res/drawable-nodpi/powder_barrel_impact_26.png,projectiles,image,png,235x241,yes,nodpi,runtime_candidate,copy_or_process
app/src/main/res/drawable-nodpi/powder_barrel_impact_27.png,projectiles,image,png,235x241,yes,nodpi,runtime_candidate,copy_or_process
app/src/main/res/drawable-nodpi/powder_barrel_impact_28.png,projectiles,image,png,235x241,yes,nodpi,runtime_candidate,copy_or_process
app/src/main/res/drawable-nodpi/powder_barrel_impact_29.png,projectiles,image,png,235x241,yes,nodpi,runtime_candidate,copy_or_process
app/src/main/res/drawable-nodpi/powder_barrel_impact_30.png,projectiles,image,png,235x241,yes,nodpi,runtime_candidate,copy_or_process
app/src/main/res/drawable-nodpi/powder_barrel_impact_31.png,projectiles,image,png,235x241,yes,nodpi,runtime_candidate,copy_or_process
app/src/main/res/drawable-nodpi/restart_icon.png,ui,image,png,1063x1187,yes,nodpi,runtime_candidate,copy_or_process
app/src/main/res/drawable-nodpi/rock_flight_00.png,projectiles,image,png,149x149,yes,nodpi,runtime_candidate,copy_or_process
app/src/main/res/drawable-nodpi/rock_flight_01.png,projectiles,image,png,149x149,yes,nodpi,runtime_candidate,copy_or_process
app/src/main/res/drawable-nodpi/rock_flight_02.png,projectiles,image,png,149x149,yes,nodpi,runtime_candidate,copy_or_process
app/src/main/res/drawable-nodpi/rock_flight_03.png,projectiles,image,png,149x149,yes,nodpi,runtime_candidate,copy_or_process
app/src/main/res/drawable-nodpi/rock_flight_04.png,projectiles,image,png,149x149,yes,nodpi,runtime_candidate,copy_or_process
app/src/main/res/drawable-nodpi/rock_flight_05.png,projectiles,image,png,149x149,yes,nodpi,runtime_candidate,copy_or_process
app/src/main/res/drawable-nodpi/rock_flight_06.png,projectiles,image,png,149x149,yes,nodpi,runtime_candidate,copy_or_process
app/src/main/res/drawable-nodpi/rock_flight_07.png,projectiles,image,png,149x149,yes,nodpi,runtime_candidate,copy_or_process
app/src/main/res/drawable-nodpi/rock_flight_08.png,projectiles,image,png,149x149,yes,nodpi,runtime_candidate,copy_or_process
app/src/main/res/drawable-nodpi/rock_flight_09.png,projectiles,image,png,149x149,yes,nodpi,runtime_candidate,copy_or_process
app/src/main/res/drawable-nodpi/rock_flight_10.png,projectiles,image,png,149x149,yes,nodpi,runtime_candidate,copy_or_process
app/src/main/res/drawable-nodpi/rock_flight_11.png,projectiles,image,png,149x149,yes,nodpi,runtime_candidate,copy_or_process
app/src/main/res/drawable-nodpi/rock_flight_12.png,projectiles,image,png,149x149,yes,nodpi,runtime_candidate,copy_or_process
app/src/main/res/drawable-nodpi/rock_flight_13.png,projectiles,image,png,149x149,yes,nodpi,runtime_candidate,copy_or_process
app/src/main/res/drawable-nodpi/rock_flight_14.png,projectiles,image,png,149x149,yes,nodpi,runtime_candidate,copy_or_process
app/src/main/res/drawable-nodpi/rock_flight_15.png,projectiles,image,png,149x149,yes,nodpi,runtime_candidate,copy_or_process
app/src/main/res/drawable-nodpi/rock_flight_16.png,projectiles,image,png,149x149,yes,nodpi,runtime_candidate,copy_or_process
app/src/main/res/drawable-nodpi/rock_flight_17.png,projectiles,image,png,149x149,yes,nodpi,runtime_candidate,copy_or_process
app/src/main/res/drawable-nodpi/rock_flight_18.png,projectiles,image,png,149x149,yes,nodpi,runtime_candidate,copy_or_process
app/src/main/res/drawable-nodpi/rock_flight_19.png,projectiles,image,png,149x149,yes,nodpi,runtime_candidate,copy_or_process
app/src/main/res/drawable-nodpi/rock_flight_20.png,projectiles,image,png,149x149,yes,nodpi,runtime_candidate,copy_or_process
app/src/main/res/drawable-nodpi/rock_flight_21.png,projectiles,image,png,149x149,yes,nodpi,runtime_candidate,copy_or_process
app/src/main/res/drawable-nodpi/rock_flight_22.png,projectiles,image,png,149x149,yes,nodpi,runtime_candidate,copy_or_process
app/src/main/res/drawable-nodpi/rock_flight_23.png,projectiles,image,png,149x149,yes,nodpi,runtime_candidate,copy_or_process
app/src/main/res/drawable-nodpi/rock_flight_24.png,projectiles,image,png,149x149,yes,nodpi,runtime_candidate,copy_or_process
app/src/main/res/drawable-nodpi/rock_flight_25.png,projectiles,image,png,149x149,yes,nodpi,runtime_candidate,copy_or_process
app/src/main/res/drawable-nodpi/rock_flight_26.png,projectiles,image,png,149x149,yes,nodpi,runtime_candidate,copy_or_process
app/src/main/res/drawable-nodpi/rock_flight_27.png,projectiles,image,png,149x149,yes,nodpi,runtime_candidate,copy_or_process
app/src/main/res/drawable-nodpi/rock_flight_28.png,projectiles,image,png,149x149,yes,nodpi,runtime_candidate,copy_or_process
app/src/main/res/drawable-nodpi/rock_flight_29.png,projectiles,image,png,149x149,yes,nodpi,runtime_candidate,copy_or_process
app/src/main/res/drawable-nodpi/rock_flight_30.png,projectiles,image,png,149x149,yes,nodpi,runtime_candidate,copy_or_process
app/src/main/res/drawable-nodpi/rock_flight_31.png,projectiles,image,png,149x149,yes,nodpi,runtime_candidate,copy_or_process
app/src/main/res/drawable-nodpi/rock_impact_00.png,projectiles,image,png,148x137,yes,nodpi,runtime_candidate,copy_or_process
app/src/main/res/drawable-nodpi/rock_impact_01.png,projectiles,image,png,148x137,yes,nodpi,runtime_candidate,copy_or_process
app/src/main/res/drawable-nodpi/rock_impact_02.png,projectiles,image,png,148x137,yes,nodpi,runtime_candidate,copy_or_process
app/src/main/res/drawable-nodpi/rock_impact_03.png,projectiles,image,png,148x137,yes,nodpi,runtime_candidate,copy_or_process
app/src/main/res/drawable-nodpi/rock_impact_04.png,projectiles,image,png,148x137,yes,nodpi,runtime_candidate,copy_or_process
app/src/main/res/drawable-nodpi/rock_impact_05.png,projectiles,image,png,148x137,yes,nodpi,runtime_candidate,copy_or_process
app/src/main/res/drawable-nodpi/rock_impact_06.png,projectiles,image,png,148x137,yes,nodpi,runtime_candidate,copy_or_process
app/src/main/res/drawable-nodpi/rock_impact_07.png,projectiles,image,png,148x137,yes,nodpi,runtime_candidate,copy_or_process
app/src/main/res/drawable-nodpi/rock_impact_08.png,projectiles,image,png,148x137,yes,nodpi,runtime_candidate,copy_or_process
app/src/main/res/drawable-nodpi/rock_impact_09.png,projectiles,image,png,148x137,yes,nodpi,runtime_candidate,copy_or_process
app/src/main/res/drawable-nodpi/rock_impact_10.png,projectiles,image,png,148x137,yes,nodpi,runtime_candidate,copy_or_process
app/src/main/res/drawable-nodpi/rock_impact_11.png,projectiles,image,png,148x137,yes,nodpi,runtime_candidate,copy_or_process
app/src/main/res/drawable-nodpi/rock_impact_12.png,projectiles,image,png,148x137,yes,nodpi,runtime_candidate,copy_or_process
app/src/main/res/drawable-nodpi/rock_impact_13.png,projectiles,image,png,148x137,yes,nodpi,runtime_candidate,copy_or_process
app/src/main/res/drawable-nodpi/rock_impact_14.png,projectiles,image,png,148x137,yes,nodpi,runtime_candidate,copy_or_process
app/src/main/res/drawable-nodpi/rock_impact_15.png,projectiles,image,png,148x137,yes,nodpi,runtime_candidate,copy_or_process
app/src/main/res/drawable-nodpi/rock_impact_16.png,projectiles,image,png,148x137,yes,nodpi,runtime_candidate,copy_or_process
app/src/main/res/drawable-nodpi/rock_impact_17.png,projectiles,image,png,148x137,yes,nodpi,runtime_candidate,copy_or_process
app/src/main/res/drawable-nodpi/rock_impact_18.png,projectiles,image,png,148x137,yes,nodpi,runtime_candidate,copy_or_process
app/src/main/res/drawable-nodpi/rock_impact_19.png,projectiles,image,png,148x137,yes,nodpi,runtime_candidate,copy_or_process
app/src/main/res/drawable-nodpi/rock_impact_20.png,projectiles,image,png,148x137,yes,nodpi,runtime_candidate,copy_or_process
app/src/main/res/drawable-nodpi/rock_impact_21.png,projectiles,image,png,148x137,yes,nodpi,runtime_candidate,copy_or_process
app/src/main/res/drawable-nodpi/rock_impact_22.png,projectiles,image,png,148x137,yes,nodpi,runtime_candidate,copy_or_process
app/src/main/res/drawable-nodpi/rock_impact_23.png,projectiles,image,png,148x137,yes,nodpi,runtime_candidate,copy_or_process
app/src/main/res/drawable-nodpi/rock_impact_24.png,projectiles,image,png,148x137,yes,nodpi,runtime_candidate,copy_or_process
app/src/main/res/drawable-nodpi/rock_impact_25.png,projectiles,image,png,148x137,yes,nodpi,runtime_candidate,copy_or_process
app/src/main/res/drawable-nodpi/rock_impact_26.png,projectiles,image,png,148x137,yes,nodpi,runtime_candidate,copy_or_process
app/src/main/res/drawable-nodpi/rock_impact_27.png,projectiles,image,png,148x137,yes,nodpi,runtime_candidate,copy_or_process
app/src/main/res/drawable-nodpi/rock_impact_28.png,projectiles,image,png,148x137,yes,nodpi,runtime_candidate,copy_or_process
app/src/main/res/drawable-nodpi/rock_impact_29.png,projectiles,image,png,148x137,yes,nodpi,runtime_candidate,copy_or_process
app/src/main/res/drawable-nodpi/rock_impact_30.png,projectiles,image,png,148x137,yes,nodpi,runtime_candidate,copy_or_process
app/src/main/res/drawable-nodpi/rock_impact_31.png,projectiles,image,png,148x137,yes,nodpi,runtime_candidate,copy_or_process
app/src/main/res/drawable-nodpi/runic_bastion_flight_00.png,spells,image,png,226x225,yes,nodpi,runtime_candidate,copy_or_process
app/src/main/res/drawable-nodpi/runic_bastion_flight_01.png,spells,image,png,226x225,yes,nodpi,runtime_candidate,copy_or_process
app/src/main/res/drawable-nodpi/runic_bastion_flight_02.png,spells,image,png,226x225,yes,nodpi,runtime_candidate,copy_or_process
app/src/main/res/drawable-nodpi/runic_bastion_flight_03.png,spells,image,png,226x225,yes,nodpi,runtime_candidate,copy_or_process
app/src/main/res/drawable-nodpi/runic_bastion_flight_04.png,spells,image,png,226x225,yes,nodpi,runtime_candidate,copy_or_process
app/src/main/res/drawable-nodpi/runic_bastion_flight_05.png,spells,image,png,226x225,yes,nodpi,runtime_candidate,copy_or_process
app/src/main/res/drawable-nodpi/runic_bastion_flight_06.png,spells,image,png,226x225,yes,nodpi,runtime_candidate,copy_or_process
app/src/main/res/drawable-nodpi/runic_bastion_flight_07.png,spells,image,png,226x225,yes,nodpi,runtime_candidate,copy_or_process
app/src/main/res/drawable-nodpi/runic_bastion_flight_08.png,spells,image,png,226x225,yes,nodpi,runtime_candidate,copy_or_process
app/src/main/res/drawable-nodpi/runic_bastion_flight_09.png,spells,image,png,226x225,yes,nodpi,runtime_candidate,copy_or_process
app/src/main/res/drawable-nodpi/runic_bastion_flight_10.png,spells,image,png,226x225,yes,nodpi,runtime_candidate,copy_or_process
app/src/main/res/drawable-nodpi/runic_bastion_flight_11.png,spells,image,png,226x225,yes,nodpi,runtime_candidate,copy_or_process
app/src/main/res/drawable-nodpi/runic_bastion_flight_12.png,spells,image,png,226x225,yes,nodpi,runtime_candidate,copy_or_process
app/src/main/res/drawable-nodpi/runic_bastion_flight_13.png,spells,image,png,226x225,yes,nodpi,runtime_candidate,copy_or_process
app/src/main/res/drawable-nodpi/runic_bastion_flight_14.png,spells,image,png,226x225,yes,nodpi,runtime_candidate,copy_or_process
app/src/main/res/drawable-nodpi/runic_bastion_flight_15.png,spells,image,png,226x225,yes,nodpi,runtime_candidate,copy_or_process
app/src/main/res/drawable-nodpi/runic_bastion_flight_16.png,spells,image,png,226x225,yes,nodpi,runtime_candidate,copy_or_process
app/src/main/res/drawable-nodpi/runic_bastion_flight_17.png,spells,image,png,226x225,yes,nodpi,runtime_candidate,copy_or_process
app/src/main/res/drawable-nodpi/runic_bastion_flight_18.png,spells,image,png,226x225,yes,nodpi,runtime_candidate,copy_or_process
app/src/main/res/drawable-nodpi/runic_bastion_flight_19.png,spells,image,png,226x225,yes,nodpi,runtime_candidate,copy_or_process
app/src/main/res/drawable-nodpi/runic_bastion_flight_20.png,spells,image,png,226x225,yes,nodpi,runtime_candidate,copy_or_process
app/src/main/res/drawable-nodpi/runic_bastion_flight_21.png,spells,image,png,226x225,yes,nodpi,runtime_candidate,copy_or_process
app/src/main/res/drawable-nodpi/runic_bastion_flight_22.png,spells,image,png,226x225,yes,nodpi,runtime_candidate,copy_or_process
app/src/main/res/drawable-nodpi/runic_bastion_flight_23.png,spells,image,png,226x225,yes,nodpi,runtime_candidate,copy_or_process
app/src/main/res/drawable-nodpi/runic_bastion_flight_24.png,spells,image,png,226x225,yes,nodpi,runtime_candidate,copy_or_process
app/src/main/res/drawable-nodpi/runic_bastion_flight_25.png,spells,image,png,226x225,yes,nodpi,runtime_candidate,copy_or_process
app/src/main/res/drawable-nodpi/runic_bastion_flight_26.png,spells,image,png,226x225,yes,nodpi,runtime_candidate,copy_or_process
app/src/main/res/drawable-nodpi/runic_bastion_flight_27.png,spells,image,png,226x225,yes,nodpi,runtime_candidate,copy_or_process
app/src/main/res/drawable-nodpi/runic_bastion_flight_28.png,spells,image,png,226x225,yes,nodpi,runtime_candidate,copy_or_process
app/src/main/res/drawable-nodpi/runic_bastion_flight_29.png,spells,image,png,226x225,yes,nodpi,runtime_candidate,copy_or_process
app/src/main/res/drawable-nodpi/runic_bastion_flight_30.png,spells,image,png,226x225,yes,nodpi,runtime_candidate,copy_or_process
app/src/main/res/drawable-nodpi/runic_bastion_flight_31.png,spells,image,png,226x225,yes,nodpi,runtime_candidate,copy_or_process
app/src/main/res/drawable-nodpi/runic_bastion_icon.png,spells,image,png,512x512,yes,nodpi,runtime_candidate,copy_or_process
app/src/main/res/drawable-nodpi/sapper_icon.png,units,image,png,1254x1254,yes,nodpi,runtime_candidate,copy_or_process
app/src/main/res/drawable-nodpi/sapper_left.png,units,image,png,413x513,yes,nodpi,runtime_candidate,copy_or_process
app/src/main/res/drawable-nodpi/sapper_left_anim_00.png,units,image,png,279x231,yes,nodpi,runtime_candidate,copy_or_process
app/src/main/res/drawable-nodpi/sapper_left_anim_01.png,units,image,png,301x237,yes,nodpi,runtime_candidate,copy_or_process
app/src/main/res/drawable-nodpi/sapper_left_anim_02.png,units,image,png,288x237,yes,nodpi,runtime_candidate,copy_or_process
app/src/main/res/drawable-nodpi/sapper_left_anim_03.png,units,image,png,266x228,yes,nodpi,runtime_candidate,copy_or_process
app/src/main/res/drawable-nodpi/sapper_left_anim_04.png,units,image,png,271x237,yes,nodpi,runtime_candidate,copy_or_process
app/src/main/res/drawable-nodpi/sapper_left_anim_05.png,units,image,png,284x229,yes,nodpi,runtime_candidate,copy_or_process
app/src/main/res/drawable-nodpi/sapper_left_anim_06.png,units,image,png,282x238,yes,nodpi,runtime_candidate,copy_or_process
app/src/main/res/drawable-nodpi/sapper_left_anim_07.png,units,image,png,279x225,yes,nodpi,runtime_candidate,copy_or_process
app/src/main/res/drawable-nodpi/sapper_left_anim_08.png,units,image,png,294x225,yes,nodpi,runtime_candidate,copy_or_process
app/src/main/res/drawable-nodpi/sapper_left_anim_09.png,units,image,png,276x219,yes,nodpi,runtime_candidate,copy_or_process
app/src/main/res/drawable-nodpi/sapper_left_anim_10.png,units,image,png,282x230,yes,nodpi,runtime_candidate,copy_or_process
app/src/main/res/drawable-nodpi/sapper_left_anim_11.png,units,image,png,269x227,yes,nodpi,runtime_candidate,copy_or_process
app/src/main/res/drawable-nodpi/sapper_left_anim_12.png,units,image,png,280x224,yes,nodpi,runtime_candidate,copy_or_process
app/src/main/res/drawable-nodpi/sapper_left_anim_13.png,units,image,png,266x223,yes,nodpi,runtime_candidate,copy_or_process
app/src/main/res/drawable-nodpi/sapper_left_anim_14.png,units,image,png,278x221,yes,nodpi,runtime_candidate,copy_or_process
app/src/main/res/drawable-nodpi/sapper_right.png,units,image,png,450x536,yes,nodpi,runtime_candidate,copy_or_process
app/src/main/res/drawable-nodpi/sapper_right_anim_00.png,units,image,png,287x238,yes,nodpi,runtime_candidate,copy_or_process
app/src/main/res/drawable-nodpi/sapper_right_anim_01.png,units,image,png,288x235,yes,nodpi,runtime_candidate,copy_or_process
app/src/main/res/drawable-nodpi/sapper_right_anim_02.png,units,image,png,304x238,yes,nodpi,runtime_candidate,copy_or_process
app/src/main/res/drawable-nodpi/sapper_right_anim_03.png,units,image,png,320x241,yes,nodpi,runtime_candidate,copy_or_process
app/src/main/res/drawable-nodpi/sapper_right_anim_04.png,units,image,png,293x241,yes,nodpi,runtime_candidate,copy_or_process
app/src/main/res/drawable-nodpi/sapper_right_anim_05.png,units,image,png,299x242,yes,nodpi,runtime_candidate,copy_or_process
app/src/main/res/drawable-nodpi/sapper_right_anim_06.png,units,image,png,293x242,yes,nodpi,runtime_candidate,copy_or_process
app/src/main/res/drawable-nodpi/sapper_right_anim_07.png,units,image,png,311x242,yes,nodpi,runtime_candidate,copy_or_process
app/src/main/res/drawable-nodpi/sapper_right_anim_08.png,units,image,png,300x242,yes,nodpi,runtime_candidate,copy_or_process
app/src/main/res/drawable-nodpi/sapper_right_anim_09.png,units,image,png,290x242,yes,nodpi,runtime_candidate,copy_or_process
app/src/main/res/drawable-nodpi/sapper_right_anim_10.png,units,image,png,284x241,yes,nodpi,runtime_candidate,copy_or_process
app/src/main/res/drawable-nodpi/sapper_right_anim_11.png,units,image,png,295x241,yes,nodpi,runtime_candidate,copy_or_process
app/src/main/res/drawable-nodpi/sapper_right_anim_12.png,units,image,png,284x241,yes,nodpi,runtime_candidate,copy_or_process
app/src/main/res/drawable-nodpi/sapper_right_anim_13.png,units,image,png,294x241,yes,nodpi,runtime_candidate,copy_or_process
app/src/main/res/drawable-nodpi/sapper_right_anim_14.png,units,image,png,298x241,yes,nodpi,runtime_candidate,copy_or_process
app/src/main/res/drawable-nodpi/send_wave.png,unclassified,image,png,1254x1254,yes,nodpi,runtime_candidate,review
app/src/main/res/drawable-nodpi/send_wave_icon.png,ui,image,png,1254x1254,yes,nodpi,runtime_candidate,copy_or_process
app/src/main/res/drawable-nodpi/shield.png,unclassified,image,png,1516x713,yes,nodpi,runtime_candidate,review
app/src/main/res/drawable-nodpi/shield_icon.png,ui,image,png,512x512,yes,nodpi,runtime_candidate,copy_or_process
app/src/main/res/drawable-nodpi/shop_background.png,backgrounds,image,png,1672x941,no,nodpi,runtime_candidate,copy_or_process
app/src/main/res/drawable-nodpi/siege_bomb_flight_00.png,projectiles,image,png,138x158,yes,nodpi,runtime_candidate,copy_or_process
app/src/main/res/drawable-nodpi/siege_bomb_flight_01.png,projectiles,image,png,138x158,yes,nodpi,runtime_candidate,copy_or_process
app/src/main/res/drawable-nodpi/siege_bomb_flight_02.png,projectiles,image,png,138x158,yes,nodpi,runtime_candidate,copy_or_process
app/src/main/res/drawable-nodpi/siege_bomb_flight_03.png,projectiles,image,png,138x158,yes,nodpi,runtime_candidate,copy_or_process
app/src/main/res/drawable-nodpi/siege_bomb_flight_04.png,projectiles,image,png,138x158,yes,nodpi,runtime_candidate,copy_or_process
app/src/main/res/drawable-nodpi/siege_bomb_flight_05.png,projectiles,image,png,138x158,yes,nodpi,runtime_candidate,copy_or_process
app/src/main/res/drawable-nodpi/siege_bomb_flight_06.png,projectiles,image,png,138x158,yes,nodpi,runtime_candidate,copy_or_process
app/src/main/res/drawable-nodpi/siege_bomb_flight_07.png,projectiles,image,png,138x158,yes,nodpi,runtime_candidate,copy_or_process
app/src/main/res/drawable-nodpi/siege_bomb_flight_08.png,projectiles,image,png,138x158,yes,nodpi,runtime_candidate,copy_or_process
app/src/main/res/drawable-nodpi/siege_bomb_flight_09.png,projectiles,image,png,138x158,yes,nodpi,runtime_candidate,copy_or_process
app/src/main/res/drawable-nodpi/siege_bomb_flight_10.png,projectiles,image,png,138x158,yes,nodpi,runtime_candidate,copy_or_process
app/src/main/res/drawable-nodpi/siege_bomb_flight_11.png,projectiles,image,png,138x158,yes,nodpi,runtime_candidate,copy_or_process
app/src/main/res/drawable-nodpi/siege_bomb_flight_12.png,projectiles,image,png,138x158,yes,nodpi,runtime_candidate,copy_or_process
app/src/main/res/drawable-nodpi/siege_bomb_flight_13.png,projectiles,image,png,138x158,yes,nodpi,runtime_candidate,copy_or_process
app/src/main/res/drawable-nodpi/siege_bomb_flight_14.png,projectiles,image,png,138x158,yes,nodpi,runtime_candidate,copy_or_process
app/src/main/res/drawable-nodpi/siege_bomb_flight_15.png,projectiles,image,png,138x158,yes,nodpi,runtime_candidate,copy_or_process
app/src/main/res/drawable-nodpi/siege_bomb_flight_16.png,projectiles,image,png,138x158,yes,nodpi,runtime_candidate,copy_or_process
app/src/main/res/drawable-nodpi/siege_bomb_flight_17.png,projectiles,image,png,138x158,yes,nodpi,runtime_candidate,copy_or_process
app/src/main/res/drawable-nodpi/siege_bomb_flight_18.png,projectiles,image,png,138x158,yes,nodpi,runtime_candidate,copy_or_process
app/src/main/res/drawable-nodpi/siege_bomb_flight_19.png,projectiles,image,png,138x158,yes,nodpi,runtime_candidate,copy_or_process
app/src/main/res/drawable-nodpi/siege_bomb_flight_20.png,projectiles,image,png,138x158,yes,nodpi,runtime_candidate,copy_or_process
app/src/main/res/drawable-nodpi/siege_bomb_flight_21.png,projectiles,image,png,138x158,yes,nodpi,runtime_candidate,copy_or_process
app/src/main/res/drawable-nodpi/siege_bomb_flight_22.png,projectiles,image,png,138x158,yes,nodpi,runtime_candidate,copy_or_process
app/src/main/res/drawable-nodpi/siege_bomb_flight_23.png,projectiles,image,png,138x158,yes,nodpi,runtime_candidate,copy_or_process
app/src/main/res/drawable-nodpi/siege_bomb_flight_24.png,projectiles,image,png,138x158,yes,nodpi,runtime_candidate,copy_or_process
app/src/main/res/drawable-nodpi/siege_bomb_flight_25.png,projectiles,image,png,138x158,yes,nodpi,runtime_candidate,copy_or_process
app/src/main/res/drawable-nodpi/siege_bomb_flight_26.png,projectiles,image,png,138x158,yes,nodpi,runtime_candidate,copy_or_process
app/src/main/res/drawable-nodpi/siege_bomb_flight_27.png,projectiles,image,png,138x158,yes,nodpi,runtime_candidate,copy_or_process
app/src/main/res/drawable-nodpi/siege_bomb_flight_28.png,projectiles,image,png,138x158,yes,nodpi,runtime_candidate,copy_or_process
app/src/main/res/drawable-nodpi/siege_bomb_flight_29.png,projectiles,image,png,138x158,yes,nodpi,runtime_candidate,copy_or_process
app/src/main/res/drawable-nodpi/siege_bomb_flight_30.png,projectiles,image,png,138x158,yes,nodpi,runtime_candidate,copy_or_process
app/src/main/res/drawable-nodpi/siege_bomb_flight_31.png,projectiles,image,png,138x158,yes,nodpi,runtime_candidate,copy_or_process
app/src/main/res/drawable-nodpi/siege_bomb_impact_00.png,projectiles,image,png,248x181,yes,nodpi,runtime_candidate,copy_or_process
app/src/main/res/drawable-nodpi/siege_bomb_impact_01.png,projectiles,image,png,248x181,yes,nodpi,runtime_candidate,copy_or_process
app/src/main/res/drawable-nodpi/siege_bomb_impact_02.png,projectiles,image,png,248x181,yes,nodpi,runtime_candidate,copy_or_process
app/src/main/res/drawable-nodpi/siege_bomb_impact_03.png,projectiles,image,png,248x181,yes,nodpi,runtime_candidate,copy_or_process
app/src/main/res/drawable-nodpi/siege_bomb_impact_04.png,projectiles,image,png,248x181,yes,nodpi,runtime_candidate,copy_or_process
app/src/main/res/drawable-nodpi/siege_bomb_impact_05.png,projectiles,image,png,248x181,yes,nodpi,runtime_candidate,copy_or_process
app/src/main/res/drawable-nodpi/siege_bomb_impact_06.png,projectiles,image,png,248x181,yes,nodpi,runtime_candidate,copy_or_process
app/src/main/res/drawable-nodpi/siege_bomb_impact_07.png,projectiles,image,png,248x181,yes,nodpi,runtime_candidate,copy_or_process
app/src/main/res/drawable-nodpi/siege_bomb_impact_08.png,projectiles,image,png,248x181,yes,nodpi,runtime_candidate,copy_or_process
app/src/main/res/drawable-nodpi/siege_bomb_impact_09.png,projectiles,image,png,248x181,yes,nodpi,runtime_candidate,copy_or_process
app/src/main/res/drawable-nodpi/siege_bomb_impact_10.png,projectiles,image,png,248x181,yes,nodpi,runtime_candidate,copy_or_process
app/src/main/res/drawable-nodpi/siege_bomb_impact_11.png,projectiles,image,png,248x181,yes,nodpi,runtime_candidate,copy_or_process
app/src/main/res/drawable-nodpi/siege_bomb_impact_12.png,projectiles,image,png,248x181,yes,nodpi,runtime_candidate,copy_or_process
app/src/main/res/drawable-nodpi/siege_bomb_impact_13.png,projectiles,image,png,248x181,yes,nodpi,runtime_candidate,copy_or_process
app/src/main/res/drawable-nodpi/siege_bomb_impact_14.png,projectiles,image,png,248x181,yes,nodpi,runtime_candidate,copy_or_process
app/src/main/res/drawable-nodpi/siege_bomb_impact_15.png,projectiles,image,png,248x181,yes,nodpi,runtime_candidate,copy_or_process
app/src/main/res/drawable-nodpi/siege_bomb_impact_16.png,projectiles,image,png,248x181,yes,nodpi,runtime_candidate,copy_or_process
app/src/main/res/drawable-nodpi/siege_bomb_impact_17.png,projectiles,image,png,248x181,yes,nodpi,runtime_candidate,copy_or_process
app/src/main/res/drawable-nodpi/siege_bomb_impact_18.png,projectiles,image,png,248x181,yes,nodpi,runtime_candidate,copy_or_process
app/src/main/res/drawable-nodpi/siege_bomb_impact_19.png,projectiles,image,png,248x181,yes,nodpi,runtime_candidate,copy_or_process
app/src/main/res/drawable-nodpi/siege_bomb_impact_20.png,projectiles,image,png,248x181,yes,nodpi,runtime_candidate,copy_or_process
app/src/main/res/drawable-nodpi/siege_bomb_impact_21.png,projectiles,image,png,248x181,yes,nodpi,runtime_candidate,copy_or_process
app/src/main/res/drawable-nodpi/siege_bomb_impact_22.png,projectiles,image,png,248x181,yes,nodpi,runtime_candidate,copy_or_process
app/src/main/res/drawable-nodpi/siege_bomb_impact_23.png,projectiles,image,png,248x181,yes,nodpi,runtime_candidate,copy_or_process
app/src/main/res/drawable-nodpi/siege_bomb_impact_24.png,projectiles,image,png,248x181,yes,nodpi,runtime_candidate,copy_or_process
app/src/main/res/drawable-nodpi/siege_bomb_impact_25.png,projectiles,image,png,248x181,yes,nodpi,runtime_candidate,copy_or_process
app/src/main/res/drawable-nodpi/siege_bomb_impact_26.png,projectiles,image,png,248x181,yes,nodpi,runtime_candidate,copy_or_process
app/src/main/res/drawable-nodpi/siege_bomb_impact_27.png,projectiles,image,png,248x181,yes,nodpi,runtime_candidate,copy_or_process
app/src/main/res/drawable-nodpi/siege_bomb_impact_28.png,projectiles,image,png,248x181,yes,nodpi,runtime_candidate,copy_or_process
app/src/main/res/drawable-nodpi/siege_bomb_impact_29.png,projectiles,image,png,248x181,yes,nodpi,runtime_candidate,copy_or_process
app/src/main/res/drawable-nodpi/siege_bomb_impact_30.png,projectiles,image,png,248x181,yes,nodpi,runtime_candidate,copy_or_process
app/src/main/res/drawable-nodpi/siege_bomb_impact_31.png,projectiles,image,png,248x181,yes,nodpi,runtime_candidate,copy_or_process
app/src/main/res/drawable-nodpi/siege_frenzy_icon.png,ui,image,png,512x512,yes,nodpi,runtime_candidate,copy_or_process
app/src/main/res/drawable-nodpi/slowing_field_icon.png,ui,image,png,512x512,yes,nodpi,runtime_candidate,copy_or_process
app/src/main/res/drawable-nodpi/status_banner_left.png,spells,image,png,1000x700,yes,nodpi,runtime_candidate,copy_or_process
app/src/main/res/drawable-nodpi/status_banner_right.png,spells,image,png,1000x700,yes,nodpi,runtime_candidate,copy_or_process
app/src/main/res/drawable-nodpi/stone_skin_icon.png,spells,image,png,512x512,yes,nodpi,runtime_candidate,copy_or_process
app/src/main/res/drawable-nodpi/terrain_ashen_march_cap.png,terrain,image,png,384x72,yes,nodpi,runtime_candidate,copy_or_process
app/src/main/res/drawable-nodpi/terrain_ashen_march_prop_00.png,terrain,image,png,512x512,yes,nodpi,runtime_candidate,copy_or_process
app/src/main/res/drawable-nodpi/terrain_ashen_march_prop_01.png,terrain,image,png,512x512,yes,nodpi,runtime_candidate,copy_or_process
app/src/main/res/drawable-nodpi/terrain_ashen_march_prop_02.png,terrain,image,png,512x512,yes,nodpi,runtime_candidate,copy_or_process
app/src/main/res/drawable-nodpi/terrain_ashen_march_prop_03.png,terrain,image,png,512x512,yes,nodpi,runtime_candidate,copy_or_process
app/src/main/res/drawable-nodpi/terrain_ashen_march_prop_04.png,terrain,image,png,512x512,yes,nodpi,runtime_candidate,copy_or_process
app/src/main/res/drawable-nodpi/terrain_ashen_march_prop_05.png,terrain,image,png,512x512,yes,nodpi,runtime_candidate,copy_or_process
app/src/main/res/drawable-nodpi/terrain_ashen_march_prop_06.png,terrain,image,png,512x512,yes,nodpi,runtime_candidate,copy_or_process
app/src/main/res/drawable-nodpi/terrain_ashen_march_prop_07.png,terrain,image,png,512x512,yes,nodpi,runtime_candidate,copy_or_process
app/src/main/res/drawable-nodpi/terrain_ashen_march_relic_01_burned_goblin_helmet.png,terrain,image,png,512x512,yes,nodpi,runtime_candidate,copy_or_process
app/src/main/res/drawable-nodpi/terrain_ashen_march_relic_02_burned_spoon.png,terrain,image,png,512x512,yes,nodpi,runtime_candidate,copy_or_process
app/src/main/res/drawable-nodpi/terrain_ashen_march_relic_03_cracked_ash_bottle.png,terrain,image,png,512x512,yes,nodpi,runtime_candidate,copy_or_process
app/src/main/res/drawable-nodpi/terrain_ashen_march_relic_04_charred_tower_bone.png,terrain,image,png,512x512,yes,nodpi,runtime_candidate,copy_or_process
app/src/main/res/drawable-nodpi/terrain_ashen_march_relic_05_melted_paw_coin.png,terrain,image,png,512x512,yes,nodpi,runtime_candidate,copy_or_process
app/src/main/res/drawable-nodpi/terrain_ashen_march_relic_06_cart_wheel_fragment.png,terrain,image,png,512x512,yes,nodpi,runtime_candidate,copy_or_process
app/src/main/res/drawable-nodpi/terrain_ashen_march_relic_07_extinguished_candle.png,terrain,image,png,512x512,yes,nodpi,runtime_candidate,copy_or_process
app/src/main/res/drawable-nodpi/terrain_ashen_march_relic_08_burned_glove.png,terrain,image,png,512x512,yes,nodpi,runtime_candidate,copy_or_process
app/src/main/res/drawable-nodpi/terrain_ashen_march_relic_09_charred_carrot.png,terrain,image,png,512x512,yes,nodpi,runtime_candidate,copy_or_process
app/src/main/res/drawable-nodpi/terrain_ashen_march_relic_10_empty_ash_pot.png,terrain,image,png,512x512,yes,nodpi,runtime_candidate,copy_or_process
app/src/main/res/drawable-nodpi/terrain_ashen_march_rock_00.png,terrain,image,png,512x512,yes,nodpi,runtime_candidate,copy_or_process
app/src/main/res/drawable-nodpi/terrain_ashen_march_rock_01.png,terrain,image,png,512x512,yes,nodpi,runtime_candidate,copy_or_process
app/src/main/res/drawable-nodpi/terrain_ashen_march_rock_02.png,terrain,image,png,512x512,yes,nodpi,runtime_candidate,copy_or_process
app/src/main/res/drawable-nodpi/terrain_ashen_march_rock_03.png,terrain,image,png,512x512,yes,nodpi,runtime_candidate,copy_or_process
app/src/main/res/drawable-nodpi/terrain_ashen_march_rock_04.png,terrain,image,png,512x512,yes,nodpi,runtime_candidate,copy_or_process
app/src/main/res/drawable-nodpi/terrain_ashen_march_rock_05.png,terrain,image,png,512x512,yes,nodpi,runtime_candidate,copy_or_process
app/src/main/res/drawable-nodpi/terrain_ashen_march_soil_fill_00.png,terrain,image,png,1024x1024,yes,nodpi,runtime_candidate,copy_or_process
app/src/main/res/drawable-nodpi/terrain_ashen_march_tree_00.png,terrain,image,png,768x768,yes,nodpi,runtime_candidate,copy_or_process
app/src/main/res/drawable-nodpi/terrain_ashen_march_tree_01.png,terrain,image,png,768x768,yes,nodpi,runtime_candidate,copy_or_process
app/src/main/res/drawable-nodpi/terrain_ashen_march_tree_02.png,terrain,image,png,768x768,yes,nodpi,runtime_candidate,copy_or_process
app/src/main/res/drawable-nodpi/terrain_ashen_march_tree_03.png,terrain,image,png,768x768,yes,nodpi,runtime_candidate,copy_or_process
app/src/main/res/drawable-nodpi/terrain_ashen_march_tree_04.png,terrain,image,png,768x768,yes,nodpi,runtime_candidate,copy_or_process
app/src/main/res/drawable-nodpi/terrain_ashen_march_tree_05.png,terrain,image,png,768x768,yes,nodpi,runtime_candidate,copy_or_process
app/src/main/res/drawable-nodpi/terrain_copperwood_cap.png,terrain,image,png,384x72,yes,nodpi,runtime_candidate,copy_or_process
app/src/main/res/drawable-nodpi/terrain_copperwood_detail_01_copper_coin.png,terrain,image,png,512x512,yes,nodpi,runtime_candidate,copy_or_process
app/src/main/res/drawable-nodpi/terrain_copperwood_detail_02_metal_acorn.png,terrain,image,png,512x512,yes,nodpi,runtime_candidate,copy_or_process
app/src/main/res/drawable-nodpi/terrain_copperwood_detail_03_orc_wooden_spoon.png,terrain,image,png,512x512,yes,nodpi,runtime_candidate,copy_or_process
app/src/main/res/drawable-nodpi/terrain_copperwood_detail_04_cracked_leaf_cup.png,terrain,image,png,512x512,yes,nodpi,runtime_candidate,copy_or_process
app/src/main/res/drawable-nodpi/terrain_copperwood_detail_05_deer_skull.png,terrain,image,png,512x512,yes,nodpi,runtime_candidate,copy_or_process
app/src/main/res/drawable-nodpi/terrain_copperwood_detail_06_caped_leaf.png,terrain,image,png,512x512,yes,nodpi,runtime_candidate,copy_or_process
app/src/main/res/drawable-nodpi/terrain_copperwood_detail_07_dwarven_key.png,terrain,image,png,512x512,yes,nodpi,runtime_candidate,copy_or_process
app/src/main/res/drawable-nodpi/terrain_copperwood_detail_08_pawprint_stone.png,terrain,image,png,512x512,yes,nodpi,runtime_candidate,copy_or_process
app/src/main/res/drawable-nodpi/terrain_copperwood_detail_09_blank_cracked_plaque.png,terrain,image,png,512x512,yes,nodpi,runtime_candidate,copy_or_process
app/src/main/res/drawable-nodpi/terrain_copperwood_detail_10_neutral_buried_detail.png,terrain,image,png,512x512,yes,nodpi,runtime_candidate,copy_or_process
app/src/main/res/drawable-nodpi/terrain_copperwood_prop_00.png,terrain,image,png,1536x1536,yes,nodpi,runtime_candidate,copy_or_process
app/src/main/res/drawable-nodpi/terrain_copperwood_prop_01.png,terrain,image,png,1536x1536,yes,nodpi,runtime_candidate,copy_or_process
app/src/main/res/drawable-nodpi/terrain_copperwood_prop_02.png,terrain,image,png,1536x1536,yes,nodpi,runtime_candidate,copy_or_process
app/src/main/res/drawable-nodpi/terrain_copperwood_prop_03.png,terrain,image,png,1536x1536,yes,nodpi,runtime_candidate,copy_or_process
app/src/main/res/drawable-nodpi/terrain_copperwood_prop_04.png,terrain,image,png,1536x1536,yes,nodpi,runtime_candidate,copy_or_process
app/src/main/res/drawable-nodpi/terrain_copperwood_prop_05.png,terrain,image,png,1536x1536,yes,nodpi,runtime_candidate,copy_or_process
app/src/main/res/drawable-nodpi/terrain_copperwood_rock_00.png,terrain,image,png,1536x1536,yes,nodpi,runtime_candidate,copy_or_process
app/src/main/res/drawable-nodpi/terrain_copperwood_rock_01.png,terrain,image,png,1536x1536,yes,nodpi,runtime_candidate,copy_or_process
app/src/main/res/drawable-nodpi/terrain_copperwood_rock_02.png,terrain,image,png,1536x1536,yes,nodpi,runtime_candidate,copy_or_process
app/src/main/res/drawable-nodpi/terrain_copperwood_rock_03.png,terrain,image,png,1536x1536,yes,nodpi,runtime_candidate,copy_or_process
app/src/main/res/drawable-nodpi/terrain_copperwood_rock_04.png,terrain,image,png,1536x1536,yes,nodpi,runtime_candidate,copy_or_process
app/src/main/res/drawable-nodpi/terrain_copperwood_rock_05.png,terrain,image,png,1536x1536,yes,nodpi,runtime_candidate,copy_or_process
app/src/main/res/drawable-nodpi/terrain_copperwood_soil_fill_00.png,terrain,image,png,1024x1024,yes,nodpi,runtime_candidate,copy_or_process
app/src/main/res/drawable-nodpi/terrain_copperwood_tree_00.png,terrain,image,png,1536x1536,yes,nodpi,runtime_candidate,copy_or_process
app/src/main/res/drawable-nodpi/terrain_copperwood_tree_01.png,terrain,image,png,1536x1536,yes,nodpi,runtime_candidate,copy_or_process
app/src/main/res/drawable-nodpi/terrain_copperwood_tree_02.png,terrain,image,png,1536x1536,yes,nodpi,runtime_candidate,copy_or_process
app/src/main/res/drawable-nodpi/terrain_copperwood_tree_03.png,terrain,image,png,1536x1536,yes,nodpi,runtime_candidate,copy_or_process
app/src/main/res/drawable-nodpi/terrain_copperwood_tree_04.png,terrain,image,png,1536x1536,yes,nodpi,runtime_candidate,copy_or_process
app/src/main/res/drawable-nodpi/terrain_copperwood_tree_05.png,terrain,image,png,1536x1536,yes,nodpi,runtime_candidate,copy_or_process
app/src/main/res/drawable-nodpi/terrain_copperwood_tree_06.png,terrain,image,png,1536x1536,yes,nodpi,runtime_candidate,copy_or_process
app/src/main/res/drawable-nodpi/terrain_copperwood_tree_07.png,terrain,image,png,1536x1536,yes,nodpi,runtime_candidate,copy_or_process
app/src/main/res/drawable-nodpi/terrain_frost_prop_00.png,terrain,image,png,512x512,yes,nodpi,runtime_candidate,copy_or_process
app/src/main/res/drawable-nodpi/terrain_frost_prop_01.png,terrain,image,png,512x512,yes,nodpi,runtime_candidate,copy_or_process
app/src/main/res/drawable-nodpi/terrain_frost_prop_02.png,terrain,image,png,512x512,yes,nodpi,runtime_candidate,copy_or_process
app/src/main/res/drawable-nodpi/terrain_frost_prop_03.png,terrain,image,png,512x512,yes,nodpi,runtime_candidate,copy_or_process
app/src/main/res/drawable-nodpi/terrain_frost_prop_04.png,terrain,image,png,512x512,yes,nodpi,runtime_candidate,copy_or_process
app/src/main/res/drawable-nodpi/terrain_frost_prop_05.png,terrain,image,png,512x512,yes,nodpi,runtime_candidate,copy_or_process
app/src/main/res/drawable-nodpi/terrain_frost_prop_06.png,terrain,image,png,512x512,yes,nodpi,runtime_candidate,copy_or_process
app/src/main/res/drawable-nodpi/terrain_frost_prop_07.png,terrain,image,png,512x512,yes,nodpi,runtime_candidate,copy_or_process
app/src/main/res/drawable-nodpi/terrain_frost_prop_08.png,terrain,image,png,512x512,yes,nodpi,runtime_candidate,copy_or_process
app/src/main/res/drawable-nodpi/terrain_frost_prop_09.png,terrain,image,png,512x512,yes,nodpi,runtime_candidate,copy_or_process
app/src/main/res/drawable-nodpi/terrain_frost_prop_10.png,terrain,image,png,512x512,yes,nodpi,runtime_candidate,copy_or_process
app/src/main/res/drawable-nodpi/terrain_frost_prop_11.png,terrain,image,png,512x512,yes,nodpi,runtime_candidate,copy_or_process
app/src/main/res/drawable-nodpi/terrain_frost_relic_01_frozen_goblin_chest.png,terrain,image,png,512x512,yes,nodpi,runtime_candidate,copy_or_process
app/src/main/res/drawable-nodpi/terrain_frost_relic_02_buried_orc_helmet.png,terrain,image,png,512x512,yes,nodpi,runtime_candidate,copy_or_process
app/src/main/res/drawable-nodpi/terrain_frost_relic_03_ice_wolf_skeleton.png,terrain,image,png,512x512,yes,nodpi,runtime_candidate,copy_or_process
app/src/main/res/drawable-nodpi/terrain_frost_relic_04_cracked_runic_tablet.png,terrain,image,png,512x512,yes,nodpi,runtime_candidate,copy_or_process
app/src/main/res/drawable-nodpi/terrain_frost_relic_05_frozen_coin_pouch.png,terrain,image,png,512x512,yes,nodpi,runtime_candidate,copy_or_process
app/src/main/res/drawable-nodpi/terrain_frost_relic_06_expedition_sled_fragment.png,terrain,image,png,512x512,yes,nodpi,runtime_candidate,copy_or_process
app/src/main/res/drawable-nodpi/terrain_frost_relic_07_buried_miner_pickaxe.png,terrain,image,png,512x512,yes,nodpi,runtime_candidate,copy_or_process
app/src/main/res/drawable-nodpi/terrain_frost_relic_08_ice_creature_egg.png,terrain,image,png,512x512,yes,nodpi,runtime_candidate,copy_or_process
app/src/main/res/drawable-nodpi/terrain_frost_relic_09_buried_snowman_mask.png,terrain,image,png,512x512,yes,nodpi,runtime_candidate,copy_or_process
app/src/main/res/drawable-nodpi/terrain_frost_relic_10_frozen_alarm_horn.png,terrain,image,png,512x512,yes,nodpi,runtime_candidate,copy_or_process
app/src/main/res/drawable-nodpi/terrain_frost_rock_00.png,terrain,image,png,512x512,yes,nodpi,runtime_candidate,copy_or_process
app/src/main/res/drawable-nodpi/terrain_frost_rock_01.png,terrain,image,png,512x512,yes,nodpi,runtime_candidate,copy_or_process
app/src/main/res/drawable-nodpi/terrain_frost_rock_02.png,terrain,image,png,512x512,yes,nodpi,runtime_candidate,copy_or_process
app/src/main/res/drawable-nodpi/terrain_frost_rock_03.png,terrain,image,png,512x512,yes,nodpi,runtime_candidate,copy_or_process
app/src/main/res/drawable-nodpi/terrain_frost_rock_04.png,terrain,image,png,512x512,yes,nodpi,runtime_candidate,copy_or_process
app/src/main/res/drawable-nodpi/terrain_frost_rock_05.png,terrain,image,png,512x512,yes,nodpi,runtime_candidate,copy_or_process
app/src/main/res/drawable-nodpi/terrain_frost_snow_cap.png,terrain,image,png,384x72,yes,nodpi,runtime_candidate,copy_or_process
app/src/main/res/drawable-nodpi/terrain_frost_soil_fill_00.png,terrain,image,png,1024x1024,yes,nodpi,runtime_candidate,copy_or_process
app/src/main/res/drawable-nodpi/terrain_frost_tree_00.png,terrain,image,png,768x768,yes,nodpi,runtime_candidate,copy_or_process
app/src/main/res/drawable-nodpi/terrain_frost_tree_01.png,terrain,image,png,768x768,yes,nodpi,runtime_candidate,copy_or_process
app/src/main/res/drawable-nodpi/terrain_frost_tree_02.png,terrain,image,png,768x768,yes,nodpi,runtime_candidate,copy_or_process
app/src/main/res/drawable-nodpi/terrain_frost_tree_03.png,terrain,image,png,768x768,yes,nodpi,runtime_candidate,copy_or_process
app/src/main/res/drawable-nodpi/terrain_frost_tree_04.png,terrain,image,png,768x768,yes,nodpi,runtime_candidate,copy_or_process
app/src/main/res/drawable-nodpi/terrain_frost_tree_05.png,terrain,image,png,768x768,yes,nodpi,runtime_candidate,copy_or_process
app/src/main/res/drawable-nodpi/terrain_grass_cap.png,terrain,image,png,384x72,yes,nodpi,runtime_candidate,copy_or_process
app/src/main/res/drawable-nodpi/terrain_green_frontier_cap.png,terrain,image,png,384x72,yes,nodpi,runtime_candidate,copy_or_process
app/src/main/res/drawable-nodpi/terrain_green_frontier_relic_01_cracked_watering_can.png,terrain,image,png,512x512,yes,nodpi,runtime_candidate,copy_or_process
app/src/main/res/drawable-nodpi/terrain_green_frontier_relic_02_rabbit_skull_flower.png,terrain,image,png,512x512,yes,nodpi,runtime_candidate,copy_or_process
app/src/main/res/drawable-nodpi/terrain_green_frontier_relic_03_potato_shaped_stone.png,terrain,image,png,512x512,yes,nodpi,runtime_candidate,copy_or_process
app/src/main/res/drawable-nodpi/terrain_green_frontier_relic_04_mini_horseshoe.png,terrain,image,png,512x512,yes,nodpi,runtime_candidate,copy_or_process
app/src/main/res/drawable-nodpi/terrain_green_frontier_relic_05_peeking_mole.png,terrain,image,png,512x512,yes,nodpi,runtime_candidate,copy_or_process
app/src/main/res/drawable-nodpi/terrain_green_frontier_relic_06_helmet_worm.png,terrain,image,png,512x512,yes,nodpi,runtime_candidate,copy_or_process
app/src/main/res/drawable-nodpi/terrain_green_frontier_relic_07_large_tibia_bone.png,terrain,image,png,512x512,yes,nodpi,runtime_candidate,copy_or_process
app/src/main/res/drawable-nodpi/terrain_green_frontier_relic_08_partial_skeleton.png,terrain,image,png,512x512,yes,nodpi,runtime_candidate,copy_or_process
app/src/main/res/drawable-nodpi/terrain_green_frontier_relic_09_worn_boot.png,terrain,image,png,512x512,yes,nodpi,runtime_candidate,copy_or_process
app/src/main/res/drawable-nodpi/terrain_green_frontier_relic_10_hand_shovel.png,terrain,image,png,512x512,yes,nodpi,runtime_candidate,copy_or_process
app/src/main/res/drawable-nodpi/terrain_prop_00.png,terrain,image,png,512x512,yes,nodpi,runtime_candidate,copy_or_process
app/src/main/res/drawable-nodpi/terrain_prop_01.png,terrain,image,png,512x512,yes,nodpi,runtime_candidate,copy_or_process
app/src/main/res/drawable-nodpi/terrain_prop_02.png,terrain,image,png,512x512,yes,nodpi,runtime_candidate,copy_or_process
app/src/main/res/drawable-nodpi/terrain_prop_03.png,terrain,image,png,512x512,yes,nodpi,runtime_candidate,copy_or_process
app/src/main/res/drawable-nodpi/terrain_prop_04.png,terrain,image,png,512x512,yes,nodpi,runtime_candidate,copy_or_process
app/src/main/res/drawable-nodpi/terrain_prop_05.png,terrain,image,png,512x512,yes,nodpi,runtime_candidate,copy_or_process
app/src/main/res/drawable-nodpi/terrain_rock_00.png,terrain,image,png,512x512,yes,nodpi,runtime_candidate,copy_or_process
app/src/main/res/drawable-nodpi/terrain_rock_01.png,terrain,image,png,512x512,yes,nodpi,runtime_candidate,copy_or_process
app/src/main/res/drawable-nodpi/terrain_rock_02.png,terrain,image,png,512x512,yes,nodpi,runtime_candidate,copy_or_process
app/src/main/res/drawable-nodpi/terrain_rock_03.png,terrain,image,png,512x512,yes,nodpi,runtime_candidate,copy_or_process
app/src/main/res/drawable-nodpi/terrain_rock_04.png,terrain,image,png,512x512,yes,nodpi,runtime_candidate,copy_or_process
app/src/main/res/drawable-nodpi/terrain_rock_05.png,terrain,image,png,512x512,yes,nodpi,runtime_candidate,copy_or_process
app/src/main/res/drawable-nodpi/terrain_soil_fill_00.png,terrain,image,png,1024x1024,yes,nodpi,runtime_candidate,copy_or_process
app/src/main/res/drawable-nodpi/terrain_tree_00.png,terrain,image,png,768x768,yes,nodpi,runtime_candidate,copy_or_process
app/src/main/res/drawable-nodpi/terrain_tree_01.png,terrain,image,png,768x768,yes,nodpi,runtime_candidate,copy_or_process
app/src/main/res/drawable-nodpi/terrain_tree_02.png,terrain,image,png,768x768,yes,nodpi,runtime_candidate,copy_or_process
app/src/main/res/drawable-nodpi/terrain_tree_03.png,terrain,image,png,768x768,yes,nodpi,runtime_candidate,copy_or_process
app/src/main/res/drawable-nodpi/terrain_tree_04.png,terrain,image,png,768x768,yes,nodpi,runtime_candidate,copy_or_process
app/src/main/res/drawable-nodpi/terrain_tree_05.png,terrain,image,png,768x768,yes,nodpi,runtime_candidate,copy_or_process
app/src/main/res/drawable-nodpi/thorncrown.png,unclassified,image,png,1145x1374,yes,nodpi,runtime_candidate,review
app/src/main/res/drawable-nodpi/vampiric_banner_icon.png,spells,image,png,512x512,yes,nodpi,runtime_candidate,copy_or_process
app/src/main/res/drawable-nodpi/wind_gust_left.png,effects,image,png,256x256,yes,nodpi,runtime_candidate,copy_or_process
app/src/main/res/drawable-nodpi/wind_gust_right.png,effects,image,png,256x256,yes,nodpi,runtime_candidate,copy_or_process
app/src/main/res/drawable-nodpi/wind_high_left.png,effects,image,png,256x256,yes,nodpi,runtime_candidate,copy_or_process
app/src/main/res/drawable-nodpi/wind_high_right.png,effects,image,png,256x256,yes,nodpi,runtime_candidate,copy_or_process
app/src/main/res/drawable-nodpi/wind_low_left.png,effects,image,png,256x256,yes,nodpi,runtime_candidate,copy_or_process
app/src/main/res/drawable-nodpi/wind_low_right.png,effects,image,png,256x256,yes,nodpi,runtime_candidate,copy_or_process
app/src/main/res/drawable-nodpi/wind_medium_left.png,effects,image,png,256x256,yes,nodpi,runtime_candidate,copy_or_process
app/src/main/res/drawable-nodpi/wind_medium_right.png,effects,image,png,256x256,yes,nodpi,runtime_candidate,copy_or_process
app/src/main/res/font/urkaaaz_orc_wood.ttf,fonts,resource_or_other,ttf,,,android_default,source_or_other,recreate_or_review
app/src/main/res/layout/activity_main.xml,unclassified,resource_or_other,xml,,,android_default,android_resource,review
app/src/main/res/layout/ai_difficulty_button.xml,ui,resource_or_other,xml,,,android_default,android_resource,recreate_or_review
app/src/main/res/layout/ammo_slot.xml,ui,resource_or_other,xml,,,android_default,android_resource,recreate_or_review
app/src/main/res/layout/avatar_picker_panel.xml,ui,resource_or_other,xml,,,android_default,android_resource,recreate_or_review
app/src/main/res/layout/battlefield_background.xml,backgrounds,resource_or_other,xml,,,android_default,android_resource,recreate_or_review
app/src/main/res/layout/campaign_panel.xml,unclassified,resource_or_other,xml,,,android_default,android_resource,review
app/src/main/res/layout/controls_panel.xml,unclassified,resource_or_other,xml,,,android_default,android_resource,review
app/src/main/res/layout/dashboard_panel.xml,unclassified,resource_or_other,xml,,,android_default,android_resource,review
app/src/main/res/layout/exit_level_button.xml,ui,resource_or_other,xml,,,android_default,android_resource,recreate_or_review
app/src/main/res/layout/game_over_panel.xml,unclassified,resource_or_other,xml,,,android_default,android_resource,review
app/src/main/res/layout/game_view.xml,unclassified,resource_or_other,xml,,,android_default,android_resource,review
app/src/main/res/layout/left_health_panel.xml,spells,resource_or_other,xml,,,android_default,android_resource,recreate_or_review
app/src/main/res/layout/right_health_panel.xml,spells,resource_or_other,xml,,,android_default,android_resource,recreate_or_review
app/src/main/res/layout/shop_panel.xml,unclassified,resource_or_other,xml,,,android_default,android_resource,review
app/src/main/res/layout/spell_loadout_panel.xml,spells,resource_or_other,xml,,,android_default,android_resource,recreate_or_review
app/src/main/res/layout/start_menu_panel.xml,ui,resource_or_other,xml,,,android_default,android_resource,recreate_or_review
app/src/main/res/layout/status_label.xml,unclassified,resource_or_other,xml,,,android_default,android_resource,review
app/src/main/res/layout/timer_wind_panel.xml,effects,resource_or_other,xml,,,android_default,android_resource,recreate_or_review
app/src/main/res/layout/tutorial_overlay.xml,tutorial,resource_or_other,xml,,,android_default,android_resource,recreate_or_review
app/src/main/res/mipmap-anydpi-v26/ic_launcher.xml,unclassified,resource_or_other,xml,,,android_default,android_resource,review
app/src/main/res/mipmap-nodpi/ic_launcher.png,unclassified,image,png,1254x1254,no,android_default,android_resource,review
app/src/main/res/raw/defender_death.mp3,units,resource_or_other,mp3,,,android_default,source_or_other,recreate_or_review
app/src/main/res/values/colors.xml,unclassified,resource_or_other,xml,,,android_default,android_resource,review
app/src/main/res/values/strings.xml,unclassified,resource_or_other,xml,,,android_default,android_resource,review
app/src/main/res/values/themes.xml,unclassified,resource_or_other,xml,,,android_default,android_resource,review
app/src/main/res/values-en/strings.xml,unclassified,resource_or_other,xml,,,android_default,android_resource,review
app/src/main/res/values-pl/strings.xml,unclassified,resource_or_other,xml,,,android_default,android_resource,review
assets_src/.DS_Store,unclassified,resource_or_other,none,,,android_default,runtime_candidate,review
assets_src/generated_character_animations/.DS_Store,unclassified,resource_or_other,none,,,android_default,runtime_candidate,review
assets_src/generated_character_animations/defender_left_death/defender_left_death_000.png,units,image,png,266x275,yes,android_default,runtime_candidate,copy_or_process
assets_src/generated_character_animations/defender_left_death/defender_left_death_001.png,units,image,png,266x275,yes,android_default,runtime_candidate,copy_or_process
assets_src/generated_character_animations/defender_left_death/defender_left_death_002.png,units,image,png,266x275,yes,android_default,runtime_candidate,copy_or_process
assets_src/generated_character_animations/defender_left_death/defender_left_death_003.png,units,image,png,266x275,yes,android_default,runtime_candidate,copy_or_process
assets_src/generated_character_animations/defender_left_death/defender_left_death_004.png,units,image,png,266x275,yes,android_default,runtime_candidate,copy_or_process
assets_src/generated_character_animations/defender_left_death/defender_left_death_005.png,units,image,png,266x275,yes,android_default,runtime_candidate,copy_or_process
assets_src/generated_character_animations/defender_left_death/defender_left_death_006.png,units,image,png,266x275,yes,android_default,runtime_candidate,copy_or_process
assets_src/generated_character_animations/defender_left_death/defender_left_death_007.png,units,image,png,266x275,yes,android_default,runtime_candidate,copy_or_process
assets_src/generated_character_animations/defender_left_death/defender_left_death_008.png,units,image,png,266x275,yes,android_default,runtime_candidate,copy_or_process
assets_src/generated_character_animations/defender_left_death/defender_left_death_009.png,units,image,png,266x275,yes,android_default,runtime_candidate,copy_or_process
assets_src/generated_character_animations/defender_left_death/defender_left_death_010.png,units,image,png,266x275,yes,android_default,runtime_candidate,copy_or_process
assets_src/generated_character_animations/defender_left_death/defender_left_death_011.png,units,image,png,266x275,yes,android_default,runtime_candidate,copy_or_process
assets_src/generated_character_animations/defender_left_death/defender_left_death_012.png,units,image,png,266x275,yes,android_default,runtime_candidate,copy_or_process
assets_src/generated_character_animations/defender_left_death/defender_left_death_013.png,units,image,png,266x275,yes,android_default,runtime_candidate,copy_or_process
assets_src/generated_character_animations/defender_left_death/defender_left_death_014.png,units,image,png,266x275,yes,android_default,runtime_candidate,copy_or_process
assets_src/generated_character_animations/defender_left_death/defender_left_death_015.png,units,image,png,266x275,yes,android_default,runtime_candidate,copy_or_process
assets_src/generated_character_animations/defender_left_death/defender_left_death_016.png,units,image,png,266x275,yes,android_default,runtime_candidate,copy_or_process
assets_src/generated_character_animations/defender_left_death/defender_left_death_017.png,units,image,png,266x275,yes,android_default,runtime_candidate,copy_or_process
assets_src/generated_character_animations/defender_left_death/defender_left_death_018.png,units,image,png,266x275,yes,android_default,runtime_candidate,copy_or_process
assets_src/generated_character_animations/defender_left_death/defender_left_death_019.png,units,image,png,266x275,yes,android_default,runtime_candidate,copy_or_process
assets_src/generated_character_animations/defender_left_death/defender_left_death_020.png,units,image,png,266x275,yes,android_default,runtime_candidate,copy_or_process
assets_src/generated_character_animations/defender_left_death/defender_left_death_021.png,units,image,png,266x275,yes,android_default,runtime_candidate,copy_or_process
assets_src/generated_character_animations/defender_left_death/defender_left_death_022.png,units,image,png,266x275,yes,android_default,runtime_candidate,copy_or_process
assets_src/generated_character_animations/defender_left_death/defender_left_death_023.png,units,image,png,266x275,yes,android_default,runtime_candidate,copy_or_process
assets_src/generated_character_animations/defender_left_fight/defender_left_fight_00.png,units,image,png,316x291,yes,android_default,runtime_candidate,copy_or_process
assets_src/generated_character_animations/defender_left_fight/defender_left_fight_01.png,units,image,png,316x291,yes,android_default,runtime_candidate,copy_or_process
assets_src/generated_character_animations/defender_left_fight/defender_left_fight_02.png,units,image,png,316x291,yes,android_default,runtime_candidate,copy_or_process
assets_src/generated_character_animations/defender_left_fight/defender_left_fight_03.png,units,image,png,316x291,yes,android_default,runtime_candidate,copy_or_process
assets_src/generated_character_animations/defender_left_fight/defender_left_fight_04.png,units,image,png,316x291,yes,android_default,runtime_candidate,copy_or_process
assets_src/generated_character_animations/defender_left_fight/defender_left_fight_05.png,units,image,png,316x291,yes,android_default,runtime_candidate,copy_or_process
assets_src/generated_character_animations/defender_left_fight/defender_left_fight_06.png,units,image,png,316x291,yes,android_default,runtime_candidate,copy_or_process
assets_src/generated_character_animations/defender_left_fight/defender_left_fight_07.png,units,image,png,316x291,yes,android_default,runtime_candidate,copy_or_process
assets_src/generated_character_animations/defender_left_fight/defender_left_fight_08.png,units,image,png,316x291,yes,android_default,runtime_candidate,copy_or_process
assets_src/generated_character_animations/defender_left_fight/defender_left_fight_09.png,units,image,png,316x291,yes,android_default,runtime_candidate,copy_or_process
assets_src/generated_character_animations/defender_left_fight/defender_left_fight_10.png,units,image,png,316x291,yes,android_default,runtime_candidate,copy_or_process
assets_src/generated_character_animations/defender_left_fight/defender_left_fight_11.png,units,image,png,316x291,yes,android_default,runtime_candidate,copy_or_process
assets_src/generated_character_animations/defender_left_fight/defender_left_fight_12.png,units,image,png,316x291,yes,android_default,runtime_candidate,copy_or_process
assets_src/generated_character_animations/defender_left_fight/defender_left_fight_13.png,units,image,png,316x291,yes,android_default,runtime_candidate,copy_or_process
assets_src/generated_character_animations/defender_left_idle/defender_left_idle_000.png,units,image,png,178x180,yes,android_default,runtime_candidate,copy_or_process
assets_src/generated_character_animations/defender_left_idle/defender_left_idle_001.png,units,image,png,178x180,yes,android_default,runtime_candidate,copy_or_process
assets_src/generated_character_animations/defender_left_idle/defender_left_idle_002.png,units,image,png,178x180,yes,android_default,runtime_candidate,copy_or_process
assets_src/generated_character_animations/defender_left_idle/defender_left_idle_003.png,units,image,png,178x180,yes,android_default,runtime_candidate,copy_or_process
assets_src/generated_character_animations/defender_left_idle/defender_left_idle_004.png,units,image,png,178x180,yes,android_default,runtime_candidate,copy_or_process
assets_src/generated_character_animations/defender_left_idle/defender_left_idle_005.png,units,image,png,178x180,yes,android_default,runtime_candidate,copy_or_process
assets_src/generated_character_animations/defender_left_idle/defender_left_idle_006.png,units,image,png,178x180,yes,android_default,runtime_candidate,copy_or_process
assets_src/generated_character_animations/defender_left_idle/defender_left_idle_007.png,units,image,png,178x180,yes,android_default,runtime_candidate,copy_or_process
assets_src/generated_character_animations/defender_left_idle/defender_left_idle_008.png,units,image,png,178x180,yes,android_default,runtime_candidate,copy_or_process
assets_src/generated_character_animations/defender_left_idle/defender_left_idle_009.png,units,image,png,178x180,yes,android_default,runtime_candidate,copy_or_process
assets_src/generated_character_animations/defender_left_idle/defender_left_idle_010.png,units,image,png,178x180,yes,android_default,runtime_candidate,copy_or_process
assets_src/generated_character_animations/defender_left_idle/defender_left_idle_011.png,units,image,png,178x180,yes,android_default,runtime_candidate,copy_or_process
assets_src/generated_character_animations/defender_left_idle/defender_left_idle_012.png,units,image,png,178x180,yes,android_default,runtime_candidate,copy_or_process
assets_src/generated_character_animations/defender_left_idle/defender_left_idle_013.png,units,image,png,178x180,yes,android_default,runtime_candidate,copy_or_process
assets_src/generated_character_animations/defender_left_idle/defender_left_idle_014.png,units,image,png,178x180,yes,android_default,runtime_candidate,copy_or_process
assets_src/generated_character_animations/defender_left_idle/defender_left_idle_015.png,units,image,png,178x180,yes,android_default,runtime_candidate,copy_or_process
assets_src/generated_character_animations/defender_left_idle/defender_left_idle_016.png,units,image,png,178x180,yes,android_default,runtime_candidate,copy_or_process
assets_src/generated_character_animations/defender_left_idle/defender_left_idle_017.png,units,image,png,178x180,yes,android_default,runtime_candidate,copy_or_process
assets_src/generated_character_animations/defender_left_idle/defender_left_idle_018.png,units,image,png,178x180,yes,android_default,runtime_candidate,copy_or_process
assets_src/generated_character_animations/defender_left_idle/defender_left_idle_019.png,units,image,png,178x180,yes,android_default,runtime_candidate,copy_or_process
assets_src/generated_character_animations/defender_left_idle/defender_left_idle_020.png,units,image,png,178x180,yes,android_default,runtime_candidate,copy_or_process
assets_src/generated_character_animations/defender_left_idle/defender_left_idle_021.png,units,image,png,178x180,yes,android_default,runtime_candidate,copy_or_process
assets_src/generated_character_animations/defender_left_idle/defender_left_idle_022.png,units,image,png,178x180,yes,android_default,runtime_candidate,copy_or_process
assets_src/generated_character_animations/defender_left_idle/defender_left_idle_023.png,units,image,png,178x180,yes,android_default,runtime_candidate,copy_or_process
assets_src/generated_character_animations/defender_left_idle/defender_left_idle_024.png,units,image,png,178x180,yes,android_default,runtime_candidate,copy_or_process
assets_src/generated_character_animations/defender_left_idle/defender_left_idle_025.png,units,image,png,178x180,yes,android_default,runtime_candidate,copy_or_process
assets_src/generated_character_animations/defender_left_idle/defender_left_idle_026.png,units,image,png,178x180,yes,android_default,runtime_candidate,copy_or_process
assets_src/generated_character_animations/defender_left_idle/defender_left_idle_027.png,units,image,png,178x180,yes,android_default,runtime_candidate,copy_or_process
assets_src/generated_character_animations/defender_left_idle/defender_left_idle_028.png,units,image,png,178x180,yes,android_default,runtime_candidate,copy_or_process
assets_src/generated_character_animations/defender_left_idle/defender_left_idle_029.png,units,image,png,178x180,yes,android_default,runtime_candidate,copy_or_process
assets_src/generated_character_animations/defender_left_idle/defender_left_idle_030.png,units,image,png,178x180,yes,android_default,runtime_candidate,copy_or_process
assets_src/generated_character_animations/defender_left_idle/defender_left_idle_031.png,units,image,png,178x180,yes,android_default,runtime_candidate,copy_or_process
assets_src/generated_character_animations/defender_left_idle/defender_left_idle_032.png,units,image,png,178x180,yes,android_default,runtime_candidate,copy_or_process
assets_src/generated_character_animations/defender_left_idle/defender_left_idle_033.png,units,image,png,178x180,yes,android_default,runtime_candidate,copy_or_process
assets_src/generated_character_animations/defender_left_idle/defender_left_idle_034.png,units,image,png,178x180,yes,android_default,runtime_candidate,copy_or_process
assets_src/generated_character_animations/defender_left_idle/defender_left_idle_035.png,units,image,png,178x180,yes,android_default,runtime_candidate,copy_or_process
assets_src/generated_character_animations/defender_left_idle/defender_left_idle_036.png,units,image,png,178x180,yes,android_default,runtime_candidate,copy_or_process
assets_src/generated_character_animations/defender_left_idle/defender_left_idle_037.png,units,image,png,178x180,yes,android_default,runtime_candidate,copy_or_process
assets_src/generated_character_animations/defender_left_idle/defender_left_idle_038.png,units,image,png,178x180,yes,android_default,runtime_candidate,copy_or_process
assets_src/generated_character_animations/defender_left_idle/defender_left_idle_039.png,units,image,png,178x180,yes,android_default,runtime_candidate,copy_or_process
assets_src/generated_character_animations/defender_left_idle/defender_left_idle_040.png,units,image,png,178x180,yes,android_default,runtime_candidate,copy_or_process
assets_src/generated_character_animations/defender_left_idle/defender_left_idle_041.png,units,image,png,178x180,yes,android_default,runtime_candidate,copy_or_process
assets_src/generated_character_animations/defender_left_idle/defender_left_idle_042.png,units,image,png,178x180,yes,android_default,runtime_candidate,copy_or_process
assets_src/generated_character_animations/defender_left_idle/defender_left_idle_043.png,units,image,png,178x180,yes,android_default,runtime_candidate,copy_or_process
assets_src/generated_character_animations/defender_left_idle/defender_left_idle_044.png,units,image,png,178x180,yes,android_default,runtime_candidate,copy_or_process
assets_src/generated_character_animations/defender_left_idle/defender_left_idle_045.png,units,image,png,178x180,yes,android_default,runtime_candidate,copy_or_process
assets_src/generated_character_animations/defender_left_idle/defender_left_idle_046.png,units,image,png,178x180,yes,android_default,runtime_candidate,copy_or_process
assets_src/generated_character_animations/defender_left_idle/defender_left_idle_047.png,units,image,png,178x180,yes,android_default,runtime_candidate,copy_or_process
assets_src/generated_character_animations/defender_left_idle/defender_left_idle_048.png,units,image,png,178x180,yes,android_default,runtime_candidate,copy_or_process
assets_src/generated_character_animations/defender_left_idle/defender_left_idle_049.png,units,image,png,178x180,yes,android_default,runtime_candidate,copy_or_process
assets_src/generated_character_animations/defender_left_idle/defender_left_idle_050.png,units,image,png,178x180,yes,android_default,runtime_candidate,copy_or_process
assets_src/generated_character_animations/defender_left_idle/defender_left_idle_051.png,units,image,png,178x180,yes,android_default,runtime_candidate,copy_or_process
assets_src/generated_character_animations/defender_left_idle/defender_left_idle_052.png,units,image,png,178x180,yes,android_default,runtime_candidate,copy_or_process
assets_src/generated_character_animations/defender_left_idle/defender_left_idle_053.png,units,image,png,178x180,yes,android_default,runtime_candidate,copy_or_process
assets_src/generated_character_animations/defender_left_idle/defender_left_idle_054.png,units,image,png,178x180,yes,android_default,runtime_candidate,copy_or_process
assets_src/generated_character_animations/defender_left_idle/defender_left_idle_055.png,units,image,png,178x180,yes,android_default,runtime_candidate,copy_or_process
assets_src/generated_character_animations/defender_left_movement/defender_left_anim_00.png,units,image,png,266x260,yes,android_default,runtime_candidate,copy_or_process
assets_src/generated_character_animations/defender_left_movement/defender_left_anim_01.png,units,image,png,266x260,yes,android_default,runtime_candidate,copy_or_process
assets_src/generated_character_animations/defender_left_movement/defender_left_anim_02.png,units,image,png,266x260,yes,android_default,runtime_candidate,copy_or_process
assets_src/generated_character_animations/defender_left_movement/defender_left_anim_03.png,units,image,png,266x260,yes,android_default,runtime_candidate,copy_or_process
assets_src/generated_character_animations/defender_left_movement/defender_left_anim_04.png,units,image,png,266x260,yes,android_default,runtime_candidate,copy_or_process
assets_src/generated_character_animations/defender_left_movement/defender_left_anim_05.png,units,image,png,266x260,yes,android_default,runtime_candidate,copy_or_process
assets_src/generated_character_animations/defender_left_movement/defender_left_anim_06.png,units,image,png,266x260,yes,android_default,runtime_candidate,copy_or_process
assets_src/generated_character_animations/defender_left_movement/defender_left_anim_07.png,units,image,png,266x260,yes,android_default,runtime_candidate,copy_or_process
assets_src/generated_character_animations/defender_left_movement/defender_left_anim_08.png,units,image,png,266x260,yes,android_default,runtime_candidate,copy_or_process
assets_src/generated_character_animations/defender_left_movement/defender_left_anim_09.png,units,image,png,266x260,yes,android_default,runtime_candidate,copy_or_process
assets_src/generated_character_animations/defender_left_movement/defender_left_anim_10.png,units,image,png,266x260,yes,android_default,runtime_candidate,copy_or_process
assets_src/generated_character_animations/defender_left_movement/defender_left_anim_11.png,units,image,png,266x260,yes,android_default,runtime_candidate,copy_or_process
assets_src/generated_character_animations/defender_left_movement/defender_left_anim_12.png,units,image,png,266x260,yes,android_default,runtime_candidate,copy_or_process
assets_src/generated_character_animations/defender_left_movement/defender_left_anim_13.png,units,image,png,266x260,yes,android_default,runtime_candidate,copy_or_process
assets_src/generated_character_animations/defender_left_movement/defender_left_anim_14.png,units,image,png,266x260,yes,android_default,runtime_candidate,copy_or_process
assets_src/generated_character_animations/defender_left_movement/defender_left_anim_15.png,units,image,png,266x260,yes,android_default,runtime_candidate,copy_or_process
assets_src/generated_character_animations/defender_left_movement/defender_left_anim_16.png,units,image,png,266x260,yes,android_default,runtime_candidate,copy_or_process
assets_src/generated_character_animations/defender_left_movement/defender_left_anim_17.png,units,image,png,266x260,yes,android_default,runtime_candidate,copy_or_process
assets_src/generated_character_animations/defender_left_movement/defender_left_anim_18.png,units,image,png,266x260,yes,android_default,runtime_candidate,copy_or_process
assets_src/generated_character_animations/defender_left_movement/defender_left_anim_19.png,units,image,png,266x260,yes,android_default,runtime_candidate,copy_or_process
assets_src/generated_character_animations/defender_left_movement/defender_left_anim_20.png,units,image,png,266x260,yes,android_default,runtime_candidate,copy_or_process
assets_src/generated_character_animations/defender_left_movement/defender_left_anim_21.png,units,image,png,266x260,yes,android_default,runtime_candidate,copy_or_process
assets_src/generated_character_animations/defender_left_movement/defender_left_anim_22.png,units,image,png,266x260,yes,android_default,runtime_candidate,copy_or_process
assets_src/generated_character_animations/defender_left_movement/defender_left_anim_23.png,units,image,png,266x260,yes,android_default,runtime_candidate,copy_or_process
assets_src/generated_character_animations/defender_right_death/defender_right_death_000.png,units,image,png,260x280,yes,android_default,runtime_candidate,copy_or_process
assets_src/generated_character_animations/defender_right_death/defender_right_death_001.png,units,image,png,260x280,yes,android_default,runtime_candidate,copy_or_process
assets_src/generated_character_animations/defender_right_death/defender_right_death_002.png,units,image,png,260x280,yes,android_default,runtime_candidate,copy_or_process
assets_src/generated_character_animations/defender_right_death/defender_right_death_003.png,units,image,png,260x280,yes,android_default,runtime_candidate,copy_or_process
assets_src/generated_character_animations/defender_right_death/defender_right_death_004.png,units,image,png,260x280,yes,android_default,runtime_candidate,copy_or_process
assets_src/generated_character_animations/defender_right_death/defender_right_death_005.png,units,image,png,260x280,yes,android_default,runtime_candidate,copy_or_process
assets_src/generated_character_animations/defender_right_death/defender_right_death_006.png,units,image,png,260x280,yes,android_default,runtime_candidate,copy_or_process
assets_src/generated_character_animations/defender_right_death/defender_right_death_007.png,units,image,png,260x280,yes,android_default,runtime_candidate,copy_or_process
assets_src/generated_character_animations/defender_right_death/defender_right_death_008.png,units,image,png,260x280,yes,android_default,runtime_candidate,copy_or_process
assets_src/generated_character_animations/defender_right_death/defender_right_death_009.png,units,image,png,260x280,yes,android_default,runtime_candidate,copy_or_process
assets_src/generated_character_animations/defender_right_death/defender_right_death_010.png,units,image,png,260x280,yes,android_default,runtime_candidate,copy_or_process
assets_src/generated_character_animations/defender_right_death/defender_right_death_011.png,units,image,png,260x280,yes,android_default,runtime_candidate,copy_or_process
assets_src/generated_character_animations/defender_right_death/defender_right_death_012.png,units,image,png,260x280,yes,android_default,runtime_candidate,copy_or_process
assets_src/generated_character_animations/defender_right_death/defender_right_death_013.png,units,image,png,260x280,yes,android_default,runtime_candidate,copy_or_process
assets_src/generated_character_animations/defender_right_death/defender_right_death_014.png,units,image,png,260x280,yes,android_default,runtime_candidate,copy_or_process
assets_src/generated_character_animations/defender_right_death/defender_right_death_015.png,units,image,png,260x280,yes,android_default,runtime_candidate,copy_or_process
assets_src/generated_character_animations/defender_right_death/defender_right_death_016.png,units,image,png,260x280,yes,android_default,runtime_candidate,copy_or_process
assets_src/generated_character_animations/defender_right_death/defender_right_death_017.png,units,image,png,260x280,yes,android_default,runtime_candidate,copy_or_process
assets_src/generated_character_animations/defender_right_death/defender_right_death_018.png,units,image,png,260x280,yes,android_default,runtime_candidate,copy_or_process
assets_src/generated_character_animations/defender_right_death/defender_right_death_019.png,units,image,png,260x280,yes,android_default,runtime_candidate,copy_or_process
assets_src/generated_character_animations/defender_right_death/defender_right_death_020.png,units,image,png,260x280,yes,android_default,runtime_candidate,copy_or_process
assets_src/generated_character_animations/defender_right_death/defender_right_death_021.png,units,image,png,260x280,yes,android_default,runtime_candidate,copy_or_process
assets_src/generated_character_animations/defender_right_death/defender_right_death_022.png,units,image,png,260x280,yes,android_default,runtime_candidate,copy_or_process
assets_src/generated_character_animations/defender_right_death/defender_right_death_023.png,units,image,png,260x280,yes,android_default,runtime_candidate,copy_or_process
assets_src/generated_character_animations/defender_right_fight/defender_right_fight_00.png,units,image,png,323x281,yes,android_default,runtime_candidate,copy_or_process
assets_src/generated_character_animations/defender_right_fight/defender_right_fight_01.png,units,image,png,323x281,yes,android_default,runtime_candidate,copy_or_process
assets_src/generated_character_animations/defender_right_fight/defender_right_fight_02.png,units,image,png,323x281,yes,android_default,runtime_candidate,copy_or_process
assets_src/generated_character_animations/defender_right_fight/defender_right_fight_03.png,units,image,png,323x281,yes,android_default,runtime_candidate,copy_or_process
assets_src/generated_character_animations/defender_right_fight/defender_right_fight_04.png,units,image,png,323x281,yes,android_default,runtime_candidate,copy_or_process
assets_src/generated_character_animations/defender_right_fight/defender_right_fight_05.png,units,image,png,323x281,yes,android_default,runtime_candidate,copy_or_process
assets_src/generated_character_animations/defender_right_fight/defender_right_fight_06.png,units,image,png,323x281,yes,android_default,runtime_candidate,copy_or_process
assets_src/generated_character_animations/defender_right_fight/defender_right_fight_07.png,units,image,png,323x281,yes,android_default,runtime_candidate,copy_or_process
assets_src/generated_character_animations/defender_right_fight/defender_right_fight_08.png,units,image,png,323x281,yes,android_default,runtime_candidate,copy_or_process
assets_src/generated_character_animations/defender_right_fight/defender_right_fight_09.png,units,image,png,323x281,yes,android_default,runtime_candidate,copy_or_process
assets_src/generated_character_animations/defender_right_fight/defender_right_fight_10.png,units,image,png,323x281,yes,android_default,runtime_candidate,copy_or_process
assets_src/generated_character_animations/defender_right_fight/defender_right_fight_11.png,units,image,png,323x281,yes,android_default,runtime_candidate,copy_or_process
assets_src/generated_character_animations/defender_right_fight/defender_right_fight_12.png,units,image,png,323x281,yes,android_default,runtime_candidate,copy_or_process
assets_src/generated_character_animations/defender_right_fight/defender_right_fight_13.png,units,image,png,323x281,yes,android_default,runtime_candidate,copy_or_process
assets_src/generated_character_animations/defender_right_fight/defender_right_fight_14.png,units,image,png,323x281,yes,android_default,runtime_candidate,copy_or_process
assets_src/generated_character_animations/defender_right_fight/defender_right_fight_15.png,units,image,png,323x281,yes,android_default,runtime_candidate,copy_or_process
assets_src/generated_character_animations/defender_right_fight/defender_right_fight_16.png,units,image,png,323x281,yes,android_default,runtime_candidate,copy_or_process
assets_src/generated_character_animations/defender_right_idle/defender_right_idle_000.png,units,image,png,177x179,yes,android_default,runtime_candidate,copy_or_process
assets_src/generated_character_animations/defender_right_idle/defender_right_idle_001.png,units,image,png,177x179,yes,android_default,runtime_candidate,copy_or_process
assets_src/generated_character_animations/defender_right_idle/defender_right_idle_002.png,units,image,png,177x179,yes,android_default,runtime_candidate,copy_or_process
assets_src/generated_character_animations/defender_right_idle/defender_right_idle_003.png,units,image,png,177x179,yes,android_default,runtime_candidate,copy_or_process
assets_src/generated_character_animations/defender_right_idle/defender_right_idle_004.png,units,image,png,177x179,yes,android_default,runtime_candidate,copy_or_process
assets_src/generated_character_animations/defender_right_idle/defender_right_idle_005.png,units,image,png,177x179,yes,android_default,runtime_candidate,copy_or_process
assets_src/generated_character_animations/defender_right_idle/defender_right_idle_006.png,units,image,png,177x179,yes,android_default,runtime_candidate,copy_or_process
assets_src/generated_character_animations/defender_right_idle/defender_right_idle_007.png,units,image,png,177x179,yes,android_default,runtime_candidate,copy_or_process
assets_src/generated_character_animations/defender_right_idle/defender_right_idle_008.png,units,image,png,177x179,yes,android_default,runtime_candidate,copy_or_process
assets_src/generated_character_animations/defender_right_idle/defender_right_idle_009.png,units,image,png,177x179,yes,android_default,runtime_candidate,copy_or_process
assets_src/generated_character_animations/defender_right_idle/defender_right_idle_010.png,units,image,png,177x179,yes,android_default,runtime_candidate,copy_or_process
assets_src/generated_character_animations/defender_right_idle/defender_right_idle_011.png,units,image,png,177x179,yes,android_default,runtime_candidate,copy_or_process
assets_src/generated_character_animations/defender_right_idle/defender_right_idle_012.png,units,image,png,177x179,yes,android_default,runtime_candidate,copy_or_process
assets_src/generated_character_animations/defender_right_idle/defender_right_idle_013.png,units,image,png,177x179,yes,android_default,runtime_candidate,copy_or_process
assets_src/generated_character_animations/defender_right_idle/defender_right_idle_014.png,units,image,png,177x179,yes,android_default,runtime_candidate,copy_or_process
assets_src/generated_character_animations/defender_right_idle/defender_right_idle_015.png,units,image,png,177x179,yes,android_default,runtime_candidate,copy_or_process
assets_src/generated_character_animations/defender_right_idle/defender_right_idle_016.png,units,image,png,177x179,yes,android_default,runtime_candidate,copy_or_process
assets_src/generated_character_animations/defender_right_idle/defender_right_idle_017.png,units,image,png,177x179,yes,android_default,runtime_candidate,copy_or_process
assets_src/generated_character_animations/defender_right_idle/defender_right_idle_018.png,units,image,png,177x179,yes,android_default,runtime_candidate,copy_or_process
assets_src/generated_character_animations/defender_right_idle/defender_right_idle_019.png,units,image,png,177x179,yes,android_default,runtime_candidate,copy_or_process
assets_src/generated_character_animations/defender_right_idle/defender_right_idle_020.png,units,image,png,177x179,yes,android_default,runtime_candidate,copy_or_process
assets_src/generated_character_animations/defender_right_idle/defender_right_idle_021.png,units,image,png,177x179,yes,android_default,runtime_candidate,copy_or_process
assets_src/generated_character_animations/defender_right_idle/defender_right_idle_022.png,units,image,png,177x179,yes,android_default,runtime_candidate,copy_or_process
assets_src/generated_character_animations/defender_right_idle/defender_right_idle_023.png,units,image,png,177x179,yes,android_default,runtime_candidate,copy_or_process
assets_src/generated_character_animations/defender_right_idle/defender_right_idle_024.png,units,image,png,177x179,yes,android_default,runtime_candidate,copy_or_process
assets_src/generated_character_animations/defender_right_idle/defender_right_idle_025.png,units,image,png,177x179,yes,android_default,runtime_candidate,copy_or_process
assets_src/generated_character_animations/defender_right_idle/defender_right_idle_026.png,units,image,png,177x179,yes,android_default,runtime_candidate,copy_or_process
assets_src/generated_character_animations/defender_right_idle/defender_right_idle_027.png,units,image,png,177x179,yes,android_default,runtime_candidate,copy_or_process
assets_src/generated_character_animations/defender_right_idle/defender_right_idle_028.png,units,image,png,177x179,yes,android_default,runtime_candidate,copy_or_process
assets_src/generated_character_animations/defender_right_idle/defender_right_idle_029.png,units,image,png,177x179,yes,android_default,runtime_candidate,copy_or_process
assets_src/generated_character_animations/defender_right_idle/defender_right_idle_030.png,units,image,png,177x179,yes,android_default,runtime_candidate,copy_or_process
assets_src/generated_character_animations/defender_right_idle/defender_right_idle_031.png,units,image,png,177x179,yes,android_default,runtime_candidate,copy_or_process
assets_src/generated_character_animations/defender_right_idle/defender_right_idle_032.png,units,image,png,177x179,yes,android_default,runtime_candidate,copy_or_process
assets_src/generated_character_animations/defender_right_idle/defender_right_idle_033.png,units,image,png,177x179,yes,android_default,runtime_candidate,copy_or_process
assets_src/generated_character_animations/defender_right_idle/defender_right_idle_034.png,units,image,png,177x179,yes,android_default,runtime_candidate,copy_or_process
assets_src/generated_character_animations/defender_right_idle/defender_right_idle_035.png,units,image,png,177x179,yes,android_default,runtime_candidate,copy_or_process
assets_src/generated_character_animations/defender_right_idle/defender_right_idle_036.png,units,image,png,177x179,yes,android_default,runtime_candidate,copy_or_process
assets_src/generated_character_animations/defender_right_idle/defender_right_idle_037.png,units,image,png,177x179,yes,android_default,runtime_candidate,copy_or_process
assets_src/generated_character_animations/defender_right_idle/defender_right_idle_038.png,units,image,png,177x179,yes,android_default,runtime_candidate,copy_or_process
assets_src/generated_character_animations/defender_right_idle/defender_right_idle_039.png,units,image,png,177x179,yes,android_default,runtime_candidate,copy_or_process
assets_src/generated_character_animations/defender_right_idle/defender_right_idle_040.png,units,image,png,177x179,yes,android_default,runtime_candidate,copy_or_process
assets_src/generated_character_animations/defender_right_idle/defender_right_idle_041.png,units,image,png,177x179,yes,android_default,runtime_candidate,copy_or_process
assets_src/generated_character_animations/defender_right_idle/defender_right_idle_042.png,units,image,png,177x179,yes,android_default,runtime_candidate,copy_or_process
assets_src/generated_character_animations/defender_right_idle/defender_right_idle_043.png,units,image,png,177x179,yes,android_default,runtime_candidate,copy_or_process
assets_src/generated_character_animations/defender_right_idle/defender_right_idle_044.png,units,image,png,177x179,yes,android_default,runtime_candidate,copy_or_process
assets_src/generated_character_animations/defender_right_idle/defender_right_idle_045.png,units,image,png,177x179,yes,android_default,runtime_candidate,copy_or_process
assets_src/generated_character_animations/defender_right_idle/defender_right_idle_046.png,units,image,png,177x179,yes,android_default,runtime_candidate,copy_or_process
assets_src/generated_character_animations/defender_right_idle/defender_right_idle_047.png,units,image,png,177x179,yes,android_default,runtime_candidate,copy_or_process
assets_src/generated_character_animations/defender_right_idle/defender_right_idle_048.png,units,image,png,177x179,yes,android_default,runtime_candidate,copy_or_process
assets_src/generated_character_animations/defender_right_idle/defender_right_idle_049.png,units,image,png,177x179,yes,android_default,runtime_candidate,copy_or_process
assets_src/generated_character_animations/defender_right_idle/defender_right_idle_050.png,units,image,png,177x179,yes,android_default,runtime_candidate,copy_or_process
assets_src/generated_character_animations/defender_right_idle/defender_right_idle_051.png,units,image,png,177x179,yes,android_default,runtime_candidate,copy_or_process
assets_src/generated_character_animations/defender_right_idle/defender_right_idle_052.png,units,image,png,177x179,yes,android_default,runtime_candidate,copy_or_process
assets_src/generated_character_animations/defender_right_idle/defender_right_idle_053.png,units,image,png,177x179,yes,android_default,runtime_candidate,copy_or_process
assets_src/generated_character_animations/defender_right_idle/defender_right_idle_054.png,units,image,png,177x179,yes,android_default,runtime_candidate,copy_or_process
assets_src/generated_character_animations/defender_right_idle/defender_right_idle_055.png,units,image,png,177x179,yes,android_default,runtime_candidate,copy_or_process
assets_src/generated_character_animations/defender_right_movement/defender_right_anim_00.png,units,image,png,265x260,yes,android_default,runtime_candidate,copy_or_process
assets_src/generated_character_animations/defender_right_movement/defender_right_anim_01.png,units,image,png,265x260,yes,android_default,runtime_candidate,copy_or_process
assets_src/generated_character_animations/defender_right_movement/defender_right_anim_02.png,units,image,png,265x260,yes,android_default,runtime_candidate,copy_or_process
assets_src/generated_character_animations/defender_right_movement/defender_right_anim_03.png,units,image,png,265x260,yes,android_default,runtime_candidate,copy_or_process
assets_src/generated_character_animations/defender_right_movement/defender_right_anim_04.png,units,image,png,265x260,yes,android_default,runtime_candidate,copy_or_process
assets_src/generated_character_animations/defender_right_movement/defender_right_anim_05.png,units,image,png,265x260,yes,android_default,runtime_candidate,copy_or_process
assets_src/generated_character_animations/defender_right_movement/defender_right_anim_06.png,units,image,png,265x260,yes,android_default,runtime_candidate,copy_or_process
assets_src/generated_character_animations/defender_right_movement/defender_right_anim_07.png,units,image,png,265x260,yes,android_default,runtime_candidate,copy_or_process
assets_src/generated_character_animations/defender_right_movement/defender_right_anim_08.png,units,image,png,265x260,yes,android_default,runtime_candidate,copy_or_process
assets_src/generated_character_animations/defender_right_movement/defender_right_anim_09.png,units,image,png,265x260,yes,android_default,runtime_candidate,copy_or_process
assets_src/generated_character_animations/defender_right_movement/defender_right_anim_10.png,units,image,png,265x260,yes,android_default,runtime_candidate,copy_or_process
assets_src/generated_character_animations/defender_right_movement/defender_right_anim_11.png,units,image,png,265x260,yes,android_default,runtime_candidate,copy_or_process
assets_src/generated_character_animations/defender_right_movement/defender_right_anim_12.png,units,image,png,265x260,yes,android_default,runtime_candidate,copy_or_process
assets_src/generated_character_animations/defender_right_movement/defender_right_anim_13.png,units,image,png,265x260,yes,android_default,runtime_candidate,copy_or_process
assets_src/generated_character_animations/defender_right_movement/defender_right_anim_14.png,units,image,png,265x260,yes,android_default,runtime_candidate,copy_or_process
assets_src/generated_character_animations/defender_right_movement/defender_right_anim_15.png,units,image,png,265x260,yes,android_default,runtime_candidate,copy_or_process
assets_src/generated_character_animations/defender_right_movement/defender_right_anim_16.png,units,image,png,265x260,yes,android_default,runtime_candidate,copy_or_process
assets_src/generated_character_animations/defender_right_movement/defender_right_anim_17.png,units,image,png,265x260,yes,android_default,runtime_candidate,copy_or_process
assets_src/generated_character_animations/defender_right_movement/defender_right_anim_18.png,units,image,png,265x260,yes,android_default,runtime_candidate,copy_or_process
assets_src/generated_character_animations/defender_right_movement/defender_right_anim_19.png,units,image,png,265x260,yes,android_default,runtime_candidate,copy_or_process
assets_src/generated_character_animations/defender_right_movement/defender_right_anim_20.png,units,image,png,265x260,yes,android_default,runtime_candidate,copy_or_process
assets_src/generated_character_animations/defender_right_movement/defender_right_anim_21.png,units,image,png,265x260,yes,android_default,runtime_candidate,copy_or_process
assets_src/generated_character_animations/defender_right_movement/defender_right_anim_22.png,units,image,png,265x260,yes,android_default,runtime_candidate,copy_or_process
assets_src/generated_character_animations/defender_right_movement/defender_right_anim_23.png,units,image,png,265x260,yes,android_default,runtime_candidate,copy_or_process
assets_src/generated_projectile_animations/.DS_Store,unclassified,resource_or_other,none,,,android_default,runtime_candidate,review
assets_src/generated_projectile_animations/cluster_bomb_flight/cluster_bomb_flight_00.png,projectiles,image,png,193x206,yes,android_default,runtime_candidate,copy_or_process
assets_src/generated_projectile_animations/cluster_bomb_flight/cluster_bomb_flight_01.png,projectiles,image,png,193x206,yes,android_default,runtime_candidate,copy_or_process
assets_src/generated_projectile_animations/cluster_bomb_flight/cluster_bomb_flight_02.png,projectiles,image,png,193x206,yes,android_default,runtime_candidate,copy_or_process
assets_src/generated_projectile_animations/cluster_bomb_flight/cluster_bomb_flight_03.png,projectiles,image,png,193x206,yes,android_default,runtime_candidate,copy_or_process
assets_src/generated_projectile_animations/cluster_bomb_flight/cluster_bomb_flight_04.png,projectiles,image,png,193x206,yes,android_default,runtime_candidate,copy_or_process
assets_src/generated_projectile_animations/cluster_bomb_flight/cluster_bomb_flight_05.png,projectiles,image,png,193x206,yes,android_default,runtime_candidate,copy_or_process
assets_src/generated_projectile_animations/cluster_bomb_flight/cluster_bomb_flight_06.png,projectiles,image,png,193x206,yes,android_default,runtime_candidate,copy_or_process
assets_src/generated_projectile_animations/cluster_bomb_flight/cluster_bomb_flight_07.png,projectiles,image,png,193x206,yes,android_default,runtime_candidate,copy_or_process
assets_src/generated_projectile_animations/cluster_bomb_flight/cluster_bomb_flight_08.png,projectiles,image,png,193x206,yes,android_default,runtime_candidate,copy_or_process
assets_src/generated_projectile_animations/cluster_bomb_flight/cluster_bomb_flight_09.png,projectiles,image,png,193x206,yes,android_default,runtime_candidate,copy_or_process
assets_src/generated_projectile_animations/cluster_bomb_flight/cluster_bomb_flight_10.png,projectiles,image,png,193x206,yes,android_default,runtime_candidate,copy_or_process
assets_src/generated_projectile_animations/cluster_bomb_flight/cluster_bomb_flight_11.png,projectiles,image,png,193x206,yes,android_default,runtime_candidate,copy_or_process
assets_src/generated_projectile_animations/cluster_bomb_flight/cluster_bomb_flight_12.png,projectiles,image,png,193x206,yes,android_default,runtime_candidate,copy_or_process
assets_src/generated_projectile_animations/cluster_bomb_flight/cluster_bomb_flight_13.png,projectiles,image,png,193x206,yes,android_default,runtime_candidate,copy_or_process
assets_src/generated_projectile_animations/cluster_bomb_flight/cluster_bomb_flight_14.png,projectiles,image,png,193x206,yes,android_default,runtime_candidate,copy_or_process
assets_src/generated_projectile_animations/cluster_bomb_flight/cluster_bomb_flight_15.png,projectiles,image,png,193x206,yes,android_default,runtime_candidate,copy_or_process
assets_src/generated_projectile_animations/cluster_bomb_impact/cluster_bomb_impact_00.png,projectiles,image,png,193x206,yes,android_default,runtime_candidate,copy_or_process
assets_src/generated_projectile_animations/cluster_bomb_impact/cluster_bomb_impact_01.png,projectiles,image,png,193x206,yes,android_default,runtime_candidate,copy_or_process
assets_src/generated_projectile_animations/cluster_bomb_impact/cluster_bomb_impact_02.png,projectiles,image,png,193x206,yes,android_default,runtime_candidate,copy_or_process
assets_src/generated_projectile_animations/cluster_bomb_impact/cluster_bomb_impact_03.png,projectiles,image,png,193x206,yes,android_default,runtime_candidate,copy_or_process
assets_src/generated_projectile_animations/cluster_bomb_impact/cluster_bomb_impact_04.png,projectiles,image,png,193x206,yes,android_default,runtime_candidate,copy_or_process
assets_src/generated_projectile_animations/cluster_bomb_impact/cluster_bomb_impact_05.png,projectiles,image,png,193x206,yes,android_default,runtime_candidate,copy_or_process
assets_src/generated_projectile_animations/cluster_bomb_impact/cluster_bomb_impact_06.png,projectiles,image,png,193x206,yes,android_default,runtime_candidate,copy_or_process
assets_src/generated_projectile_animations/cluster_bomb_impact/cluster_bomb_impact_07.png,projectiles,image,png,193x206,yes,android_default,runtime_candidate,copy_or_process
assets_src/generated_projectile_animations/cluster_bomb_impact/cluster_bomb_impact_08.png,projectiles,image,png,193x206,yes,android_default,runtime_candidate,copy_or_process
assets_src/generated_projectile_animations/cluster_bomb_impact/cluster_bomb_impact_09.png,projectiles,image,png,193x206,yes,android_default,runtime_candidate,copy_or_process
assets_src/generated_projectile_animations/cluster_bomb_impact/cluster_bomb_impact_10.png,projectiles,image,png,193x206,yes,android_default,runtime_candidate,copy_or_process
assets_src/generated_projectile_animations/cluster_bomb_impact/cluster_bomb_impact_11.png,projectiles,image,png,193x206,yes,android_default,runtime_candidate,copy_or_process
assets_src/generated_projectile_animations/cluster_bomb_impact/cluster_bomb_impact_12.png,projectiles,image,png,193x206,yes,android_default,runtime_candidate,copy_or_process
assets_src/generated_projectile_animations/cluster_bomb_impact/cluster_bomb_impact_13.png,projectiles,image,png,193x206,yes,android_default,runtime_candidate,copy_or_process
assets_src/generated_projectile_animations/cluster_bomb_impact/cluster_bomb_impact_14.png,projectiles,image,png,193x206,yes,android_default,runtime_candidate,copy_or_process
assets_src/generated_projectile_animations/cluster_bomb_impact/cluster_bomb_impact_15.png,projectiles,image,png,193x206,yes,android_default,runtime_candidate,copy_or_process
assets_src/generated_projectile_animations/cluster_bomb_impact/cluster_bomb_impact_16.png,projectiles,image,png,193x206,yes,android_default,runtime_candidate,copy_or_process
assets_src/generated_projectile_animations/cluster_bomb_impact/cluster_bomb_impact_17.png,projectiles,image,png,193x206,yes,android_default,runtime_candidate,copy_or_process
assets_src/generated_projectile_animations/cluster_bomb_impact/cluster_bomb_impact_18.png,projectiles,image,png,193x206,yes,android_default,runtime_candidate,copy_or_process
assets_src/generated_projectile_animations/cluster_bomb_impact/cluster_bomb_impact_19.png,projectiles,image,png,193x206,yes,android_default,runtime_candidate,copy_or_process
assets_src/generated_projectile_animations/cluster_bomb_impact/cluster_bomb_impact_20.png,projectiles,image,png,193x206,yes,android_default,runtime_candidate,copy_or_process
assets_src/generated_projectile_animations/cluster_bomb_impact/cluster_bomb_impact_21.png,projectiles,image,png,193x206,yes,android_default,runtime_candidate,copy_or_process
assets_src/generated_projectile_animations/cluster_bomb_impact/cluster_bomb_impact_22.png,projectiles,image,png,193x206,yes,android_default,runtime_candidate,copy_or_process
assets_src/generated_projectile_animations/cluster_bomb_impact/cluster_bomb_impact_23.png,projectiles,image,png,193x206,yes,android_default,runtime_candidate,copy_or_process
assets_src/generated_projectile_animations/cluster_bomb_impact/cluster_bomb_impact_24.png,projectiles,image,png,193x206,yes,android_default,runtime_candidate,copy_or_process
assets_src/generated_projectile_animations/cluster_bomb_impact/cluster_bomb_impact_25.png,projectiles,image,png,193x206,yes,android_default,runtime_candidate,copy_or_process
assets_src/generated_projectile_animations/cluster_bomb_impact/cluster_bomb_impact_26.png,projectiles,image,png,193x206,yes,android_default,runtime_candidate,copy_or_process
assets_src/generated_projectile_animations/cluster_bomb_impact/cluster_bomb_impact_27.png,projectiles,image,png,193x206,yes,android_default,runtime_candidate,copy_or_process
assets_src/generated_projectile_animations/cluster_bomb_impact/cluster_bomb_impact_28.png,projectiles,image,png,193x206,yes,android_default,runtime_candidate,copy_or_process
assets_src/generated_projectile_animations/cluster_bomb_impact/cluster_bomb_impact_29.png,projectiles,image,png,193x206,yes,android_default,runtime_candidate,copy_or_process
assets_src/generated_projectile_animations/cluster_bomb_impact/cluster_bomb_impact_30.png,projectiles,image,png,193x206,yes,android_default,runtime_candidate,copy_or_process
assets_src/generated_projectile_animations/cluster_bomb_impact/cluster_bomb_impact_31.png,projectiles,image,png,193x206,yes,android_default,runtime_candidate,copy_or_process
assets_src/generated_projectile_animations/fire_rain_flight/fire_rain_flight_00.png,projectiles,image,png,195x235,yes,android_default,runtime_candidate,copy_or_process
assets_src/generated_projectile_animations/fire_rain_flight/fire_rain_flight_01.png,projectiles,image,png,195x235,yes,android_default,runtime_candidate,copy_or_process
assets_src/generated_projectile_animations/fire_rain_flight/fire_rain_flight_02.png,projectiles,image,png,195x235,yes,android_default,runtime_candidate,copy_or_process
assets_src/generated_projectile_animations/fire_rain_flight/fire_rain_flight_03.png,projectiles,image,png,195x235,yes,android_default,runtime_candidate,copy_or_process
assets_src/generated_projectile_animations/fire_rain_flight/fire_rain_flight_04.png,projectiles,image,png,195x235,yes,android_default,runtime_candidate,copy_or_process
assets_src/generated_projectile_animations/fire_rain_flight/fire_rain_flight_05.png,projectiles,image,png,195x235,yes,android_default,runtime_candidate,copy_or_process
assets_src/generated_projectile_animations/fire_rain_flight/fire_rain_flight_06.png,projectiles,image,png,195x235,yes,android_default,runtime_candidate,copy_or_process
assets_src/generated_projectile_animations/fire_rain_flight/fire_rain_flight_07.png,projectiles,image,png,195x235,yes,android_default,runtime_candidate,copy_or_process
assets_src/generated_projectile_animations/fire_rain_flight/fire_rain_flight_08.png,projectiles,image,png,195x235,yes,android_default,runtime_candidate,copy_or_process
assets_src/generated_projectile_animations/fire_rain_flight/fire_rain_flight_09.png,projectiles,image,png,195x235,yes,android_default,runtime_candidate,copy_or_process
assets_src/generated_projectile_animations/fire_rain_flight/fire_rain_flight_10.png,projectiles,image,png,195x235,yes,android_default,runtime_candidate,copy_or_process
assets_src/generated_projectile_animations/fire_rain_flight/fire_rain_flight_11.png,projectiles,image,png,195x235,yes,android_default,runtime_candidate,copy_or_process
assets_src/generated_projectile_animations/fire_rain_flight/fire_rain_flight_12.png,projectiles,image,png,195x235,yes,android_default,runtime_candidate,copy_or_process
assets_src/generated_projectile_animations/fire_rain_flight/fire_rain_flight_13.png,projectiles,image,png,195x235,yes,android_default,runtime_candidate,copy_or_process
assets_src/generated_projectile_animations/fire_rain_flight/fire_rain_flight_14.png,projectiles,image,png,195x235,yes,android_default,runtime_candidate,copy_or_process
assets_src/generated_projectile_animations/fire_rain_flight/fire_rain_flight_15.png,projectiles,image,png,195x235,yes,android_default,runtime_candidate,copy_or_process
assets_src/generated_projectile_animations/fire_rain_impact/fire_rain_impact_00.png,projectiles,image,png,185x231,yes,android_default,runtime_candidate,copy_or_process
assets_src/generated_projectile_animations/fire_rain_impact/fire_rain_impact_01.png,projectiles,image,png,185x231,yes,android_default,runtime_candidate,copy_or_process
assets_src/generated_projectile_animations/fire_rain_impact/fire_rain_impact_02.png,projectiles,image,png,185x231,yes,android_default,runtime_candidate,copy_or_process
assets_src/generated_projectile_animations/fire_rain_impact/fire_rain_impact_03.png,projectiles,image,png,185x231,yes,android_default,runtime_candidate,copy_or_process
assets_src/generated_projectile_animations/fire_rain_impact/fire_rain_impact_04.png,projectiles,image,png,185x231,yes,android_default,runtime_candidate,copy_or_process
assets_src/generated_projectile_animations/fire_rain_impact/fire_rain_impact_05.png,projectiles,image,png,185x231,yes,android_default,runtime_candidate,copy_or_process
assets_src/generated_projectile_animations/fire_rain_impact/fire_rain_impact_06.png,projectiles,image,png,185x231,yes,android_default,runtime_candidate,copy_or_process
assets_src/generated_projectile_animations/fire_rain_impact/fire_rain_impact_07.png,projectiles,image,png,185x231,yes,android_default,runtime_candidate,copy_or_process
assets_src/generated_projectile_animations/fire_rain_impact/fire_rain_impact_08.png,projectiles,image,png,185x231,yes,android_default,runtime_candidate,copy_or_process
assets_src/generated_projectile_animations/fire_rain_impact/fire_rain_impact_09.png,projectiles,image,png,185x231,yes,android_default,runtime_candidate,copy_or_process
assets_src/generated_projectile_animations/fire_rain_impact/fire_rain_impact_10.png,projectiles,image,png,185x231,yes,android_default,runtime_candidate,copy_or_process
assets_src/generated_projectile_animations/fire_rain_impact/fire_rain_impact_11.png,projectiles,image,png,185x231,yes,android_default,runtime_candidate,copy_or_process
assets_src/generated_projectile_animations/fire_rain_impact/fire_rain_impact_12.png,projectiles,image,png,185x231,yes,android_default,runtime_candidate,copy_or_process
assets_src/generated_projectile_animations/fire_rain_impact/fire_rain_impact_13.png,projectiles,image,png,185x231,yes,android_default,runtime_candidate,copy_or_process
assets_src/generated_projectile_animations/fire_rain_impact/fire_rain_impact_14.png,projectiles,image,png,185x231,yes,android_default,runtime_candidate,copy_or_process
assets_src/generated_projectile_animations/fire_rain_impact/fire_rain_impact_15.png,projectiles,image,png,185x231,yes,android_default,runtime_candidate,copy_or_process
assets_src/generated_projectile_animations/fire_rain_impact/fire_rain_impact_16.png,projectiles,image,png,185x231,yes,android_default,runtime_candidate,copy_or_process
assets_src/generated_projectile_animations/fire_rain_impact/fire_rain_impact_17.png,projectiles,image,png,185x231,yes,android_default,runtime_candidate,copy_or_process
assets_src/generated_projectile_animations/fire_rain_impact/fire_rain_impact_18.png,projectiles,image,png,185x231,yes,android_default,runtime_candidate,copy_or_process
assets_src/generated_projectile_animations/fire_rain_impact/fire_rain_impact_19.png,projectiles,image,png,185x231,yes,android_default,runtime_candidate,copy_or_process
assets_src/generated_projectile_animations/fire_rain_impact/fire_rain_impact_20.png,projectiles,image,png,185x231,yes,android_default,runtime_candidate,copy_or_process
assets_src/generated_projectile_animations/fire_rain_impact/fire_rain_impact_21.png,projectiles,image,png,185x231,yes,android_default,runtime_candidate,copy_or_process
assets_src/generated_projectile_animations/fire_rain_impact/fire_rain_impact_22.png,projectiles,image,png,185x231,yes,android_default,runtime_candidate,copy_or_process
assets_src/generated_projectile_animations/fire_rain_impact/fire_rain_impact_23.png,projectiles,image,png,185x231,yes,android_default,runtime_candidate,copy_or_process
assets_src/generated_projectile_animations/runic_bastion_flight/runic_bastion_flight_00.png,spells,image,png,226x225,yes,android_default,runtime_candidate,copy_or_process
assets_src/generated_projectile_animations/runic_bastion_flight/runic_bastion_flight_01.png,spells,image,png,226x225,yes,android_default,runtime_candidate,copy_or_process
assets_src/generated_projectile_animations/runic_bastion_flight/runic_bastion_flight_02.png,spells,image,png,226x225,yes,android_default,runtime_candidate,copy_or_process
assets_src/generated_projectile_animations/runic_bastion_flight/runic_bastion_flight_03.png,spells,image,png,226x225,yes,android_default,runtime_candidate,copy_or_process
assets_src/generated_projectile_animations/runic_bastion_flight/runic_bastion_flight_04.png,spells,image,png,226x225,yes,android_default,runtime_candidate,copy_or_process
assets_src/generated_projectile_animations/runic_bastion_flight/runic_bastion_flight_05.png,spells,image,png,226x225,yes,android_default,runtime_candidate,copy_or_process
assets_src/generated_projectile_animations/runic_bastion_flight/runic_bastion_flight_06.png,spells,image,png,226x225,yes,android_default,runtime_candidate,copy_or_process
assets_src/generated_projectile_animations/runic_bastion_flight/runic_bastion_flight_07.png,spells,image,png,226x225,yes,android_default,runtime_candidate,copy_or_process
assets_src/generated_projectile_animations/runic_bastion_flight/runic_bastion_flight_08.png,spells,image,png,226x225,yes,android_default,runtime_candidate,copy_or_process
assets_src/generated_projectile_animations/runic_bastion_flight/runic_bastion_flight_09.png,spells,image,png,226x225,yes,android_default,runtime_candidate,copy_or_process
assets_src/generated_projectile_animations/runic_bastion_flight/runic_bastion_flight_10.png,spells,image,png,226x225,yes,android_default,runtime_candidate,copy_or_process
assets_src/generated_projectile_animations/runic_bastion_flight/runic_bastion_flight_11.png,spells,image,png,226x225,yes,android_default,runtime_candidate,copy_or_process
assets_src/generated_projectile_animations/runic_bastion_flight/runic_bastion_flight_12.png,spells,image,png,226x225,yes,android_default,runtime_candidate,copy_or_process
assets_src/generated_projectile_animations/runic_bastion_flight/runic_bastion_flight_13.png,spells,image,png,226x225,yes,android_default,runtime_candidate,copy_or_process
assets_src/generated_projectile_animations/runic_bastion_flight/runic_bastion_flight_14.png,spells,image,png,226x225,yes,android_default,runtime_candidate,copy_or_process
assets_src/generated_projectile_animations/runic_bastion_flight/runic_bastion_flight_15.png,spells,image,png,226x225,yes,android_default,runtime_candidate,copy_or_process
assets_src/generated_projectile_animations/runic_bastion_flight/runic_bastion_flight_16.png,spells,image,png,226x225,yes,android_default,runtime_candidate,copy_or_process
assets_src/generated_projectile_animations/runic_bastion_flight/runic_bastion_flight_17.png,spells,image,png,226x225,yes,android_default,runtime_candidate,copy_or_process
assets_src/generated_projectile_animations/runic_bastion_flight/runic_bastion_flight_18.png,spells,image,png,226x225,yes,android_default,runtime_candidate,copy_or_process
assets_src/generated_projectile_animations/runic_bastion_flight/runic_bastion_flight_19.png,spells,image,png,226x225,yes,android_default,runtime_candidate,copy_or_process
assets_src/generated_projectile_animations/runic_bastion_flight/runic_bastion_flight_20.png,spells,image,png,226x225,yes,android_default,runtime_candidate,copy_or_process
assets_src/generated_projectile_animations/runic_bastion_flight/runic_bastion_flight_21.png,spells,image,png,226x225,yes,android_default,runtime_candidate,copy_or_process
assets_src/generated_projectile_animations/runic_bastion_flight/runic_bastion_flight_22.png,spells,image,png,226x225,yes,android_default,runtime_candidate,copy_or_process
assets_src/generated_projectile_animations/runic_bastion_flight/runic_bastion_flight_23.png,spells,image,png,226x225,yes,android_default,runtime_candidate,copy_or_process
assets_src/generated_projectile_animations/runic_bastion_flight/runic_bastion_flight_24.png,spells,image,png,226x225,yes,android_default,runtime_candidate,copy_or_process
assets_src/generated_projectile_animations/runic_bastion_flight/runic_bastion_flight_25.png,spells,image,png,226x225,yes,android_default,runtime_candidate,copy_or_process
assets_src/generated_projectile_animations/runic_bastion_flight/runic_bastion_flight_26.png,spells,image,png,226x225,yes,android_default,runtime_candidate,copy_or_process
assets_src/generated_projectile_animations/runic_bastion_flight/runic_bastion_flight_27.png,spells,image,png,226x225,yes,android_default,runtime_candidate,copy_or_process
assets_src/generated_projectile_animations/runic_bastion_flight/runic_bastion_flight_28.png,spells,image,png,226x225,yes,android_default,runtime_candidate,copy_or_process
assets_src/generated_projectile_animations/runic_bastion_flight/runic_bastion_flight_29.png,spells,image,png,226x225,yes,android_default,runtime_candidate,copy_or_process
assets_src/generated_projectile_animations/runic_bastion_flight/runic_bastion_flight_30.png,spells,image,png,226x225,yes,android_default,runtime_candidate,copy_or_process
assets_src/generated_projectile_animations/runic_bastion_flight/runic_bastion_flight_31.png,spells,image,png,226x225,yes,android_default,runtime_candidate,copy_or_process
assets_src/user_reference/.DS_Store,unclassified,resource_or_other,none,,,android_default,runtime_candidate,review
assets_src/user_reference/Urkaaaz_Catapult_Chaos_runic_icons_v2_FINAL_512_RGBA.zip,catapults,resource_or_other,zip,,,android_default,runtime_candidate,copy_or_process
assets_src/user_reference/ashen_march/ashen_march_final_boss_first_frame_accepted_2026-10-06.png,unclassified,image,png,1145x1374,yes,android_default,runtime_candidate,review
assets_src/user_reference/ashen_march/background_ashen_march_source_2000x1125.png,backgrounds,image,png,2000x1125,no,android_default,runtime_candidate,copy_or_process
assets_src/user_reference/ashen_march/burntwood_warden_idle_2026-10-06/central_objective_burntwood_warden_idle_00.png,fortresses,image,png,1254x1254,yes,android_default,runtime_candidate,copy_or_process
assets_src/user_reference/ashen_march/burntwood_warden_idle_2026-10-06/central_objective_burntwood_warden_idle_01.png,fortresses,image,png,1254x1254,yes,android_default,runtime_candidate,copy_or_process
assets_src/user_reference/ashen_march/burntwood_warden_idle_2026-10-06/central_objective_burntwood_warden_idle_02.png,fortresses,image,png,1254x1254,yes,android_default,runtime_candidate,copy_or_process
assets_src/user_reference/ashen_march/burntwood_warden_idle_2026-10-06/central_objective_burntwood_warden_idle_03.png,fortresses,image,png,1254x1254,yes,android_default,runtime_candidate,copy_or_process
assets_src/user_reference/ashen_march/burntwood_warden_idle_2026-10-06/central_objective_burntwood_warden_idle_04.png,fortresses,image,png,1254x1254,yes,android_default,runtime_candidate,copy_or_process
assets_src/user_reference/ashen_march/burntwood_warden_idle_2026-10-06/central_objective_burntwood_warden_idle_05.png,fortresses,image,png,1254x1254,yes,android_default,runtime_candidate,copy_or_process
assets_src/user_reference/ashen_march/burntwood_warden_idle_2026-10-06/central_objective_burntwood_warden_idle_06.png,fortresses,image,png,1254x1254,yes,android_default,runtime_candidate,copy_or_process
assets_src/user_reference/ashen_march/burntwood_warden_idle_2026-10-06/central_objective_burntwood_warden_idle_07.png,fortresses,image,png,1254x1254,yes,android_default,runtime_candidate,copy_or_process
assets_src/user_reference/ashen_march/burntwood_warden_idle_2026-10-06/central_objective_burntwood_warden_idle_08.png,fortresses,image,png,1254x1254,yes,android_default,runtime_candidate,copy_or_process
assets_src/user_reference/ashen_march/burntwood_warden_idle_2026-10-06/central_objective_burntwood_warden_idle_09.png,fortresses,image,png,1254x1254,yes,android_default,runtime_candidate,copy_or_process
assets_src/user_reference/ashen_march/burntwood_warden_idle_2026-10-06/central_objective_burntwood_warden_idle_10.png,fortresses,image,png,1254x1254,yes,android_default,runtime_candidate,copy_or_process
assets_src/user_reference/ashen_march/burntwood_warden_idle_2026-10-06/central_objective_burntwood_warden_idle_11.png,fortresses,image,png,1254x1254,yes,android_default,runtime_candidate,copy_or_process
assets_src/user_reference/ashen_march/burntwood_warden_idle_dynamic_2026-10-06/central_objective_burntwood_warden_idle_00.png,fortresses,image,png,1254x1254,yes,android_default,runtime_candidate,copy_or_process
assets_src/user_reference/ashen_march/burntwood_warden_idle_dynamic_2026-10-06/central_objective_burntwood_warden_idle_01.png,fortresses,image,png,1254x1254,yes,android_default,runtime_candidate,copy_or_process
assets_src/user_reference/ashen_march/burntwood_warden_idle_dynamic_2026-10-06/central_objective_burntwood_warden_idle_02.png,fortresses,image,png,1254x1254,yes,android_default,runtime_candidate,copy_or_process
assets_src/user_reference/ashen_march/burntwood_warden_idle_dynamic_2026-10-06/central_objective_burntwood_warden_idle_03.png,fortresses,image,png,1254x1254,yes,android_default,runtime_candidate,copy_or_process
assets_src/user_reference/ashen_march/burntwood_warden_idle_dynamic_2026-10-06/central_objective_burntwood_warden_idle_04.png,fortresses,image,png,1254x1254,yes,android_default,runtime_candidate,copy_or_process
assets_src/user_reference/ashen_march/burntwood_warden_idle_dynamic_2026-10-06/central_objective_burntwood_warden_idle_05.png,fortresses,image,png,1254x1254,yes,android_default,runtime_candidate,copy_or_process
assets_src/user_reference/ashen_march/burntwood_warden_idle_dynamic_2026-10-06/central_objective_burntwood_warden_idle_06.png,fortresses,image,png,1254x1254,yes,android_default,runtime_candidate,copy_or_process
assets_src/user_reference/ashen_march/burntwood_warden_idle_dynamic_2026-10-06/central_objective_burntwood_warden_idle_07.png,fortresses,image,png,1254x1254,yes,android_default,runtime_candidate,copy_or_process
assets_src/user_reference/ashen_march/burntwood_warden_idle_dynamic_2026-10-06/central_objective_burntwood_warden_idle_08.png,fortresses,image,png,1254x1254,yes,android_default,runtime_candidate,copy_or_process
assets_src/user_reference/ashen_march/burntwood_warden_idle_dynamic_2026-10-06/central_objective_burntwood_warden_idle_09.png,fortresses,image,png,1254x1254,yes,android_default,runtime_candidate,copy_or_process
assets_src/user_reference/ashen_march/burntwood_warden_idle_dynamic_2026-10-06/central_objective_burntwood_warden_idle_10.png,fortresses,image,png,1254x1254,yes,android_default,runtime_candidate,copy_or_process
assets_src/user_reference/ashen_march/burntwood_warden_idle_dynamic_2026-10-06/central_objective_burntwood_warden_idle_11.png,fortresses,image,png,1254x1254,yes,android_default,runtime_candidate,copy_or_process
assets_src/user_reference/ashen_march/central_objective_burntwood_warden_accepted_2026-10-06.png,fortresses,image,png,1254x1254,yes,android_default,runtime_candidate,copy_or_process
assets_src/user_reference/ashen_march/fortress_ashen_march_left.png,fortresses,image,png,1024x768,yes,android_default,runtime_candidate,copy_or_process
assets_src/user_reference/ashen_march/fortress_ashen_march_right.png,fortresses,image,png,1024x768,yes,android_default,runtime_candidate,copy_or_process
assets_src/user_reference/ashen_march/terrain_ashen_march_cap.png,terrain,image,png,384x72,yes,android_default,runtime_candidate,copy_or_process
assets_src/user_reference/ashen_march/terrain_ashen_march_prop_00.png,terrain,image,png,512x512,yes,android_default,runtime_candidate,copy_or_process
assets_src/user_reference/ashen_march/terrain_ashen_march_prop_01.png,terrain,image,png,512x512,yes,android_default,runtime_candidate,copy_or_process
assets_src/user_reference/ashen_march/terrain_ashen_march_prop_02.png,terrain,image,png,512x512,yes,android_default,runtime_candidate,copy_or_process
assets_src/user_reference/ashen_march/terrain_ashen_march_prop_03.png,terrain,image,png,512x512,yes,android_default,runtime_candidate,copy_or_process
assets_src/user_reference/ashen_march/terrain_ashen_march_prop_04.png,terrain,image,png,512x512,yes,android_default,runtime_candidate,copy_or_process
assets_src/user_reference/ashen_march/terrain_ashen_march_prop_05.png,terrain,image,png,512x512,yes,android_default,runtime_candidate,copy_or_process
assets_src/user_reference/ashen_march/terrain_ashen_march_prop_06.png,terrain,image,png,512x512,yes,android_default,runtime_candidate,copy_or_process
assets_src/user_reference/ashen_march/terrain_ashen_march_prop_07.png,terrain,image,png,512x512,yes,android_default,runtime_candidate,copy_or_process
assets_src/user_reference/ashen_march/terrain_ashen_march_relic_01_burned_goblin_helmet.png,terrain,image,png,1024x1024,yes,android_default,runtime_candidate,copy_or_process
assets_src/user_reference/ashen_march/terrain_ashen_march_relic_02_burned_spoon.png,terrain,image,png,1024x1024,yes,android_default,runtime_candidate,copy_or_process
assets_src/user_reference/ashen_march/terrain_ashen_march_relic_03_cracked_ash_bottle.png,terrain,image,png,1024x1024,yes,android_default,runtime_candidate,copy_or_process
assets_src/user_reference/ashen_march/terrain_ashen_march_relic_04_charred_tower_bone.png,terrain,image,png,1024x1024,yes,android_default,runtime_candidate,copy_or_process
assets_src/user_reference/ashen_march/terrain_ashen_march_relic_05_melted_paw_coin.png,terrain,image,png,1024x1024,yes,android_default,runtime_candidate,copy_or_process
assets_src/user_reference/ashen_march/terrain_ashen_march_relic_06_cart_wheel_fragment.png,terrain,image,png,1024x1024,yes,android_default,runtime_candidate,copy_or_process
assets_src/user_reference/ashen_march/terrain_ashen_march_relic_07_extinguished_candle.png,terrain,image,png,1024x1024,yes,android_default,runtime_candidate,copy_or_process
assets_src/user_reference/ashen_march/terrain_ashen_march_relic_08_burned_glove.png,terrain,image,png,1024x1024,yes,android_default,runtime_candidate,copy_or_process
assets_src/user_reference/ashen_march/terrain_ashen_march_relic_09_charred_carrot.png,terrain,image,png,1024x1024,yes,android_default,runtime_candidate,copy_or_process
assets_src/user_reference/ashen_march/terrain_ashen_march_relic_10_empty_ash_pot.png,terrain,image,png,1024x1024,yes,android_default,runtime_candidate,copy_or_process
assets_src/user_reference/ashen_march/terrain_ashen_march_rock_00.png,terrain,image,png,512x512,yes,android_default,runtime_candidate,copy_or_process
assets_src/user_reference/ashen_march/terrain_ashen_march_rock_01.png,terrain,image,png,512x512,yes,android_default,runtime_candidate,copy_or_process
assets_src/user_reference/ashen_march/terrain_ashen_march_rock_02.png,terrain,image,png,512x512,yes,android_default,runtime_candidate,copy_or_process
assets_src/user_reference/ashen_march/terrain_ashen_march_rock_03.png,terrain,image,png,512x512,yes,android_default,runtime_candidate,copy_or_process
assets_src/user_reference/ashen_march/terrain_ashen_march_rock_04.png,terrain,image,png,512x512,yes,android_default,runtime_candidate,copy_or_process
assets_src/user_reference/ashen_march/terrain_ashen_march_rock_05.png,terrain,image,png,512x512,yes,android_default,runtime_candidate,copy_or_process
assets_src/user_reference/ashen_march/terrain_ashen_march_soil_fill_00.png,terrain,image,png,1024x1024,yes,android_default,runtime_candidate,copy_or_process
assets_src/user_reference/ashen_march/terrain_ashen_march_tree_00.png,terrain,image,png,768x768,yes,android_default,runtime_candidate,copy_or_process
assets_src/user_reference/ashen_march/terrain_ashen_march_tree_01.png,terrain,image,png,768x768,yes,android_default,runtime_candidate,copy_or_process
assets_src/user_reference/ashen_march/terrain_ashen_march_tree_02.png,terrain,image,png,768x768,yes,android_default,runtime_candidate,copy_or_process
assets_src/user_reference/ashen_march/terrain_ashen_march_tree_03.png,terrain,image,png,768x768,yes,android_default,runtime_candidate,copy_or_process
assets_src/user_reference/ashen_march/terrain_ashen_march_tree_04.png,terrain,image,png,768x768,yes,android_default,runtime_candidate,copy_or_process
assets_src/user_reference/ashen_march/terrain_ashen_march_tree_05.png,terrain,image,png,768x768,yes,android_default,runtime_candidate,copy_or_process
assets_src/user_reference/background_copperwood_compact.png,backgrounds,image,png,1536x1024,no,android_default,runtime_candidate,copy_or_process
assets_src/user_reference/background_copperwood_previous.png,backgrounds,image,png,2048x1024,no,android_default,runtime_candidate,copy_or_process
assets_src/user_reference/background_copperwood_source_2026-10-03_v2.png,backgrounds,image,png,1536x1024,no,android_default,runtime_candidate,copy_or_process
assets_src/user_reference/battlefield_backdrop_clean.jpg,backgrounds,image,jpg,,,android_default,runtime_candidate,copy_or_process
assets_src/user_reference/berserker_icon_source.png,ui,image,png,1254x1254,yes,android_default,runtime_candidate,copy_or_process
assets_src/user_reference/central_objectives/chapter_01/ancient_war_oak_source.png,unclassified,image,png,1254x1254,yes,android_default,runtime_candidate,review
assets_src/user_reference/central_objectives/chapter_01/idle_frames/frame_00.png,unclassified,image,png,185x203,yes,android_default,runtime_candidate,review
assets_src/user_reference/central_objectives/chapter_01/idle_frames/frame_01.png,unclassified,image,png,185x203,yes,android_default,runtime_candidate,review
assets_src/user_reference/central_objectives/chapter_01/idle_frames/frame_02.png,unclassified,image,png,185x203,yes,android_default,runtime_candidate,review
assets_src/user_reference/central_objectives/chapter_01/idle_frames/frame_03.png,unclassified,image,png,185x203,yes,android_default,runtime_candidate,review
assets_src/user_reference/central_objectives/chapter_01/idle_frames/frame_04.png,unclassified,image,png,185x203,yes,android_default,runtime_candidate,review
assets_src/user_reference/central_objectives/chapter_01/idle_frames/frame_05.png,unclassified,image,png,185x203,yes,android_default,runtime_candidate,review
assets_src/user_reference/central_objectives/chapter_01/idle_frames/frame_06.png,unclassified,image,png,185x203,yes,android_default,runtime_candidate,review
assets_src/user_reference/central_objectives/chapter_01/idle_frames/frame_07.png,unclassified,image,png,185x203,yes,android_default,runtime_candidate,review
assets_src/user_reference/central_objectives/chapter_01/idle_frames/frame_08.png,unclassified,image,png,185x203,yes,android_default,runtime_candidate,review
assets_src/user_reference/central_objectives/chapter_01/idle_frames/frame_09.png,unclassified,image,png,185x203,yes,android_default,runtime_candidate,review
assets_src/user_reference/central_objectives/chapter_01/idle_frames/frame_10.png,unclassified,image,png,185x203,yes,android_default,runtime_candidate,review
assets_src/user_reference/central_objectives/chapter_01/idle_frames/frame_11.png,unclassified,image,png,185x203,yes,android_default,runtime_candidate,review
assets_src/user_reference/central_objectives/chapter_01/idle_frames/frame_12.png,unclassified,image,png,185x203,yes,android_default,runtime_candidate,review
assets_src/user_reference/central_objectives/chapter_01/idle_frames/frame_13.png,unclassified,image,png,185x203,yes,android_default,runtime_candidate,review
assets_src/user_reference/central_objectives/chapter_01/idle_frames/frame_14.png,unclassified,image,png,185x203,yes,android_default,runtime_candidate,review
assets_src/user_reference/central_objectives/chapter_01/idle_frames/frame_15.png,unclassified,image,png,185x203,yes,android_default,runtime_candidate,review
assets_src/user_reference/central_objectives/chapter_01/idle_frames/frame_16.png,unclassified,image,png,185x203,yes,android_default,runtime_candidate,review
assets_src/user_reference/central_objectives/chapter_01/idle_frames/frame_17.png,unclassified,image,png,185x203,yes,android_default,runtime_candidate,review
assets_src/user_reference/central_objectives/chapter_01/idle_frames/frame_18.png,unclassified,image,png,185x203,yes,android_default,runtime_candidate,review
assets_src/user_reference/central_objectives/chapter_01/idle_frames/frame_19.png,unclassified,image,png,185x203,yes,android_default,runtime_candidate,review
assets_src/user_reference/central_objectives/chapter_01/idle_frames/frame_20.png,unclassified,image,png,185x203,yes,android_default,runtime_candidate,review
assets_src/user_reference/central_objectives/chapter_01/idle_frames/frame_21.png,unclassified,image,png,185x203,yes,android_default,runtime_candidate,review
assets_src/user_reference/central_objectives/chapter_01/idle_frames/frame_22.png,unclassified,image,png,185x203,yes,android_default,runtime_candidate,review
assets_src/user_reference/central_objectives/chapter_01/idle_frames/frame_23.png,unclassified,image,png,185x203,yes,android_default,runtime_candidate,review
assets_src/user_reference/central_objectives/chapter_01/idle_frames/frame_24.png,unclassified,image,png,185x203,yes,android_default,runtime_candidate,review
assets_src/user_reference/central_objectives/chapter_01/idle_frames/frame_25.png,unclassified,image,png,185x203,yes,android_default,runtime_candidate,review
assets_src/user_reference/central_objectives/chapter_01/idle_frames/frame_26.png,unclassified,image,png,185x203,yes,android_default,runtime_candidate,review
assets_src/user_reference/central_objectives/chapter_01/idle_frames/frame_27.png,unclassified,image,png,185x203,yes,android_default,runtime_candidate,review
assets_src/user_reference/central_objectives/chapter_01/idle_frames/frame_28.png,unclassified,image,png,185x203,yes,android_default,runtime_candidate,review
assets_src/user_reference/central_objectives/chapter_01/idle_frames/frame_29.png,unclassified,image,png,185x203,yes,android_default,runtime_candidate,review
assets_src/user_reference/central_objectives/chapter_01/idle_frames/frame_30.png,unclassified,image,png,185x203,yes,android_default,runtime_candidate,review
assets_src/user_reference/central_objectives/chapter_01/idle_frames/frame_31.png,unclassified,image,png,185x203,yes,android_default,runtime_candidate,review
assets_src/user_reference/central_objectives/chapter_01/idle_frames/frame_32.png,unclassified,image,png,185x203,yes,android_default,runtime_candidate,review
assets_src/user_reference/central_objectives/chapter_01/idle_frames/frame_33.png,unclassified,image,png,185x203,yes,android_default,runtime_candidate,review
assets_src/user_reference/central_objectives/chapter_01/idle_frames/frame_34.png,unclassified,image,png,185x203,yes,android_default,runtime_candidate,review
assets_src/user_reference/central_objectives/chapter_01/idle_frames/frame_35.png,unclassified,image,png,185x203,yes,android_default,runtime_candidate,review
assets_src/user_reference/central_objectives/chapter_01/idle_frames/frame_36.png,unclassified,image,png,185x203,yes,android_default,runtime_candidate,review
assets_src/user_reference/central_objectives/chapter_01/idle_frames/frame_37.png,unclassified,image,png,185x203,yes,android_default,runtime_candidate,review
assets_src/user_reference/central_objectives/chapter_01/idle_frames/frame_38.png,unclassified,image,png,185x203,yes,android_default,runtime_candidate,review
assets_src/user_reference/central_objectives/chapter_01/idle_frames/frame_39.png,unclassified,image,png,185x203,yes,android_default,runtime_candidate,review
assets_src/user_reference/central_objectives/chapter_01/idle_frames/frame_40.png,unclassified,image,png,185x203,yes,android_default,runtime_candidate,review
assets_src/user_reference/central_objectives/chapter_01/idle_frames/frame_41.png,unclassified,image,png,185x203,yes,android_default,runtime_candidate,review
assets_src/user_reference/cloud_mountain_background.jpg,backgrounds,image,jpg,,,android_default,runtime_candidate,copy_or_process
assets_src/user_reference/cluster_bomb_animation_sheet_full.png,projectiles,image,png,1448x1086,yes,android_default,runtime_candidate,copy_or_process
assets_src/user_reference/cluster_bomb_flight_sheet_551a36b977.png,projectiles,image,png,1448x434,yes,android_default,runtime_candidate,copy_or_process
assets_src/user_reference/cluster_bomb_icon.png,projectiles,image,png,1254x1254,yes,android_default,runtime_candidate,copy_or_process
assets_src/user_reference/cluster_bomb_impact_sheet_17b7bb4a60.png,projectiles,image,png,1448x652,yes,android_default,runtime_candidate,copy_or_process
assets_src/user_reference/cluster_bomb_manual_frames/frame_00.png,unclassified,image,png,185x198,yes,android_default,runtime_candidate,review
assets_src/user_reference/cluster_bomb_manual_frames/frame_01.png,unclassified,image,png,185x198,yes,android_default,runtime_candidate,review
assets_src/user_reference/cluster_bomb_manual_frames/frame_02.png,unclassified,image,png,185x198,yes,android_default,runtime_candidate,review
assets_src/user_reference/cluster_bomb_manual_frames/frame_03.png,unclassified,image,png,185x198,yes,android_default,runtime_candidate,review
assets_src/user_reference/cluster_bomb_manual_frames/frame_04.png,unclassified,image,png,185x198,yes,android_default,runtime_candidate,review
assets_src/user_reference/cluster_bomb_manual_frames/frame_05.png,unclassified,image,png,185x198,yes,android_default,runtime_candidate,review
assets_src/user_reference/cluster_bomb_manual_frames/frame_06.png,unclassified,image,png,185x198,yes,android_default,runtime_candidate,review
assets_src/user_reference/cluster_bomb_manual_frames/frame_07.png,unclassified,image,png,185x198,yes,android_default,runtime_candidate,review
assets_src/user_reference/cluster_bomb_manual_frames/frame_08.png,unclassified,image,png,185x198,yes,android_default,runtime_candidate,review
assets_src/user_reference/cluster_bomb_manual_frames/frame_09.png,unclassified,image,png,185x198,yes,android_default,runtime_candidate,review
assets_src/user_reference/cluster_bomb_manual_frames/frame_10.png,unclassified,image,png,185x198,yes,android_default,runtime_candidate,review
assets_src/user_reference/cluster_bomb_manual_frames/frame_11.png,unclassified,image,png,185x198,yes,android_default,runtime_candidate,review
assets_src/user_reference/cluster_bomb_manual_frames/frame_12.png,unclassified,image,png,185x198,yes,android_default,runtime_candidate,review
assets_src/user_reference/cluster_bomb_manual_frames/frame_13.png,unclassified,image,png,185x198,yes,android_default,runtime_candidate,review
assets_src/user_reference/cluster_bomb_manual_frames/frame_14.png,unclassified,image,png,185x198,yes,android_default,runtime_candidate,review
assets_src/user_reference/cluster_bomb_manual_frames/frame_15.png,unclassified,image,png,185x198,yes,android_default,runtime_candidate,review
assets_src/user_reference/cluster_bomb_manual_frames/frame_16.png,unclassified,image,png,185x198,yes,android_default,runtime_candidate,review
assets_src/user_reference/cluster_bomb_manual_frames/frame_17.png,unclassified,image,png,185x198,yes,android_default,runtime_candidate,review
assets_src/user_reference/cluster_bomb_manual_frames/frame_18.png,unclassified,image,png,185x198,yes,android_default,runtime_candidate,review
assets_src/user_reference/cluster_bomb_manual_frames/frame_19.png,unclassified,image,png,185x198,yes,android_default,runtime_candidate,review
assets_src/user_reference/cluster_bomb_manual_frames/frame_20.png,unclassified,image,png,185x198,yes,android_default,runtime_candidate,review
assets_src/user_reference/cluster_bomb_manual_frames/frame_21.png,unclassified,image,png,185x198,yes,android_default,runtime_candidate,review
assets_src/user_reference/cluster_bomb_manual_frames/frame_22.png,unclassified,image,png,185x198,yes,android_default,runtime_candidate,review
assets_src/user_reference/cluster_bomb_manual_frames/frame_23.png,unclassified,image,png,185x198,yes,android_default,runtime_candidate,review
assets_src/user_reference/cluster_bomb_manual_frames/frame_24.png,unclassified,image,png,185x198,yes,android_default,runtime_candidate,review
assets_src/user_reference/cluster_bomb_manual_frames/frame_25.png,unclassified,image,png,185x198,yes,android_default,runtime_candidate,review
assets_src/user_reference/cluster_bomb_manual_frames/frame_26.png,unclassified,image,png,185x198,yes,android_default,runtime_candidate,review
assets_src/user_reference/cluster_bomb_manual_frames/frame_27.png,unclassified,image,png,185x198,yes,android_default,runtime_candidate,review
assets_src/user_reference/cluster_bomb_manual_frames/frame_28.png,unclassified,image,png,185x198,yes,android_default,runtime_candidate,review
assets_src/user_reference/cluster_bomb_manual_frames/frame_29.png,unclassified,image,png,185x198,yes,android_default,runtime_candidate,review
assets_src/user_reference/cluster_bomb_manual_frames/frame_30.png,unclassified,image,png,185x198,yes,android_default,runtime_candidate,review
assets_src/user_reference/cluster_bomb_manual_frames/frame_31.png,unclassified,image,png,185x198,yes,android_default,runtime_candidate,review
assets_src/user_reference/cluster_bomb_manual_frames/frame_32.png,unclassified,image,png,185x198,yes,android_default,runtime_candidate,review
assets_src/user_reference/cluster_bomb_manual_frames/frame_33.png,unclassified,image,png,185x198,yes,android_default,runtime_candidate,review
assets_src/user_reference/cluster_bomb_manual_frames/frame_34.png,unclassified,image,png,185x198,yes,android_default,runtime_candidate,review
assets_src/user_reference/cluster_bomb_manual_frames/frame_35.png,unclassified,image,png,185x198,yes,android_default,runtime_candidate,review
assets_src/user_reference/cluster_bomb_manual_frames/frame_36.png,unclassified,image,png,185x198,yes,android_default,runtime_candidate,review
assets_src/user_reference/cluster_bomb_manual_frames/frame_37.png,unclassified,image,png,185x198,yes,android_default,runtime_candidate,review
assets_src/user_reference/cluster_bomb_manual_frames/frame_38.png,unclassified,image,png,185x198,yes,android_default,runtime_candidate,review
assets_src/user_reference/cluster_bomb_manual_frames/frame_39.png,unclassified,image,png,185x198,yes,android_default,runtime_candidate,review
assets_src/user_reference/cluster_bomb_manual_frames/frame_40.png,unclassified,image,png,185x198,yes,android_default,runtime_candidate,review
assets_src/user_reference/cluster_bomb_manual_frames/frame_41.png,unclassified,image,png,185x198,yes,android_default,runtime_candidate,review
assets_src/user_reference/cluster_bomb_manual_frames/frame_42.png,unclassified,image,png,185x198,yes,android_default,runtime_candidate,review
assets_src/user_reference/cluster_bomb_manual_frames/frame_43.png,unclassified,image,png,185x198,yes,android_default,runtime_candidate,review
assets_src/user_reference/cluster_bomb_manual_frames/frame_44.png,unclassified,image,png,185x198,yes,android_default,runtime_candidate,review
assets_src/user_reference/cluster_bomb_manual_frames/frame_45.png,unclassified,image,png,185x198,yes,android_default,runtime_candidate,review
assets_src/user_reference/cluster_bomb_manual_frames/frame_46.png,unclassified,image,png,185x198,yes,android_default,runtime_candidate,review
assets_src/user_reference/cluster_bomb_manual_frames/frame_47.png,unclassified,image,png,185x198,yes,android_default,runtime_candidate,review
assets_src/user_reference/copperwood/background_copperwood_source_1774x887.png,backgrounds,image,png,1774x887,no,android_default,runtime_candidate,copy_or_process
assets_src/user_reference/copperwood/central_objective_copperwood_final_boss.png,fortresses,image,png,1254x1254,yes,android_default,runtime_candidate,copy_or_process
assets_src/user_reference/copperwood/central_objective_copperwood_siege_lord.png,fortresses,image,png,1254x1254,yes,android_default,runtime_candidate,copy_or_process
assets_src/user_reference/copperwood/fortress_chapter_03_left_download_source.png,fortresses,image,png,1024x768,yes,android_default,runtime_candidate,copy_or_process
assets_src/user_reference/copperwood/fortress_chapter_03_pair_source_1448x1086.png,fortresses,image,png,1448x1086,yes,android_default,runtime_candidate,copy_or_process
assets_src/user_reference/copperwood/fortress_chapter_03_pair_transparent_source_2000x750.png,fortresses,image,png,2000x750,yes,android_default,runtime_candidate,copy_or_process
assets_src/user_reference/copperwood/fortress_chapter_03_right_download_source.png,fortresses,image,png,1024x768,yes,android_default,runtime_candidate,copy_or_process
assets_src/user_reference/copperwood/props_2026-10-06/terrain_copperwood_prop_00.png,terrain,image,png,1536x1536,yes,android_default,runtime_candidate,copy_or_process
assets_src/user_reference/copperwood/props_2026-10-06/terrain_copperwood_prop_01.png,terrain,image,png,1536x1536,yes,android_default,runtime_candidate,copy_or_process
assets_src/user_reference/copperwood/props_2026-10-06/terrain_copperwood_prop_02.png,terrain,image,png,1536x1536,yes,android_default,runtime_candidate,copy_or_process
assets_src/user_reference/copperwood/props_2026-10-06/terrain_copperwood_prop_03.png,terrain,image,png,1536x1536,yes,android_default,runtime_candidate,copy_or_process
assets_src/user_reference/copperwood/props_2026-10-06/terrain_copperwood_prop_04.png,terrain,image,png,1536x1536,yes,android_default,runtime_candidate,copy_or_process
assets_src/user_reference/copperwood/props_2026-10-06/terrain_copperwood_prop_05.png,terrain,image,png,1536x1536,yes,android_default,runtime_candidate,copy_or_process
assets_src/user_reference/copperwood/rocks_2026-10-06/terrain_copperwood_rock_00.png,terrain,image,png,1536x1536,yes,android_default,runtime_candidate,copy_or_process
assets_src/user_reference/copperwood/rocks_2026-10-06/terrain_copperwood_rock_01.png,terrain,image,png,1536x1536,yes,android_default,runtime_candidate,copy_or_process
assets_src/user_reference/copperwood/rocks_2026-10-06/terrain_copperwood_rock_02.png,terrain,image,png,1536x1536,yes,android_default,runtime_candidate,copy_or_process
assets_src/user_reference/copperwood/rocks_2026-10-06/terrain_copperwood_rock_03.png,terrain,image,png,1536x1536,yes,android_default,runtime_candidate,copy_or_process
assets_src/user_reference/copperwood/rocks_2026-10-06/terrain_copperwood_rock_04.png,terrain,image,png,1536x1536,yes,android_default,runtime_candidate,copy_or_process
assets_src/user_reference/copperwood/rocks_2026-10-06/terrain_copperwood_rock_05.png,terrain,image,png,1536x1536,yes,android_default,runtime_candidate,copy_or_process
assets_src/user_reference/copperwood/trees_2026-10-06/terrain_copperwood_tree_00.png,terrain,image,png,1536x1536,yes,android_default,runtime_candidate,copy_or_process
assets_src/user_reference/copperwood/trees_2026-10-06/terrain_copperwood_tree_01.png,terrain,image,png,1536x1536,yes,android_default,runtime_candidate,copy_or_process
assets_src/user_reference/copperwood/trees_2026-10-06/terrain_copperwood_tree_02.png,terrain,image,png,1536x1536,yes,android_default,runtime_candidate,copy_or_process
assets_src/user_reference/copperwood/trees_2026-10-06/terrain_copperwood_tree_03.png,terrain,image,png,1536x1536,yes,android_default,runtime_candidate,copy_or_process
assets_src/user_reference/copperwood/trees_2026-10-06/terrain_copperwood_tree_04.png,terrain,image,png,1536x1536,yes,android_default,runtime_candidate,copy_or_process
assets_src/user_reference/copperwood/trees_2026-10-06/terrain_copperwood_tree_05.png,terrain,image,png,1536x1536,yes,android_default,runtime_candidate,copy_or_process
assets_src/user_reference/copperwood/trees_2026-10-06/terrain_copperwood_tree_06.png,terrain,image,png,1536x1536,yes,android_default,runtime_candidate,copy_or_process
assets_src/user_reference/copperwood/trees_2026-10-06/terrain_copperwood_tree_07.png,terrain,image,png,1536x1536,yes,android_default,runtime_candidate,copy_or_process
assets_src/user_reference/dashboard_asset_pack/.DS_Store,unclassified,resource_or_other,none,,,android_default,runtime_candidate,review
assets_src/user_reference/dashboard_asset_pack/dashboard_hud_portrait_frame.png,ui,image,png,1254x1254,yes,android_default,runtime_candidate,copy_or_process
assets_src/user_reference/dashboard_asset_pack/icon_lives_heart.png,ui,image,png,608x517,yes,android_default,runtime_candidate,copy_or_process
assets_src/user_reference/dashboard_asset_pack/icon_next_life_hourglass.png,ui,image,png,1167x1202,yes,android_default,runtime_candidate,copy_or_process
assets_src/user_reference/dashboard_asset_pack/icon_orcoins.png,ui,image,png,1363x1061,yes,android_default,runtime_candidate,copy_or_process
assets_src/user_reference/dashboard_buttons/dashboard_ad_reward_button_source_crop.png,ui,image,png,966x331,yes,android_default,runtime_candidate,copy_or_process
assets_src/user_reference/dashboard_buttons/dashboard_back_button_source_crop.png,ui,image,png,988x331,yes,android_default,runtime_candidate,copy_or_process
assets_src/user_reference/dashboard_buttons/dashboard_buttons_source.png,ui,image,png,2000x663,yes,android_default,runtime_candidate,copy_or_process
assets_src/user_reference/dashboard_buttons/dashboard_campaign_button_source_crop.png,ui,image,png,1000x329,yes,android_default,runtime_candidate,copy_or_process
assets_src/user_reference/dashboard_buttons/dashboard_shop_button_source_crop.png,ui,image,png,905x331,yes,android_default,runtime_candidate,copy_or_process
assets_src/user_reference/defender_left_death_frames/frame_00.png,unclassified,image,png,258x267,yes,android_default,runtime_candidate,review
assets_src/user_reference/defender_left_death_frames/frame_01.png,unclassified,image,png,258x267,yes,android_default,runtime_candidate,review
assets_src/user_reference/defender_left_death_frames/frame_02.png,unclassified,image,png,258x267,yes,android_default,runtime_candidate,review
assets_src/user_reference/defender_left_death_frames/frame_03.png,unclassified,image,png,258x267,yes,android_default,runtime_candidate,review
assets_src/user_reference/defender_left_death_frames/frame_04.png,unclassified,image,png,258x267,yes,android_default,runtime_candidate,review
assets_src/user_reference/defender_left_death_frames/frame_05.png,unclassified,image,png,258x267,yes,android_default,runtime_candidate,review
assets_src/user_reference/defender_left_death_frames/frame_06.png,unclassified,image,png,258x267,yes,android_default,runtime_candidate,review
assets_src/user_reference/defender_left_death_frames/frame_07.png,unclassified,image,png,258x267,yes,android_default,runtime_candidate,review
assets_src/user_reference/defender_left_death_frames/frame_08.png,unclassified,image,png,258x267,yes,android_default,runtime_candidate,review
assets_src/user_reference/defender_left_death_frames/frame_09.png,unclassified,image,png,258x267,yes,android_default,runtime_candidate,review
assets_src/user_reference/defender_left_death_frames/frame_10.png,unclassified,image,png,258x267,yes,android_default,runtime_candidate,review
assets_src/user_reference/defender_left_death_frames/frame_11.png,unclassified,image,png,258x267,yes,android_default,runtime_candidate,review
assets_src/user_reference/defender_left_death_frames/frame_12.png,unclassified,image,png,258x267,yes,android_default,runtime_candidate,review
assets_src/user_reference/defender_left_death_frames/frame_13.png,unclassified,image,png,258x267,yes,android_default,runtime_candidate,review
assets_src/user_reference/defender_left_death_frames/frame_14.png,unclassified,image,png,258x267,yes,android_default,runtime_candidate,review
assets_src/user_reference/defender_left_death_frames/frame_15.png,unclassified,image,png,258x267,yes,android_default,runtime_candidate,review
assets_src/user_reference/defender_left_death_frames/frame_16.png,unclassified,image,png,258x267,yes,android_default,runtime_candidate,review
assets_src/user_reference/defender_left_death_frames/frame_17.png,unclassified,image,png,258x267,yes,android_default,runtime_candidate,review
assets_src/user_reference/defender_left_death_frames/frame_18.png,unclassified,image,png,258x267,yes,android_default,runtime_candidate,review
assets_src/user_reference/defender_left_death_frames/frame_19.png,unclassified,image,png,258x267,yes,android_default,runtime_candidate,review
assets_src/user_reference/defender_left_death_frames/frame_20.png,unclassified,image,png,258x267,yes,android_default,runtime_candidate,review
assets_src/user_reference/defender_left_death_frames/frame_21.png,unclassified,image,png,258x267,yes,android_default,runtime_candidate,review
assets_src/user_reference/defender_left_death_frames/frame_22.png,unclassified,image,png,258x267,yes,android_default,runtime_candidate,review
assets_src/user_reference/defender_left_death_frames/frame_23.png,unclassified,image,png,258x267,yes,android_default,runtime_candidate,review
assets_src/user_reference/defender_left_fight_frames/frame_00.png,unclassified,image,png,308x283,yes,android_default,runtime_candidate,review
assets_src/user_reference/defender_left_fight_frames/frame_01.png,unclassified,image,png,308x283,yes,android_default,runtime_candidate,review
assets_src/user_reference/defender_left_fight_frames/frame_02.png,unclassified,image,png,308x283,yes,android_default,runtime_candidate,review
assets_src/user_reference/defender_left_fight_frames/frame_03.png,unclassified,image,png,308x283,yes,android_default,runtime_candidate,review
assets_src/user_reference/defender_left_fight_frames/frame_04.png,unclassified,image,png,308x283,yes,android_default,runtime_candidate,review
assets_src/user_reference/defender_left_fight_frames/frame_05.png,unclassified,image,png,308x283,yes,android_default,runtime_candidate,review
assets_src/user_reference/defender_left_fight_frames/frame_06.png,unclassified,image,png,308x283,yes,android_default,runtime_candidate,review
assets_src/user_reference/defender_left_fight_frames/frame_07.png,unclassified,image,png,308x283,yes,android_default,runtime_candidate,review
assets_src/user_reference/defender_left_fight_frames/frame_08.png,unclassified,image,png,308x283,yes,android_default,runtime_candidate,review
assets_src/user_reference/defender_left_fight_frames/frame_09.png,unclassified,image,png,308x283,yes,android_default,runtime_candidate,review
assets_src/user_reference/defender_left_fight_frames/frame_10.png,unclassified,image,png,308x283,yes,android_default,runtime_candidate,review
assets_src/user_reference/defender_left_fight_frames/frame_11.png,unclassified,image,png,308x283,yes,android_default,runtime_candidate,review
assets_src/user_reference/defender_left_fight_frames/frame_12.png,unclassified,image,png,308x283,yes,android_default,runtime_candidate,review
assets_src/user_reference/defender_left_fight_frames/frame_13.png,unclassified,image,png,308x283,yes,android_default,runtime_candidate,review
assets_src/user_reference/defender_left_idle/frame_00.png,unclassified,image,png,173x164,yes,android_default,runtime_candidate,review
assets_src/user_reference/defender_left_idle/frame_01.png,unclassified,image,png,173x164,yes,android_default,runtime_candidate,review
assets_src/user_reference/defender_left_idle/frame_02.png,unclassified,image,png,173x164,yes,android_default,runtime_candidate,review
assets_src/user_reference/defender_left_idle/frame_03.png,unclassified,image,png,173x164,yes,android_default,runtime_candidate,review
assets_src/user_reference/defender_left_idle/frame_04.png,unclassified,image,png,173x164,yes,android_default,runtime_candidate,review
assets_src/user_reference/defender_left_idle/frame_05.png,unclassified,image,png,173x164,yes,android_default,runtime_candidate,review
assets_src/user_reference/defender_left_idle/frame_06.png,unclassified,image,png,173x164,yes,android_default,runtime_candidate,review
assets_src/user_reference/defender_left_idle/frame_07.png,unclassified,image,png,173x164,yes,android_default,runtime_candidate,review
assets_src/user_reference/defender_left_idle/frame_08.png,unclassified,image,png,173x164,yes,android_default,runtime_candidate,review
assets_src/user_reference/defender_left_idle/frame_09.png,unclassified,image,png,173x164,yes,android_default,runtime_candidate,review
assets_src/user_reference/defender_left_idle/frame_10.png,unclassified,image,png,173x164,yes,android_default,runtime_candidate,review
assets_src/user_reference/defender_left_idle/frame_11.png,unclassified,image,png,173x164,yes,android_default,runtime_candidate,review
assets_src/user_reference/defender_left_idle/frame_12.png,unclassified,image,png,173x164,yes,android_default,runtime_candidate,review
assets_src/user_reference/defender_left_idle/frame_13.png,unclassified,image,png,173x164,yes,android_default,runtime_candidate,review
assets_src/user_reference/defender_left_idle/frame_14.png,unclassified,image,png,173x164,yes,android_default,runtime_candidate,review
assets_src/user_reference/defender_left_idle/frame_15.png,unclassified,image,png,173x164,yes,android_default,runtime_candidate,review
assets_src/user_reference/defender_left_idle/frame_16.png,unclassified,image,png,173x164,yes,android_default,runtime_candidate,review
assets_src/user_reference/defender_left_idle/frame_17.png,unclassified,image,png,173x164,yes,android_default,runtime_candidate,review
assets_src/user_reference/defender_left_idle/frame_18.png,unclassified,image,png,173x164,yes,android_default,runtime_candidate,review
assets_src/user_reference/defender_left_idle/frame_19.png,unclassified,image,png,173x164,yes,android_default,runtime_candidate,review
assets_src/user_reference/defender_left_idle/frame_20.png,unclassified,image,png,173x164,yes,android_default,runtime_candidate,review
assets_src/user_reference/defender_left_idle/frame_21.png,unclassified,image,png,173x164,yes,android_default,runtime_candidate,review
assets_src/user_reference/defender_left_idle/frame_22.png,unclassified,image,png,173x164,yes,android_default,runtime_candidate,review
assets_src/user_reference/defender_left_idle/frame_23.png,unclassified,image,png,173x164,yes,android_default,runtime_candidate,review
assets_src/user_reference/defender_left_idle/frame_24.png,unclassified,image,png,173x164,yes,android_default,runtime_candidate,review
assets_src/user_reference/defender_left_idle/frame_25.png,unclassified,image,png,173x164,yes,android_default,runtime_candidate,review
assets_src/user_reference/defender_left_idle/frame_26.png,unclassified,image,png,173x164,yes,android_default,runtime_candidate,review
assets_src/user_reference/defender_left_idle/frame_27.png,unclassified,image,png,173x164,yes,android_default,runtime_candidate,review
assets_src/user_reference/defender_left_idle/frame_28.png,unclassified,image,png,173x164,yes,android_default,runtime_candidate,review
assets_src/user_reference/defender_left_idle/frame_29.png,unclassified,image,png,173x164,yes,android_default,runtime_candidate,review
assets_src/user_reference/defender_left_idle/frame_30.png,unclassified,image,png,173x164,yes,android_default,runtime_candidate,review
assets_src/user_reference/defender_left_idle/frame_31.png,unclassified,image,png,173x164,yes,android_default,runtime_candidate,review
assets_src/user_reference/defender_left_idle/frame_32.png,unclassified,image,png,173x164,yes,android_default,runtime_candidate,review
assets_src/user_reference/defender_left_idle/frame_33.png,unclassified,image,png,173x164,yes,android_default,runtime_candidate,review
assets_src/user_reference/defender_left_idle/frame_34.png,unclassified,image,png,173x164,yes,android_default,runtime_candidate,review
assets_src/user_reference/defender_left_idle/frame_35.png,unclassified,image,png,173x164,yes,android_default,runtime_candidate,review
assets_src/user_reference/defender_left_idle/frame_36.png,unclassified,image,png,173x164,yes,android_default,runtime_candidate,review
assets_src/user_reference/defender_left_idle/frame_37.png,unclassified,image,png,173x164,yes,android_default,runtime_candidate,review
assets_src/user_reference/defender_left_idle/frame_38.png,unclassified,image,png,173x164,yes,android_default,runtime_candidate,review
assets_src/user_reference/defender_left_idle/frame_39.png,unclassified,image,png,173x164,yes,android_default,runtime_candidate,review
assets_src/user_reference/defender_left_idle/frame_40.png,unclassified,image,png,173x164,yes,android_default,runtime_candidate,review
assets_src/user_reference/defender_left_idle/frame_41.png,unclassified,image,png,173x164,yes,android_default,runtime_candidate,review
assets_src/user_reference/defender_left_idle/frame_42.png,unclassified,image,png,173x164,yes,android_default,runtime_candidate,review
assets_src/user_reference/defender_left_idle/frame_43.png,unclassified,image,png,173x164,yes,android_default,runtime_candidate,review
assets_src/user_reference/defender_left_idle/frame_44.png,unclassified,image,png,173x164,yes,android_default,runtime_candidate,review
assets_src/user_reference/defender_left_idle/frame_45.png,unclassified,image,png,173x164,yes,android_default,runtime_candidate,review
assets_src/user_reference/defender_left_idle/frame_46.png,unclassified,image,png,173x164,yes,android_default,runtime_candidate,review
assets_src/user_reference/defender_left_idle/frame_47.png,unclassified,image,png,173x164,yes,android_default,runtime_candidate,review
assets_src/user_reference/defender_left_idle/frame_48.png,unclassified,image,png,173x164,yes,android_default,runtime_candidate,review
assets_src/user_reference/defender_left_idle/frame_49.png,unclassified,image,png,173x164,yes,android_default,runtime_candidate,review
assets_src/user_reference/defender_left_idle/frame_50.png,unclassified,image,png,173x164,yes,android_default,runtime_candidate,review
assets_src/user_reference/defender_left_idle/frame_51.png,unclassified,image,png,173x164,yes,android_default,runtime_candidate,review
assets_src/user_reference/defender_left_idle/frame_52.png,unclassified,image,png,173x164,yes,android_default,runtime_candidate,review
assets_src/user_reference/defender_left_idle/frame_53.png,unclassified,image,png,173x164,yes,android_default,runtime_candidate,review
assets_src/user_reference/defender_left_idle/frame_54.png,unclassified,image,png,173x164,yes,android_default,runtime_candidate,review
assets_src/user_reference/defender_left_idle/frame_55.png,unclassified,image,png,173x164,yes,android_default,runtime_candidate,review
assets_src/user_reference/defender_left_idle_all_frames/000_frame_00.png,unclassified,image,png,173x164,yes,android_default,runtime_candidate,review
assets_src/user_reference/defender_left_idle_all_frames/001_frame_00_01_mid.png,unclassified,image,png,173x164,yes,android_default,runtime_candidate,review
assets_src/user_reference/defender_left_idle_all_frames/002_frame_01.png,unclassified,image,png,173x164,yes,android_default,runtime_candidate,review
assets_src/user_reference/defender_left_idle_all_frames/003_frame_01_02_mid.png,unclassified,image,png,173x164,yes,android_default,runtime_candidate,review
assets_src/user_reference/defender_left_idle_all_frames/004_frame_02.png,unclassified,image,png,173x164,yes,android_default,runtime_candidate,review
assets_src/user_reference/defender_left_idle_all_frames/005_frame_02_03_mid.png,unclassified,image,png,173x164,yes,android_default,runtime_candidate,review
assets_src/user_reference/defender_left_idle_all_frames/006_frame_03.png,unclassified,image,png,173x164,yes,android_default,runtime_candidate,review
assets_src/user_reference/defender_left_idle_all_frames/007_frame_03_04_mid.png,unclassified,image,png,173x164,yes,android_default,runtime_candidate,review
assets_src/user_reference/defender_left_idle_all_frames/008_frame_04.png,unclassified,image,png,173x164,yes,android_default,runtime_candidate,review
assets_src/user_reference/defender_left_idle_all_frames/009_frame_04_05_mid.png,unclassified,image,png,173x164,yes,android_default,runtime_candidate,review
assets_src/user_reference/defender_left_idle_all_frames/010_frame_05.png,unclassified,image,png,173x164,yes,android_default,runtime_candidate,review
assets_src/user_reference/defender_left_idle_all_frames/011_frame_05_06_mid.png,unclassified,image,png,173x164,yes,android_default,runtime_candidate,review
assets_src/user_reference/defender_left_idle_all_frames/012_frame_06.png,unclassified,image,png,173x164,yes,android_default,runtime_candidate,review
assets_src/user_reference/defender_left_idle_all_frames/013_frame_06_07_mid.png,unclassified,image,png,173x164,yes,android_default,runtime_candidate,review
assets_src/user_reference/defender_left_idle_all_frames/014_frame_07.png,unclassified,image,png,173x164,yes,android_default,runtime_candidate,review
assets_src/user_reference/defender_left_idle_all_frames/015_frame_07_08_mid.png,unclassified,image,png,173x164,yes,android_default,runtime_candidate,review
assets_src/user_reference/defender_left_idle_all_frames/016_frame_08.png,unclassified,image,png,173x164,yes,android_default,runtime_candidate,review
assets_src/user_reference/defender_left_idle_all_frames/017_frame_08_09_mid.png,unclassified,image,png,173x164,yes,android_default,runtime_candidate,review
assets_src/user_reference/defender_left_idle_all_frames/018_frame_09.png,unclassified,image,png,173x164,yes,android_default,runtime_candidate,review
assets_src/user_reference/defender_left_idle_all_frames/019_frame_09_10_mid.png,unclassified,image,png,173x164,yes,android_default,runtime_candidate,review
assets_src/user_reference/defender_left_idle_all_frames/020_frame_10.png,unclassified,image,png,173x164,yes,android_default,runtime_candidate,review
assets_src/user_reference/defender_left_idle_all_frames/021_frame_10_11_mid.png,unclassified,image,png,173x164,yes,android_default,runtime_candidate,review
assets_src/user_reference/defender_left_idle_all_frames/022_frame_11.png,unclassified,image,png,173x164,yes,android_default,runtime_candidate,review
assets_src/user_reference/defender_left_idle_all_frames/023_frame_11_12_mid.png,unclassified,image,png,173x164,yes,android_default,runtime_candidate,review
assets_src/user_reference/defender_left_idle_all_frames/024_frame_12.png,unclassified,image,png,173x164,yes,android_default,runtime_candidate,review
assets_src/user_reference/defender_left_idle_all_frames/025_frame_12_13_mid.png,unclassified,image,png,173x164,yes,android_default,runtime_candidate,review
assets_src/user_reference/defender_left_idle_all_frames/026_frame_13.png,unclassified,image,png,173x164,yes,android_default,runtime_candidate,review
assets_src/user_reference/defender_left_idle_all_frames/027_frame_13_14_mid.png,unclassified,image,png,173x164,yes,android_default,runtime_candidate,review
assets_src/user_reference/defender_left_idle_all_frames/028_frame_14.png,unclassified,image,png,173x164,yes,android_default,runtime_candidate,review
assets_src/user_reference/defender_left_idle_all_frames/029_frame_14_15_mid.png,unclassified,image,png,173x164,yes,android_default,runtime_candidate,review
assets_src/user_reference/defender_left_idle_all_frames/030_frame_15.png,unclassified,image,png,173x164,yes,android_default,runtime_candidate,review
assets_src/user_reference/defender_left_idle_all_frames/031_frame_15_16_mid.png,unclassified,image,png,173x164,yes,android_default,runtime_candidate,review
assets_src/user_reference/defender_left_idle_all_frames/032_frame_16.png,unclassified,image,png,173x164,yes,android_default,runtime_candidate,review
assets_src/user_reference/defender_left_idle_all_frames/033_frame_16_17_mid.png,unclassified,image,png,173x164,yes,android_default,runtime_candidate,review
assets_src/user_reference/defender_left_idle_all_frames/034_frame_17.png,unclassified,image,png,173x164,yes,android_default,runtime_candidate,review
assets_src/user_reference/defender_left_idle_all_frames/035_frame_17_18_mid.png,unclassified,image,png,173x164,yes,android_default,runtime_candidate,review
assets_src/user_reference/defender_left_idle_all_frames/036_frame_18.png,unclassified,image,png,173x164,yes,android_default,runtime_candidate,review
assets_src/user_reference/defender_left_idle_all_frames/037_frame_18_19_mid.png,unclassified,image,png,173x164,yes,android_default,runtime_candidate,review
assets_src/user_reference/defender_left_idle_all_frames/038_frame_19.png,unclassified,image,png,173x164,yes,android_default,runtime_candidate,review
assets_src/user_reference/defender_left_idle_all_frames/039_frame_19_20_mid.png,unclassified,image,png,173x164,yes,android_default,runtime_candidate,review
assets_src/user_reference/defender_left_idle_all_frames/040_frame_20.png,unclassified,image,png,173x164,yes,android_default,runtime_candidate,review
assets_src/user_reference/defender_left_idle_all_frames/041_frame_20_21_mid.png,unclassified,image,png,173x164,yes,android_default,runtime_candidate,review
assets_src/user_reference/defender_left_idle_all_frames/042_frame_21.png,unclassified,image,png,173x164,yes,android_default,runtime_candidate,review
assets_src/user_reference/defender_left_idle_all_frames/043_frame_21_22_mid.png,unclassified,image,png,173x164,yes,android_default,runtime_candidate,review
assets_src/user_reference/defender_left_idle_all_frames/044_frame_22.png,unclassified,image,png,173x164,yes,android_default,runtime_candidate,review
assets_src/user_reference/defender_left_idle_all_frames/045_frame_22_23_mid.png,unclassified,image,png,173x164,yes,android_default,runtime_candidate,review
assets_src/user_reference/defender_left_idle_all_frames/046_frame_23.png,unclassified,image,png,173x164,yes,android_default,runtime_candidate,review
assets_src/user_reference/defender_left_idle_all_frames/047_frame_23_24_mid.png,unclassified,image,png,173x164,yes,android_default,runtime_candidate,review
assets_src/user_reference/defender_left_idle_all_frames/048_frame_24.png,unclassified,image,png,173x164,yes,android_default,runtime_candidate,review
assets_src/user_reference/defender_left_idle_all_frames/049_frame_24_25_mid.png,unclassified,image,png,173x164,yes,android_default,runtime_candidate,review
assets_src/user_reference/defender_left_idle_all_frames/050_frame_25.png,unclassified,image,png,173x164,yes,android_default,runtime_candidate,review
assets_src/user_reference/defender_left_idle_all_frames/051_frame_25_26_mid.png,unclassified,image,png,173x164,yes,android_default,runtime_candidate,review
assets_src/user_reference/defender_left_idle_all_frames/052_frame_26.png,unclassified,image,png,173x164,yes,android_default,runtime_candidate,review
assets_src/user_reference/defender_left_idle_all_frames/053_frame_26_27_mid.png,unclassified,image,png,173x164,yes,android_default,runtime_candidate,review
assets_src/user_reference/defender_left_idle_all_frames/054_frame_27.png,unclassified,image,png,173x164,yes,android_default,runtime_candidate,review
assets_src/user_reference/defender_left_idle_all_frames/055_frame_27_28_mid.png,unclassified,image,png,173x164,yes,android_default,runtime_candidate,review
assets_src/user_reference/defender_left_idle_all_frames/056_frame_28.png,unclassified,image,png,173x164,yes,android_default,runtime_candidate,review
assets_src/user_reference/defender_left_idle_all_frames/057_frame_28_29_mid.png,unclassified,image,png,173x164,yes,android_default,runtime_candidate,review
assets_src/user_reference/defender_left_idle_all_frames/058_frame_29.png,unclassified,image,png,173x164,yes,android_default,runtime_candidate,review
assets_src/user_reference/defender_left_idle_all_frames/059_frame_29_30_mid.png,unclassified,image,png,173x164,yes,android_default,runtime_candidate,review
assets_src/user_reference/defender_left_idle_all_frames/060_frame_30.png,unclassified,image,png,173x164,yes,android_default,runtime_candidate,review
assets_src/user_reference/defender_left_idle_all_frames/061_frame_30_31_mid.png,unclassified,image,png,173x164,yes,android_default,runtime_candidate,review
assets_src/user_reference/defender_left_idle_all_frames/062_frame_31.png,unclassified,image,png,173x164,yes,android_default,runtime_candidate,review
assets_src/user_reference/defender_left_idle_all_frames/063_frame_31_32_mid.png,unclassified,image,png,173x164,yes,android_default,runtime_candidate,review
assets_src/user_reference/defender_left_idle_all_frames/064_frame_32.png,unclassified,image,png,173x164,yes,android_default,runtime_candidate,review
assets_src/user_reference/defender_left_idle_all_frames/065_frame_32_33_mid.png,unclassified,image,png,173x164,yes,android_default,runtime_candidate,review
assets_src/user_reference/defender_left_idle_all_frames/066_frame_33.png,unclassified,image,png,173x164,yes,android_default,runtime_candidate,review
assets_src/user_reference/defender_left_idle_all_frames/067_frame_33_34_mid.png,unclassified,image,png,173x164,yes,android_default,runtime_candidate,review
assets_src/user_reference/defender_left_idle_all_frames/068_frame_34.png,unclassified,image,png,173x164,yes,android_default,runtime_candidate,review
assets_src/user_reference/defender_left_idle_all_frames/069_frame_34_35_mid.png,unclassified,image,png,173x164,yes,android_default,runtime_candidate,review
assets_src/user_reference/defender_left_idle_all_frames/070_frame_35.png,unclassified,image,png,173x164,yes,android_default,runtime_candidate,review
assets_src/user_reference/defender_left_idle_all_frames/071_frame_35_36_mid.png,unclassified,image,png,173x164,yes,android_default,runtime_candidate,review
assets_src/user_reference/defender_left_idle_all_frames/072_frame_36.png,unclassified,image,png,173x164,yes,android_default,runtime_candidate,review
assets_src/user_reference/defender_left_idle_all_frames/073_frame_36_37_mid.png,unclassified,image,png,173x164,yes,android_default,runtime_candidate,review
assets_src/user_reference/defender_left_idle_all_frames/074_frame_37.png,unclassified,image,png,173x164,yes,android_default,runtime_candidate,review
assets_src/user_reference/defender_left_idle_all_frames/075_frame_37_38_mid.png,unclassified,image,png,173x164,yes,android_default,runtime_candidate,review
assets_src/user_reference/defender_left_idle_all_frames/076_frame_38.png,unclassified,image,png,173x164,yes,android_default,runtime_candidate,review
assets_src/user_reference/defender_left_idle_all_frames/077_frame_38_39_mid.png,unclassified,image,png,173x164,yes,android_default,runtime_candidate,review
assets_src/user_reference/defender_left_idle_all_frames/078_frame_39.png,unclassified,image,png,173x164,yes,android_default,runtime_candidate,review
assets_src/user_reference/defender_left_idle_all_frames/079_frame_39_40_mid.png,unclassified,image,png,173x164,yes,android_default,runtime_candidate,review
assets_src/user_reference/defender_left_idle_all_frames/080_frame_40.png,unclassified,image,png,173x164,yes,android_default,runtime_candidate,review
assets_src/user_reference/defender_left_idle_all_frames/081_frame_40_41_mid.png,unclassified,image,png,173x164,yes,android_default,runtime_candidate,review
assets_src/user_reference/defender_left_idle_all_frames/082_frame_41.png,unclassified,image,png,173x164,yes,android_default,runtime_candidate,review
assets_src/user_reference/defender_left_idle_all_frames/083_frame_41_42_mid.png,unclassified,image,png,173x164,yes,android_default,runtime_candidate,review
assets_src/user_reference/defender_left_idle_all_frames/084_frame_42.png,unclassified,image,png,173x164,yes,android_default,runtime_candidate,review
assets_src/user_reference/defender_left_idle_all_frames/085_frame_42_43_mid.png,unclassified,image,png,173x164,yes,android_default,runtime_candidate,review
assets_src/user_reference/defender_left_idle_all_frames/086_frame_43.png,unclassified,image,png,173x164,yes,android_default,runtime_candidate,review
assets_src/user_reference/defender_left_idle_all_frames/087_frame_43_44_mid.png,unclassified,image,png,173x164,yes,android_default,runtime_candidate,review
assets_src/user_reference/defender_left_idle_all_frames/088_frame_44.png,unclassified,image,png,173x164,yes,android_default,runtime_candidate,review
assets_src/user_reference/defender_left_idle_all_frames/089_frame_44_45_mid.png,unclassified,image,png,173x164,yes,android_default,runtime_candidate,review
assets_src/user_reference/defender_left_idle_all_frames/090_frame_45.png,unclassified,image,png,173x164,yes,android_default,runtime_candidate,review
assets_src/user_reference/defender_left_idle_all_frames/091_frame_45_46_mid.png,unclassified,image,png,173x164,yes,android_default,runtime_candidate,review
assets_src/user_reference/defender_left_idle_all_frames/092_frame_46.png,unclassified,image,png,173x164,yes,android_default,runtime_candidate,review
assets_src/user_reference/defender_left_idle_all_frames/093_frame_46_47_mid.png,unclassified,image,png,173x164,yes,android_default,runtime_candidate,review
assets_src/user_reference/defender_left_idle_all_frames/094_frame_47.png,unclassified,image,png,173x164,yes,android_default,runtime_candidate,review
assets_src/user_reference/defender_left_idle_all_frames/095_frame_47_48_mid.png,unclassified,image,png,173x164,yes,android_default,runtime_candidate,review
assets_src/user_reference/defender_left_idle_all_frames/096_frame_48.png,unclassified,image,png,173x164,yes,android_default,runtime_candidate,review
assets_src/user_reference/defender_left_idle_all_frames/097_frame_48_49_mid.png,unclassified,image,png,173x164,yes,android_default,runtime_candidate,review
assets_src/user_reference/defender_left_idle_all_frames/098_frame_49.png,unclassified,image,png,173x164,yes,android_default,runtime_candidate,review
assets_src/user_reference/defender_left_idle_all_frames/099_frame_49_50_mid.png,unclassified,image,png,173x164,yes,android_default,runtime_candidate,review
assets_src/user_reference/defender_left_idle_all_frames/100_frame_50.png,unclassified,image,png,173x164,yes,android_default,runtime_candidate,review
assets_src/user_reference/defender_left_idle_all_frames/101_frame_50_51_mid.png,unclassified,image,png,173x164,yes,android_default,runtime_candidate,review
assets_src/user_reference/defender_left_idle_all_frames/102_frame_51.png,unclassified,image,png,173x164,yes,android_default,runtime_candidate,review
assets_src/user_reference/defender_left_idle_all_frames/103_frame_51_52_mid.png,unclassified,image,png,173x164,yes,android_default,runtime_candidate,review
assets_src/user_reference/defender_left_idle_all_frames/104_frame_52.png,unclassified,image,png,173x164,yes,android_default,runtime_candidate,review
assets_src/user_reference/defender_left_idle_all_frames/105_frame_52_53_mid.png,unclassified,image,png,173x164,yes,android_default,runtime_candidate,review
assets_src/user_reference/defender_left_idle_all_frames/106_frame_53.png,unclassified,image,png,173x164,yes,android_default,runtime_candidate,review
assets_src/user_reference/defender_left_idle_all_frames/107_frame_53_54_mid.png,unclassified,image,png,173x164,yes,android_default,runtime_candidate,review
assets_src/user_reference/defender_left_idle_all_frames/108_frame_54.png,unclassified,image,png,173x164,yes,android_default,runtime_candidate,review
assets_src/user_reference/defender_left_idle_all_frames/109_frame_54_55_mid.png,unclassified,image,png,173x164,yes,android_default,runtime_candidate,review
assets_src/user_reference/defender_left_idle_all_frames/110_frame_55.png,unclassified,image,png,173x164,yes,android_default,runtime_candidate,review
assets_src/user_reference/defender_left_idle_blue_frames/frame_00.png,unclassified,image,png,170x172,yes,android_default,runtime_candidate,review
assets_src/user_reference/defender_left_idle_blue_frames/frame_01.png,unclassified,image,png,170x172,yes,android_default,runtime_candidate,review
assets_src/user_reference/defender_left_idle_blue_frames/frame_02.png,unclassified,image,png,170x172,yes,android_default,runtime_candidate,review
assets_src/user_reference/defender_left_idle_blue_frames/frame_03.png,unclassified,image,png,170x172,yes,android_default,runtime_candidate,review
assets_src/user_reference/defender_left_idle_blue_frames/frame_04.png,unclassified,image,png,170x172,yes,android_default,runtime_candidate,review
assets_src/user_reference/defender_left_idle_blue_frames/frame_05.png,unclassified,image,png,170x172,yes,android_default,runtime_candidate,review
assets_src/user_reference/defender_left_idle_blue_frames/frame_06.png,unclassified,image,png,170x172,yes,android_default,runtime_candidate,review
assets_src/user_reference/defender_left_idle_blue_frames/frame_07.png,unclassified,image,png,170x172,yes,android_default,runtime_candidate,review
assets_src/user_reference/defender_left_idle_blue_frames/frame_08.png,unclassified,image,png,170x172,yes,android_default,runtime_candidate,review
assets_src/user_reference/defender_left_idle_blue_frames/frame_09.png,unclassified,image,png,170x172,yes,android_default,runtime_candidate,review
assets_src/user_reference/defender_left_idle_blue_frames/frame_10.png,unclassified,image,png,170x172,yes,android_default,runtime_candidate,review
assets_src/user_reference/defender_left_idle_blue_frames/frame_11.png,unclassified,image,png,170x172,yes,android_default,runtime_candidate,review
assets_src/user_reference/defender_left_idle_blue_frames/frame_12.png,unclassified,image,png,170x172,yes,android_default,runtime_candidate,review
assets_src/user_reference/defender_left_idle_blue_frames/frame_13.png,unclassified,image,png,170x172,yes,android_default,runtime_candidate,review
assets_src/user_reference/defender_left_idle_blue_frames/frame_14.png,unclassified,image,png,170x172,yes,android_default,runtime_candidate,review
assets_src/user_reference/defender_left_idle_blue_frames/frame_15.png,unclassified,image,png,170x172,yes,android_default,runtime_candidate,review
assets_src/user_reference/defender_left_idle_blue_frames/frame_16.png,unclassified,image,png,170x172,yes,android_default,runtime_candidate,review
assets_src/user_reference/defender_left_idle_blue_frames/frame_17.png,unclassified,image,png,170x172,yes,android_default,runtime_candidate,review
assets_src/user_reference/defender_left_idle_blue_frames/frame_18.png,unclassified,image,png,170x172,yes,android_default,runtime_candidate,review
assets_src/user_reference/defender_left_idle_blue_frames/frame_19.png,unclassified,image,png,170x172,yes,android_default,runtime_candidate,review
assets_src/user_reference/defender_left_idle_blue_frames/frame_20.png,unclassified,image,png,170x172,yes,android_default,runtime_candidate,review
assets_src/user_reference/defender_left_idle_blue_frames/frame_21.png,unclassified,image,png,170x172,yes,android_default,runtime_candidate,review
assets_src/user_reference/defender_left_idle_blue_frames/frame_22.png,unclassified,image,png,170x172,yes,android_default,runtime_candidate,review
assets_src/user_reference/defender_left_idle_blue_frames/frame_23.png,unclassified,image,png,170x172,yes,android_default,runtime_candidate,review
assets_src/user_reference/defender_left_idle_blue_frames/frame_24.png,unclassified,image,png,170x172,yes,android_default,runtime_candidate,review
assets_src/user_reference/defender_left_idle_blue_frames/frame_25.png,unclassified,image,png,170x172,yes,android_default,runtime_candidate,review
assets_src/user_reference/defender_left_idle_blue_frames/frame_26.png,unclassified,image,png,170x172,yes,android_default,runtime_candidate,review
assets_src/user_reference/defender_left_idle_blue_frames/frame_27.png,unclassified,image,png,170x172,yes,android_default,runtime_candidate,review
assets_src/user_reference/defender_left_idle_blue_frames/frame_28.png,unclassified,image,png,170x172,yes,android_default,runtime_candidate,review
assets_src/user_reference/defender_left_idle_blue_frames/frame_29.png,unclassified,image,png,170x172,yes,android_default,runtime_candidate,review
assets_src/user_reference/defender_left_idle_blue_frames/frame_30.png,unclassified,image,png,170x172,yes,android_default,runtime_candidate,review
assets_src/user_reference/defender_left_idle_blue_frames/frame_31.png,unclassified,image,png,170x172,yes,android_default,runtime_candidate,review
assets_src/user_reference/defender_left_idle_blue_frames/frame_32.png,unclassified,image,png,170x172,yes,android_default,runtime_candidate,review
assets_src/user_reference/defender_left_idle_blue_frames/frame_33.png,unclassified,image,png,170x172,yes,android_default,runtime_candidate,review
assets_src/user_reference/defender_left_idle_blue_frames/frame_34.png,unclassified,image,png,170x172,yes,android_default,runtime_candidate,review
assets_src/user_reference/defender_left_idle_blue_frames/frame_35.png,unclassified,image,png,170x172,yes,android_default,runtime_candidate,review
assets_src/user_reference/defender_left_idle_blue_frames/frame_36.png,unclassified,image,png,170x172,yes,android_default,runtime_candidate,review
assets_src/user_reference/defender_left_idle_blue_frames/frame_37.png,unclassified,image,png,170x172,yes,android_default,runtime_candidate,review
assets_src/user_reference/defender_left_idle_blue_frames/frame_38.png,unclassified,image,png,170x172,yes,android_default,runtime_candidate,review
assets_src/user_reference/defender_left_idle_blue_frames/frame_39.png,unclassified,image,png,170x172,yes,android_default,runtime_candidate,review
assets_src/user_reference/defender_left_idle_blue_frames/frame_40.png,unclassified,image,png,170x172,yes,android_default,runtime_candidate,review
assets_src/user_reference/defender_left_idle_blue_frames/frame_41.png,unclassified,image,png,170x172,yes,android_default,runtime_candidate,review
assets_src/user_reference/defender_left_idle_blue_frames/frame_42.png,unclassified,image,png,170x172,yes,android_default,runtime_candidate,review
assets_src/user_reference/defender_left_idle_blue_frames/frame_43.png,unclassified,image,png,170x172,yes,android_default,runtime_candidate,review
assets_src/user_reference/defender_left_idle_blue_frames/frame_44.png,unclassified,image,png,170x172,yes,android_default,runtime_candidate,review
assets_src/user_reference/defender_left_idle_blue_frames/frame_45.png,unclassified,image,png,170x172,yes,android_default,runtime_candidate,review
assets_src/user_reference/defender_left_idle_blue_frames/frame_46.png,unclassified,image,png,170x172,yes,android_default,runtime_candidate,review
assets_src/user_reference/defender_left_idle_blue_frames/frame_47.png,unclassified,image,png,170x172,yes,android_default,runtime_candidate,review
assets_src/user_reference/defender_left_idle_blue_frames/frame_48.png,unclassified,image,png,170x172,yes,android_default,runtime_candidate,review
assets_src/user_reference/defender_left_idle_blue_frames/frame_49.png,unclassified,image,png,170x172,yes,android_default,runtime_candidate,review
assets_src/user_reference/defender_left_idle_blue_frames/frame_50.png,unclassified,image,png,170x172,yes,android_default,runtime_candidate,review
assets_src/user_reference/defender_left_idle_blue_frames/frame_51.png,unclassified,image,png,170x172,yes,android_default,runtime_candidate,review
assets_src/user_reference/defender_left_idle_blue_frames/frame_52.png,unclassified,image,png,170x172,yes,android_default,runtime_candidate,review
assets_src/user_reference/defender_left_idle_blue_frames/frame_53.png,unclassified,image,png,170x172,yes,android_default,runtime_candidate,review
assets_src/user_reference/defender_left_idle_blue_frames/frame_54.png,unclassified,image,png,170x172,yes,android_default,runtime_candidate,review
assets_src/user_reference/defender_left_idle_blue_frames/frame_55.png,unclassified,image,png,170x172,yes,android_default,runtime_candidate,review
assets_src/user_reference/defender_left_idle_interpolated/00_frame_00.png,unclassified,image,png,173x164,yes,android_default,runtime_candidate,review
assets_src/user_reference/defender_left_idle_interpolated/01_frame_00_01_mid.png,unclassified,image,png,173x164,yes,android_default,runtime_candidate,review
assets_src/user_reference/defender_left_idle_interpolated/02_frame_01.png,unclassified,image,png,173x164,yes,android_default,runtime_candidate,review
assets_src/user_reference/defender_left_idle_interpolated/03_frame_01_02_mid.png,unclassified,image,png,173x164,yes,android_default,runtime_candidate,review
assets_src/user_reference/defender_left_idle_interpolated/04_frame_02.png,unclassified,image,png,173x164,yes,android_default,runtime_candidate,review
assets_src/user_reference/defender_left_idle_interpolated/05_frame_02_03_mid.png,unclassified,image,png,173x164,yes,android_default,runtime_candidate,review
assets_src/user_reference/defender_left_idle_interpolated/06_frame_03.png,unclassified,image,png,173x164,yes,android_default,runtime_candidate,review
assets_src/user_reference/defender_left_idle_interpolated/07_frame_03_04_mid.png,unclassified,image,png,173x164,yes,android_default,runtime_candidate,review
assets_src/user_reference/defender_left_idle_interpolated/08_frame_04.png,unclassified,image,png,173x164,yes,android_default,runtime_candidate,review
assets_src/user_reference/defender_left_idle_interpolated/09_frame_04_05_mid.png,unclassified,image,png,173x164,yes,android_default,runtime_candidate,review
assets_src/user_reference/defender_left_idle_interpolated/10_frame_05.png,unclassified,image,png,173x164,yes,android_default,runtime_candidate,review
assets_src/user_reference/defender_left_idle_interpolated/11_frame_05_06_mid.png,unclassified,image,png,173x164,yes,android_default,runtime_candidate,review
assets_src/user_reference/defender_left_idle_interpolated/12_frame_06.png,unclassified,image,png,173x164,yes,android_default,runtime_candidate,review
assets_src/user_reference/defender_left_idle_interpolated/13_frame_06_07_mid.png,unclassified,image,png,173x164,yes,android_default,runtime_candidate,review
assets_src/user_reference/defender_left_idle_interpolated/14_frame_07.png,unclassified,image,png,173x164,yes,android_default,runtime_candidate,review
assets_src/user_reference/defender_left_idle_interpolated/15_frame_07_08_mid.png,unclassified,image,png,173x164,yes,android_default,runtime_candidate,review
assets_src/user_reference/defender_left_idle_interpolated/16_frame_08.png,unclassified,image,png,173x164,yes,android_default,runtime_candidate,review
assets_src/user_reference/defender_left_idle_interpolated/17_frame_08_09_mid.png,unclassified,image,png,173x164,yes,android_default,runtime_candidate,review
assets_src/user_reference/defender_left_idle_interpolated/18_frame_09.png,unclassified,image,png,173x164,yes,android_default,runtime_candidate,review
assets_src/user_reference/defender_left_idle_interpolated/19_frame_09_10_mid.png,unclassified,image,png,173x164,yes,android_default,runtime_candidate,review
assets_src/user_reference/defender_left_idle_interpolated/20_frame_10.png,unclassified,image,png,173x164,yes,android_default,runtime_candidate,review
assets_src/user_reference/defender_left_idle_interpolated/21_frame_10_11_mid.png,unclassified,image,png,173x164,yes,android_default,runtime_candidate,review
assets_src/user_reference/defender_left_idle_interpolated/22_frame_11.png,unclassified,image,png,173x164,yes,android_default,runtime_candidate,review
assets_src/user_reference/defender_left_idle_interpolated/23_frame_11_12_mid.png,unclassified,image,png,173x164,yes,android_default,runtime_candidate,review
assets_src/user_reference/defender_left_idle_interpolated/24_frame_12.png,unclassified,image,png,173x164,yes,android_default,runtime_candidate,review
assets_src/user_reference/defender_left_idle_interpolated/25_frame_12_13_mid.png,unclassified,image,png,173x164,yes,android_default,runtime_candidate,review
assets_src/user_reference/defender_left_idle_interpolated/26_frame_13.png,unclassified,image,png,173x164,yes,android_default,runtime_candidate,review
assets_src/user_reference/defender_left_idle_interpolated/27_frame_13_14_mid.png,unclassified,image,png,173x164,yes,android_default,runtime_candidate,review
assets_src/user_reference/defender_left_idle_interpolated/28_frame_14.png,unclassified,image,png,173x164,yes,android_default,runtime_candidate,review
assets_src/user_reference/defender_left_idle_interpolated/29_frame_14_15_mid.png,unclassified,image,png,173x164,yes,android_default,runtime_candidate,review
assets_src/user_reference/defender_left_idle_interpolated/30_frame_15.png,unclassified,image,png,173x164,yes,android_default,runtime_candidate,review
assets_src/user_reference/defender_left_idle_interpolated/31_frame_15_16_mid.png,unclassified,image,png,173x164,yes,android_default,runtime_candidate,review
assets_src/user_reference/defender_left_idle_interpolated/32_frame_16.png,unclassified,image,png,173x164,yes,android_default,runtime_candidate,review
assets_src/user_reference/defender_left_idle_interpolated/33_frame_16_17_mid.png,unclassified,image,png,173x164,yes,android_default,runtime_candidate,review
assets_src/user_reference/defender_left_idle_interpolated/34_frame_17.png,unclassified,image,png,173x164,yes,android_default,runtime_candidate,review
assets_src/user_reference/defender_left_idle_interpolated/35_frame_17_18_mid.png,unclassified,image,png,173x164,yes,android_default,runtime_candidate,review
assets_src/user_reference/defender_left_idle_interpolated/36_frame_18.png,unclassified,image,png,173x164,yes,android_default,runtime_candidate,review
assets_src/user_reference/defender_left_idle_interpolated/37_frame_18_19_mid.png,unclassified,image,png,173x164,yes,android_default,runtime_candidate,review
assets_src/user_reference/defender_left_idle_interpolated/38_frame_19.png,unclassified,image,png,173x164,yes,android_default,runtime_candidate,review
assets_src/user_reference/defender_left_movement.png,units,image,png,3200x640,yes,android_default,runtime_candidate,copy_or_process
assets_src/user_reference/defender_left_movement_frames/frame_00.png,unclassified,image,png,258x252,yes,android_default,runtime_candidate,review
assets_src/user_reference/defender_left_movement_frames/frame_01.png,unclassified,image,png,258x252,yes,android_default,runtime_candidate,review
assets_src/user_reference/defender_left_movement_frames/frame_02.png,unclassified,image,png,258x252,yes,android_default,runtime_candidate,review
assets_src/user_reference/defender_left_movement_frames/frame_03.png,unclassified,image,png,258x252,yes,android_default,runtime_candidate,review
assets_src/user_reference/defender_left_movement_frames/frame_04.png,unclassified,image,png,258x252,yes,android_default,runtime_candidate,review
assets_src/user_reference/defender_left_movement_frames/frame_05.png,unclassified,image,png,258x252,yes,android_default,runtime_candidate,review
assets_src/user_reference/defender_left_movement_frames/frame_06.png,unclassified,image,png,258x252,yes,android_default,runtime_candidate,review
assets_src/user_reference/defender_left_movement_frames/frame_07.png,unclassified,image,png,258x252,yes,android_default,runtime_candidate,review
assets_src/user_reference/defender_left_movement_frames/frame_08.png,unclassified,image,png,258x252,yes,android_default,runtime_candidate,review
assets_src/user_reference/defender_left_movement_frames/frame_09.png,unclassified,image,png,258x252,yes,android_default,runtime_candidate,review
assets_src/user_reference/defender_left_movement_frames/frame_10.png,unclassified,image,png,258x252,yes,android_default,runtime_candidate,review
assets_src/user_reference/defender_left_movement_frames/frame_11.png,unclassified,image,png,258x252,yes,android_default,runtime_candidate,review
assets_src/user_reference/defender_left_movement_frames/frame_12.png,unclassified,image,png,258x252,yes,android_default,runtime_candidate,review
assets_src/user_reference/defender_left_movement_frames/frame_13.png,unclassified,image,png,258x252,yes,android_default,runtime_candidate,review
assets_src/user_reference/defender_left_movement_frames/frame_14.png,unclassified,image,png,258x252,yes,android_default,runtime_candidate,review
assets_src/user_reference/defender_left_movement_frames/frame_15.png,unclassified,image,png,258x252,yes,android_default,runtime_candidate,review
assets_src/user_reference/defender_left_movement_frames/frame_16.png,unclassified,image,png,258x252,yes,android_default,runtime_candidate,review
assets_src/user_reference/defender_left_movement_frames/frame_17.png,unclassified,image,png,258x252,yes,android_default,runtime_candidate,review
assets_src/user_reference/defender_left_movement_frames/frame_18.png,unclassified,image,png,258x252,yes,android_default,runtime_candidate,review
assets_src/user_reference/defender_left_movement_frames/frame_19.png,unclassified,image,png,258x252,yes,android_default,runtime_candidate,review
assets_src/user_reference/defender_left_movement_frames/frame_20.png,unclassified,image,png,258x252,yes,android_default,runtime_candidate,review
assets_src/user_reference/defender_left_movement_frames/frame_21.png,unclassified,image,png,258x252,yes,android_default,runtime_candidate,review
assets_src/user_reference/defender_left_movement_frames/frame_22.png,unclassified,image,png,258x252,yes,android_default,runtime_candidate,review
assets_src/user_reference/defender_left_movement_frames/frame_23.png,unclassified,image,png,258x252,yes,android_default,runtime_candidate,review
assets_src/user_reference/defender_right_death_frames/frame_00.png,unclassified,image,png,252x272,yes,android_default,runtime_candidate,review
assets_src/user_reference/defender_right_death_frames/frame_01.png,unclassified,image,png,252x272,yes,android_default,runtime_candidate,review
assets_src/user_reference/defender_right_death_frames/frame_02.png,unclassified,image,png,252x272,yes,android_default,runtime_candidate,review
assets_src/user_reference/defender_right_death_frames/frame_03.png,unclassified,image,png,252x272,yes,android_default,runtime_candidate,review
assets_src/user_reference/defender_right_death_frames/frame_04.png,unclassified,image,png,252x272,yes,android_default,runtime_candidate,review
assets_src/user_reference/defender_right_death_frames/frame_05.png,unclassified,image,png,252x272,yes,android_default,runtime_candidate,review
assets_src/user_reference/defender_right_death_frames/frame_06.png,unclassified,image,png,252x272,yes,android_default,runtime_candidate,review
assets_src/user_reference/defender_right_death_frames/frame_07.png,unclassified,image,png,252x272,yes,android_default,runtime_candidate,review
assets_src/user_reference/defender_right_death_frames/frame_08.png,unclassified,image,png,252x272,yes,android_default,runtime_candidate,review
assets_src/user_reference/defender_right_death_frames/frame_09.png,unclassified,image,png,252x272,yes,android_default,runtime_candidate,review
assets_src/user_reference/defender_right_death_frames/frame_10.png,unclassified,image,png,252x272,yes,android_default,runtime_candidate,review
assets_src/user_reference/defender_right_death_frames/frame_11.png,unclassified,image,png,252x272,yes,android_default,runtime_candidate,review
assets_src/user_reference/defender_right_death_frames/frame_12.png,unclassified,image,png,252x272,yes,android_default,runtime_candidate,review
assets_src/user_reference/defender_right_death_frames/frame_13.png,unclassified,image,png,252x272,yes,android_default,runtime_candidate,review
assets_src/user_reference/defender_right_death_frames/frame_14.png,unclassified,image,png,252x272,yes,android_default,runtime_candidate,review
assets_src/user_reference/defender_right_death_frames/frame_15.png,unclassified,image,png,252x272,yes,android_default,runtime_candidate,review
assets_src/user_reference/defender_right_death_frames/frame_16.png,unclassified,image,png,252x272,yes,android_default,runtime_candidate,review
assets_src/user_reference/defender_right_death_frames/frame_17.png,unclassified,image,png,252x272,yes,android_default,runtime_candidate,review
assets_src/user_reference/defender_right_death_frames/frame_18.png,unclassified,image,png,252x272,yes,android_default,runtime_candidate,review
assets_src/user_reference/defender_right_death_frames/frame_19.png,unclassified,image,png,252x272,yes,android_default,runtime_candidate,review
assets_src/user_reference/defender_right_death_frames/frame_20.png,unclassified,image,png,252x272,yes,android_default,runtime_candidate,review
assets_src/user_reference/defender_right_death_frames/frame_21.png,unclassified,image,png,252x272,yes,android_default,runtime_candidate,review
assets_src/user_reference/defender_right_death_frames/frame_22.png,unclassified,image,png,252x272,yes,android_default,runtime_candidate,review
assets_src/user_reference/defender_right_death_frames/frame_23.png,unclassified,image,png,252x272,yes,android_default,runtime_candidate,review
assets_src/user_reference/defender_right_fight_frames/frame_00.png,unclassified,image,png,315x273,yes,android_default,runtime_candidate,review
assets_src/user_reference/defender_right_fight_frames/frame_01.png,unclassified,image,png,315x273,yes,android_default,runtime_candidate,review
assets_src/user_reference/defender_right_fight_frames/frame_02.png,unclassified,image,png,315x273,yes,android_default,runtime_candidate,review
assets_src/user_reference/defender_right_fight_frames/frame_03.png,unclassified,image,png,315x273,yes,android_default,runtime_candidate,review
assets_src/user_reference/defender_right_fight_frames/frame_04.png,unclassified,image,png,315x273,yes,android_default,runtime_candidate,review
assets_src/user_reference/defender_right_fight_frames/frame_05.png,unclassified,image,png,315x273,yes,android_default,runtime_candidate,review
assets_src/user_reference/defender_right_fight_frames/frame_06.png,unclassified,image,png,315x273,yes,android_default,runtime_candidate,review
assets_src/user_reference/defender_right_fight_frames/frame_07.png,unclassified,image,png,315x273,yes,android_default,runtime_candidate,review
assets_src/user_reference/defender_right_fight_frames/frame_08.png,unclassified,image,png,315x273,yes,android_default,runtime_candidate,review
assets_src/user_reference/defender_right_fight_frames/frame_09.png,unclassified,image,png,315x273,yes,android_default,runtime_candidate,review
assets_src/user_reference/defender_right_fight_frames/frame_10.png,unclassified,image,png,315x273,yes,android_default,runtime_candidate,review
assets_src/user_reference/defender_right_fight_frames/frame_11.png,unclassified,image,png,315x273,yes,android_default,runtime_candidate,review
assets_src/user_reference/defender_right_fight_frames/frame_12.png,unclassified,image,png,315x273,yes,android_default,runtime_candidate,review
assets_src/user_reference/defender_right_fight_frames/frame_13.png,unclassified,image,png,315x273,yes,android_default,runtime_candidate,review
assets_src/user_reference/defender_right_fight_frames/frame_14.png,unclassified,image,png,315x273,yes,android_default,runtime_candidate,review
assets_src/user_reference/defender_right_fight_frames/frame_15.png,unclassified,image,png,315x273,yes,android_default,runtime_candidate,review
assets_src/user_reference/defender_right_fight_frames/frame_16.png,unclassified,image,png,315x273,yes,android_default,runtime_candidate,review
assets_src/user_reference/defender_right_idle_frames/frame_00.png,unclassified,image,png,169x171,yes,android_default,runtime_candidate,review
assets_src/user_reference/defender_right_idle_frames/frame_01.png,unclassified,image,png,169x171,yes,android_default,runtime_candidate,review
assets_src/user_reference/defender_right_idle_frames/frame_02.png,unclassified,image,png,169x171,yes,android_default,runtime_candidate,review
assets_src/user_reference/defender_right_idle_frames/frame_03.png,unclassified,image,png,169x171,yes,android_default,runtime_candidate,review
assets_src/user_reference/defender_right_idle_frames/frame_04.png,unclassified,image,png,169x171,yes,android_default,runtime_candidate,review
assets_src/user_reference/defender_right_idle_frames/frame_05.png,unclassified,image,png,169x171,yes,android_default,runtime_candidate,review
assets_src/user_reference/defender_right_idle_frames/frame_06.png,unclassified,image,png,169x171,yes,android_default,runtime_candidate,review
assets_src/user_reference/defender_right_idle_frames/frame_07.png,unclassified,image,png,169x171,yes,android_default,runtime_candidate,review
assets_src/user_reference/defender_right_idle_frames/frame_08.png,unclassified,image,png,169x171,yes,android_default,runtime_candidate,review
assets_src/user_reference/defender_right_idle_frames/frame_09.png,unclassified,image,png,169x171,yes,android_default,runtime_candidate,review
assets_src/user_reference/defender_right_idle_frames/frame_10.png,unclassified,image,png,169x171,yes,android_default,runtime_candidate,review
assets_src/user_reference/defender_right_idle_frames/frame_11.png,unclassified,image,png,169x171,yes,android_default,runtime_candidate,review
assets_src/user_reference/defender_right_idle_frames/frame_12.png,unclassified,image,png,169x171,yes,android_default,runtime_candidate,review
assets_src/user_reference/defender_right_idle_frames/frame_13.png,unclassified,image,png,169x171,yes,android_default,runtime_candidate,review
assets_src/user_reference/defender_right_idle_frames/frame_14.png,unclassified,image,png,169x171,yes,android_default,runtime_candidate,review
assets_src/user_reference/defender_right_idle_frames/frame_15.png,unclassified,image,png,169x171,yes,android_default,runtime_candidate,review
assets_src/user_reference/defender_right_idle_frames/frame_16.png,unclassified,image,png,169x171,yes,android_default,runtime_candidate,review
assets_src/user_reference/defender_right_idle_frames/frame_17.png,unclassified,image,png,169x171,yes,android_default,runtime_candidate,review
assets_src/user_reference/defender_right_idle_frames/frame_18.png,unclassified,image,png,169x171,yes,android_default,runtime_candidate,review
assets_src/user_reference/defender_right_idle_frames/frame_19.png,unclassified,image,png,169x171,yes,android_default,runtime_candidate,review
assets_src/user_reference/defender_right_idle_frames/frame_20.png,unclassified,image,png,169x171,yes,android_default,runtime_candidate,review
assets_src/user_reference/defender_right_idle_frames/frame_21.png,unclassified,image,png,169x171,yes,android_default,runtime_candidate,review
assets_src/user_reference/defender_right_idle_frames/frame_22.png,unclassified,image,png,169x171,yes,android_default,runtime_candidate,review
assets_src/user_reference/defender_right_idle_frames/frame_23.png,unclassified,image,png,169x171,yes,android_default,runtime_candidate,review
assets_src/user_reference/defender_right_idle_frames/frame_24.png,unclassified,image,png,169x171,yes,android_default,runtime_candidate,review
assets_src/user_reference/defender_right_idle_frames/frame_25.png,unclassified,image,png,169x171,yes,android_default,runtime_candidate,review
assets_src/user_reference/defender_right_idle_frames/frame_26.png,unclassified,image,png,169x171,yes,android_default,runtime_candidate,review
assets_src/user_reference/defender_right_idle_frames/frame_27.png,unclassified,image,png,169x171,yes,android_default,runtime_candidate,review
assets_src/user_reference/defender_right_idle_frames/frame_28.png,unclassified,image,png,169x171,yes,android_default,runtime_candidate,review
assets_src/user_reference/defender_right_idle_frames/frame_29.png,unclassified,image,png,169x171,yes,android_default,runtime_candidate,review
assets_src/user_reference/defender_right_idle_frames/frame_30.png,unclassified,image,png,169x171,yes,android_default,runtime_candidate,review
assets_src/user_reference/defender_right_idle_frames/frame_31.png,unclassified,image,png,169x171,yes,android_default,runtime_candidate,review
assets_src/user_reference/defender_right_idle_frames/frame_32.png,unclassified,image,png,169x171,yes,android_default,runtime_candidate,review
assets_src/user_reference/defender_right_idle_frames/frame_33.png,unclassified,image,png,169x171,yes,android_default,runtime_candidate,review
assets_src/user_reference/defender_right_idle_frames/frame_34.png,unclassified,image,png,169x171,yes,android_default,runtime_candidate,review
assets_src/user_reference/defender_right_idle_frames/frame_35.png,unclassified,image,png,169x171,yes,android_default,runtime_candidate,review
assets_src/user_reference/defender_right_idle_frames/frame_36.png,unclassified,image,png,169x171,yes,android_default,runtime_candidate,review
assets_src/user_reference/defender_right_idle_frames/frame_37.png,unclassified,image,png,169x171,yes,android_default,runtime_candidate,review
assets_src/user_reference/defender_right_idle_frames/frame_38.png,unclassified,image,png,169x171,yes,android_default,runtime_candidate,review
assets_src/user_reference/defender_right_idle_frames/frame_39.png,unclassified,image,png,169x171,yes,android_default,runtime_candidate,review
assets_src/user_reference/defender_right_idle_frames/frame_40.png,unclassified,image,png,169x171,yes,android_default,runtime_candidate,review
assets_src/user_reference/defender_right_idle_frames/frame_41.png,unclassified,image,png,169x171,yes,android_default,runtime_candidate,review
assets_src/user_reference/defender_right_idle_frames/frame_42.png,unclassified,image,png,169x171,yes,android_default,runtime_candidate,review
assets_src/user_reference/defender_right_idle_frames/frame_43.png,unclassified,image,png,169x171,yes,android_default,runtime_candidate,review
assets_src/user_reference/defender_right_idle_frames/frame_44.png,unclassified,image,png,169x171,yes,android_default,runtime_candidate,review
assets_src/user_reference/defender_right_idle_frames/frame_45.png,unclassified,image,png,169x171,yes,android_default,runtime_candidate,review
assets_src/user_reference/defender_right_idle_frames/frame_46.png,unclassified,image,png,169x171,yes,android_default,runtime_candidate,review
assets_src/user_reference/defender_right_idle_frames/frame_47.png,unclassified,image,png,169x171,yes,android_default,runtime_candidate,review
assets_src/user_reference/defender_right_idle_frames/frame_48.png,unclassified,image,png,169x171,yes,android_default,runtime_candidate,review
assets_src/user_reference/defender_right_idle_frames/frame_49.png,unclassified,image,png,169x171,yes,android_default,runtime_candidate,review
assets_src/user_reference/defender_right_idle_frames/frame_50.png,unclassified,image,png,169x171,yes,android_default,runtime_candidate,review
assets_src/user_reference/defender_right_idle_frames/frame_51.png,unclassified,image,png,169x171,yes,android_default,runtime_candidate,review
assets_src/user_reference/defender_right_idle_frames/frame_52.png,unclassified,image,png,169x171,yes,android_default,runtime_candidate,review
assets_src/user_reference/defender_right_idle_frames/frame_53.png,unclassified,image,png,169x171,yes,android_default,runtime_candidate,review
assets_src/user_reference/defender_right_idle_frames/frame_54.png,unclassified,image,png,169x171,yes,android_default,runtime_candidate,review
assets_src/user_reference/defender_right_idle_frames/frame_55.png,unclassified,image,png,169x171,yes,android_default,runtime_candidate,review
assets_src/user_reference/defender_right_movement_frames/frame_00.png,unclassified,image,png,257x252,yes,android_default,runtime_candidate,review
assets_src/user_reference/defender_right_movement_frames/frame_01.png,unclassified,image,png,257x252,yes,android_default,runtime_candidate,review
assets_src/user_reference/defender_right_movement_frames/frame_02.png,unclassified,image,png,257x252,yes,android_default,runtime_candidate,review
assets_src/user_reference/defender_right_movement_frames/frame_03.png,unclassified,image,png,257x252,yes,android_default,runtime_candidate,review
assets_src/user_reference/defender_right_movement_frames/frame_04.png,unclassified,image,png,257x252,yes,android_default,runtime_candidate,review
assets_src/user_reference/defender_right_movement_frames/frame_05.png,unclassified,image,png,257x252,yes,android_default,runtime_candidate,review
assets_src/user_reference/defender_right_movement_frames/frame_06.png,unclassified,image,png,257x252,yes,android_default,runtime_candidate,review
assets_src/user_reference/defender_right_movement_frames/frame_07.png,unclassified,image,png,257x252,yes,android_default,runtime_candidate,review
assets_src/user_reference/defender_right_movement_frames/frame_08.png,unclassified,image,png,257x252,yes,android_default,runtime_candidate,review
assets_src/user_reference/defender_right_movement_frames/frame_09.png,unclassified,image,png,257x252,yes,android_default,runtime_candidate,review
assets_src/user_reference/defender_right_movement_frames/frame_10.png,unclassified,image,png,257x252,yes,android_default,runtime_candidate,review
assets_src/user_reference/defender_right_movement_frames/frame_11.png,unclassified,image,png,257x252,yes,android_default,runtime_candidate,review
assets_src/user_reference/defender_right_movement_frames/frame_12.png,unclassified,image,png,257x252,yes,android_default,runtime_candidate,review
assets_src/user_reference/defender_right_movement_frames/frame_13.png,unclassified,image,png,257x252,yes,android_default,runtime_candidate,review
assets_src/user_reference/defender_right_movement_frames/frame_14.png,unclassified,image,png,257x252,yes,android_default,runtime_candidate,review
assets_src/user_reference/defender_right_movement_frames/frame_15.png,unclassified,image,png,257x252,yes,android_default,runtime_candidate,review
assets_src/user_reference/defender_right_movement_frames/frame_16.png,unclassified,image,png,257x252,yes,android_default,runtime_candidate,review
assets_src/user_reference/defender_right_movement_frames/frame_17.png,unclassified,image,png,257x252,yes,android_default,runtime_candidate,review
assets_src/user_reference/defender_right_movement_frames/frame_18.png,unclassified,image,png,257x252,yes,android_default,runtime_candidate,review
assets_src/user_reference/defender_right_movement_frames/frame_19.png,unclassified,image,png,257x252,yes,android_default,runtime_candidate,review
assets_src/user_reference/defender_right_movement_frames/frame_20.png,unclassified,image,png,257x252,yes,android_default,runtime_candidate,review
assets_src/user_reference/defender_right_movement_frames/frame_21.png,unclassified,image,png,257x252,yes,android_default,runtime_candidate,review
assets_src/user_reference/defender_right_movement_frames/frame_22.png,unclassified,image,png,257x252,yes,android_default,runtime_candidate,review
assets_src/user_reference/defender_right_movement_frames/frame_23.png,unclassified,image,png,257x252,yes,android_default,runtime_candidate,review
assets_src/user_reference/fantasy_valley_background.jpg,backgrounds,image,jpg,,,android_default,runtime_candidate,copy_or_process
assets_src/user_reference/fire_rain_animation_sheet.png,projectiles,image,png,1448x1086,yes,android_default,runtime_candidate,copy_or_process
assets_src/user_reference/fire_rain_flight_sheet_68e1d13e92.png,projectiles,image,png,1448x362,yes,android_default,runtime_candidate,copy_or_process
assets_src/user_reference/fire_rain_flight_sheet_91237dac3b.png,projectiles,image,png,1448x434,yes,android_default,runtime_candidate,copy_or_process
assets_src/user_reference/fire_rain_icon.png,projectiles,image,png,1254x1254,yes,android_default,runtime_candidate,copy_or_process
assets_src/user_reference/fire_rain_impact_sheet_5e7acdd863.png,projectiles,image,png,1448x652,yes,android_default,runtime_candidate,copy_or_process
assets_src/user_reference/fire_rain_impact_sheet_f8fd966fa2.png,projectiles,image,png,1448x724,yes,android_default,runtime_candidate,copy_or_process
assets_src/user_reference/fortress_chapter_02/fortress_chapter_02_left_source.png,fortresses,image,png,1448x1086,yes,android_default,runtime_candidate,copy_or_process
assets_src/user_reference/fortress_chapter_02/fortress_chapter_02_right_source.png,fortresses,image,png,1448x1086,yes,android_default,runtime_candidate,copy_or_process
assets_src/user_reference/fortress_chapter_02_left_previous.png,fortresses,image,png,1024x768,yes,android_default,runtime_candidate,copy_or_process
assets_src/user_reference/fortress_chapter_02_left_previous_2026-10-03.png,fortresses,image,png,1024x768,yes,android_default,runtime_candidate,copy_or_process
assets_src/user_reference/fortress_chapter_02_left_source_2026-10-03.png,fortresses,image,png,1024x768,yes,android_default,runtime_candidate,copy_or_process
assets_src/user_reference/fortress_chapter_02_right_previous.png,fortresses,image,png,1024x768,yes,android_default,runtime_candidate,copy_or_process
assets_src/user_reference/fortress_chapter_02_right_previous_2026-10-03.png,fortresses,image,png,1024x768,yes,android_default,runtime_candidate,copy_or_process
assets_src/user_reference/fortress_chapter_02_right_source_2026-10-03.png,fortresses,image,png,1024x768,yes,android_default,runtime_candidate,copy_or_process
assets_src/user_reference/fortress_chapter_05/source.png,unclassified,image,png,2000x667,yes,android_default,runtime_candidate,review
assets_src/user_reference/frostbound/central_objective_frozen_troll.png,fortresses,image,png,998x889,yes,android_default,runtime_candidate,copy_or_process
assets_src/user_reference/frostbound/central_objective_old_yeti_sovereign.png,fortresses,image,png,1107x939,yes,android_default,runtime_candidate,copy_or_process
assets_src/user_reference/frostbound/terrain_frost_relic_01_frozen_goblin_chest.png,terrain,image,png,512x512,yes,android_default,runtime_candidate,copy_or_process
assets_src/user_reference/frostbound/terrain_frost_relic_02_buried_orc_helmet.png,terrain,image,png,512x512,yes,android_default,runtime_candidate,copy_or_process
assets_src/user_reference/frostbound/terrain_frost_relic_03_ice_wolf_skeleton.png,terrain,image,png,512x512,yes,android_default,runtime_candidate,copy_or_process
assets_src/user_reference/frostbound/terrain_frost_relic_04_cracked_runic_tablet.png,terrain,image,png,512x512,yes,android_default,runtime_candidate,copy_or_process
assets_src/user_reference/frostbound/terrain_frost_relic_05_frozen_coin_pouch.png,terrain,image,png,512x512,yes,android_default,runtime_candidate,copy_or_process
assets_src/user_reference/frostbound/terrain_frost_relic_06_expedition_sled_fragment.png,terrain,image,png,512x512,yes,android_default,runtime_candidate,copy_or_process
assets_src/user_reference/frostbound/terrain_frost_relic_07_buried_miner_pickaxe.png,terrain,image,png,512x512,yes,android_default,runtime_candidate,copy_or_process
assets_src/user_reference/frostbound/terrain_frost_relic_08_ice_creature_egg.png,terrain,image,png,512x512,yes,android_default,runtime_candidate,copy_or_process
assets_src/user_reference/frostbound/terrain_frost_relic_09_buried_snowman_mask.png,terrain,image,png,512x512,yes,android_default,runtime_candidate,copy_or_process
assets_src/user_reference/frostbound/terrain_frost_relic_10_frozen_alarm_horn.png,terrain,image,png,512x512,yes,android_default,runtime_candidate,copy_or_process
assets_src/user_reference/frostbound/terrain_frost_soil_fill_00_accepted_2026-10-04.png,terrain,image,png,1024x1024,yes,android_default,runtime_candidate,copy_or_process
assets_src/user_reference/future_units/.DS_Store,unclassified,resource_or_other,none,,,android_default,runtime_candidate,review
assets_src/user_reference/future_units/goblin_raging_boar_attack/goblin_raging_boar_attack_00.png,units,image,png,512x512,yes,android_default,runtime_candidate,copy_or_process
assets_src/user_reference/future_units/goblin_raging_boar_attack/goblin_raging_boar_attack_01.png,units,image,png,512x512,yes,android_default,runtime_candidate,copy_or_process
assets_src/user_reference/future_units/goblin_raging_boar_attack/goblin_raging_boar_attack_02.png,units,image,png,512x512,yes,android_default,runtime_candidate,copy_or_process
assets_src/user_reference/future_units/goblin_raging_boar_attack/goblin_raging_boar_attack_03.png,units,image,png,512x512,yes,android_default,runtime_candidate,copy_or_process
assets_src/user_reference/future_units/goblin_raging_boar_attack/goblin_raging_boar_attack_04.png,units,image,png,512x512,yes,android_default,runtime_candidate,copy_or_process
assets_src/user_reference/future_units/goblin_raging_boar_attack/goblin_raging_boar_attack_05.png,units,image,png,512x512,yes,android_default,runtime_candidate,copy_or_process
assets_src/user_reference/future_units/goblin_raging_boar_attack/goblin_raging_boar_attack_06.png,units,image,png,512x512,yes,android_default,runtime_candidate,copy_or_process
assets_src/user_reference/future_units/goblin_raging_boar_attack/goblin_raging_boar_attack_07.png,units,image,png,512x512,yes,android_default,runtime_candidate,copy_or_process
assets_src/user_reference/future_units/goblin_raging_boar_attack/goblin_raging_boar_attack_08.png,units,image,png,512x512,yes,android_default,runtime_candidate,copy_or_process
assets_src/user_reference/future_units/goblin_raging_boar_attack/goblin_raging_boar_attack_09.png,units,image,png,512x512,yes,android_default,runtime_candidate,copy_or_process
assets_src/user_reference/future_units/goblin_raging_boar_attack/goblin_raging_boar_attack_10.png,units,image,png,512x512,yes,android_default,runtime_candidate,copy_or_process
assets_src/user_reference/future_units/goblin_raging_boar_attack/goblin_raging_boar_attack_11.png,units,image,png,512x512,yes,android_default,runtime_candidate,copy_or_process
assets_src/user_reference/future_units/goblin_raging_boar_attack/goblin_raging_boar_attack_12.png,units,image,png,512x512,yes,android_default,runtime_candidate,copy_or_process
assets_src/user_reference/future_units/goblin_raging_boar_attack/goblin_raging_boar_attack_13.png,units,image,png,512x512,yes,android_default,runtime_candidate,copy_or_process
assets_src/user_reference/future_units/goblin_raging_boar_attack/goblin_raging_boar_attack_14.png,units,image,png,512x512,yes,android_default,runtime_candidate,copy_or_process
assets_src/user_reference/future_units/goblin_raging_boar_attack/goblin_raging_boar_attack_15.png,units,image,png,512x512,yes,android_default,runtime_candidate,copy_or_process
assets_src/user_reference/future_units/goblin_raging_boar_attack_red/goblin_raging_boar_attack_00.png,units,image,png,512x512,yes,android_default,runtime_candidate,copy_or_process
assets_src/user_reference/future_units/goblin_raging_boar_attack_red/goblin_raging_boar_attack_01.png,units,image,png,512x512,yes,android_default,runtime_candidate,copy_or_process
assets_src/user_reference/future_units/goblin_raging_boar_attack_red/goblin_raging_boar_attack_02.png,units,image,png,512x512,yes,android_default,runtime_candidate,copy_or_process
assets_src/user_reference/future_units/goblin_raging_boar_attack_red/goblin_raging_boar_attack_03.png,units,image,png,512x512,yes,android_default,runtime_candidate,copy_or_process
assets_src/user_reference/future_units/goblin_raging_boar_attack_red/goblin_raging_boar_attack_04.png,units,image,png,512x512,yes,android_default,runtime_candidate,copy_or_process
assets_src/user_reference/future_units/goblin_raging_boar_attack_red/goblin_raging_boar_attack_05.png,units,image,png,512x512,yes,android_default,runtime_candidate,copy_or_process
assets_src/user_reference/future_units/goblin_raging_boar_attack_red/goblin_raging_boar_attack_06.png,units,image,png,512x512,yes,android_default,runtime_candidate,copy_or_process
assets_src/user_reference/future_units/goblin_raging_boar_attack_red/goblin_raging_boar_attack_07.png,units,image,png,512x512,yes,android_default,runtime_candidate,copy_or_process
assets_src/user_reference/future_units/goblin_raging_boar_attack_red/goblin_raging_boar_attack_08.png,units,image,png,512x512,yes,android_default,runtime_candidate,copy_or_process
assets_src/user_reference/future_units/goblin_raging_boar_attack_red/goblin_raging_boar_attack_09.png,units,image,png,512x512,yes,android_default,runtime_candidate,copy_or_process
assets_src/user_reference/future_units/goblin_raging_boar_attack_red/goblin_raging_boar_attack_10.png,units,image,png,512x512,yes,android_default,runtime_candidate,copy_or_process
assets_src/user_reference/future_units/goblin_raging_boar_attack_red/goblin_raging_boar_attack_11.png,units,image,png,512x512,yes,android_default,runtime_candidate,copy_or_process
assets_src/user_reference/future_units/goblin_raging_boar_attack_red/goblin_raging_boar_attack_12.png,units,image,png,512x512,yes,android_default,runtime_candidate,copy_or_process
assets_src/user_reference/future_units/goblin_raging_boar_attack_red/goblin_raging_boar_attack_13.png,units,image,png,512x512,yes,android_default,runtime_candidate,copy_or_process
assets_src/user_reference/future_units/goblin_raging_boar_attack_red/goblin_raging_boar_attack_14.png,units,image,png,512x512,yes,android_default,runtime_candidate,copy_or_process
assets_src/user_reference/future_units/goblin_raging_boar_attack_red/goblin_raging_boar_attack_15.png,units,image,png,512x512,yes,android_default,runtime_candidate,copy_or_process
assets_src/user_reference/future_units/goblin_raging_boar_death/goblin_raging_boar_death_00.png,units,image,png,512x512,yes,android_default,runtime_candidate,copy_or_process
assets_src/user_reference/future_units/goblin_raging_boar_death/goblin_raging_boar_death_01.png,units,image,png,512x512,yes,android_default,runtime_candidate,copy_or_process
assets_src/user_reference/future_units/goblin_raging_boar_death/goblin_raging_boar_death_02.png,units,image,png,512x512,yes,android_default,runtime_candidate,copy_or_process
assets_src/user_reference/future_units/goblin_raging_boar_death/goblin_raging_boar_death_03.png,units,image,png,512x512,yes,android_default,runtime_candidate,copy_or_process
assets_src/user_reference/future_units/goblin_raging_boar_death/goblin_raging_boar_death_04.png,units,image,png,512x512,yes,android_default,runtime_candidate,copy_or_process
assets_src/user_reference/future_units/goblin_raging_boar_death/goblin_raging_boar_death_05.png,units,image,png,512x512,yes,android_default,runtime_candidate,copy_or_process
assets_src/user_reference/future_units/goblin_raging_boar_death/goblin_raging_boar_death_06.png,units,image,png,512x512,yes,android_default,runtime_candidate,copy_or_process
assets_src/user_reference/future_units/goblin_raging_boar_death/goblin_raging_boar_death_07.png,units,image,png,512x512,yes,android_default,runtime_candidate,copy_or_process
assets_src/user_reference/future_units/goblin_raging_boar_death/goblin_raging_boar_death_08.png,units,image,png,512x512,yes,android_default,runtime_candidate,copy_or_process
assets_src/user_reference/future_units/goblin_raging_boar_death/goblin_raging_boar_death_09.png,units,image,png,512x512,yes,android_default,runtime_candidate,copy_or_process
assets_src/user_reference/future_units/goblin_raging_boar_death/goblin_raging_boar_death_10.png,units,image,png,512x512,yes,android_default,runtime_candidate,copy_or_process
assets_src/user_reference/future_units/goblin_raging_boar_death/goblin_raging_boar_death_11.png,units,image,png,512x512,yes,android_default,runtime_candidate,copy_or_process
assets_src/user_reference/future_units/goblin_raging_boar_death/goblin_raging_boar_death_12.png,units,image,png,512x512,yes,android_default,runtime_candidate,copy_or_process
assets_src/user_reference/future_units/goblin_raging_boar_death/goblin_raging_boar_death_13.png,units,image,png,512x512,yes,android_default,runtime_candidate,copy_or_process
assets_src/user_reference/future_units/goblin_raging_boar_death/goblin_raging_boar_death_14.png,units,image,png,512x512,yes,android_default,runtime_candidate,copy_or_process
assets_src/user_reference/future_units/goblin_raging_boar_death/goblin_raging_boar_death_15.png,units,image,png,512x512,yes,android_default,runtime_candidate,copy_or_process
assets_src/user_reference/future_units/goblin_raging_boar_death/goblin_raging_boar_death_16.png,units,image,png,512x512,yes,android_default,runtime_candidate,copy_or_process
assets_src/user_reference/future_units/goblin_raging_boar_death/goblin_raging_boar_death_17.png,units,image,png,512x512,yes,android_default,runtime_candidate,copy_or_process
assets_src/user_reference/future_units/goblin_raging_boar_death/goblin_raging_boar_death_18.png,units,image,png,512x512,yes,android_default,runtime_candidate,copy_or_process
assets_src/user_reference/future_units/goblin_raging_boar_death/goblin_raging_boar_death_19.png,units,image,png,512x512,yes,android_default,runtime_candidate,copy_or_process
assets_src/user_reference/future_units/goblin_raging_boar_death/goblin_raging_boar_death_20.png,units,image,png,512x512,yes,android_default,runtime_candidate,copy_or_process
assets_src/user_reference/future_units/goblin_raging_boar_death/goblin_raging_boar_death_21.png,units,image,png,512x512,yes,android_default,runtime_candidate,copy_or_process
assets_src/user_reference/future_units/goblin_raging_boar_death/goblin_raging_boar_death_22.png,units,image,png,512x512,yes,android_default,runtime_candidate,copy_or_process
assets_src/user_reference/future_units/goblin_raging_boar_death/goblin_raging_boar_death_23.png,units,image,png,512x512,yes,android_default,runtime_candidate,copy_or_process
assets_src/user_reference/future_units/goblin_raging_boar_death/goblin_raging_boar_death_24_frames_clean.zip,units,resource_or_other,zip,,,android_default,runtime_candidate,copy_or_process
assets_src/user_reference/future_units/goblin_raging_boar_death_red/goblin_raging_boar_death_00.png,units,image,png,512x512,yes,android_default,runtime_candidate,copy_or_process
assets_src/user_reference/future_units/goblin_raging_boar_death_red/goblin_raging_boar_death_01.png,units,image,png,512x512,yes,android_default,runtime_candidate,copy_or_process
assets_src/user_reference/future_units/goblin_raging_boar_death_red/goblin_raging_boar_death_02.png,units,image,png,512x512,yes,android_default,runtime_candidate,copy_or_process
assets_src/user_reference/future_units/goblin_raging_boar_death_red/goblin_raging_boar_death_03.png,units,image,png,512x512,yes,android_default,runtime_candidate,copy_or_process
assets_src/user_reference/future_units/goblin_raging_boar_death_red/goblin_raging_boar_death_04.png,units,image,png,512x512,yes,android_default,runtime_candidate,copy_or_process
assets_src/user_reference/future_units/goblin_raging_boar_death_red/goblin_raging_boar_death_05.png,units,image,png,512x512,yes,android_default,runtime_candidate,copy_or_process
assets_src/user_reference/future_units/goblin_raging_boar_death_red/goblin_raging_boar_death_06.png,units,image,png,512x512,yes,android_default,runtime_candidate,copy_or_process
assets_src/user_reference/future_units/goblin_raging_boar_death_red/goblin_raging_boar_death_07.png,units,image,png,512x512,yes,android_default,runtime_candidate,copy_or_process
assets_src/user_reference/future_units/goblin_raging_boar_death_red/goblin_raging_boar_death_08.png,units,image,png,512x512,yes,android_default,runtime_candidate,copy_or_process
assets_src/user_reference/future_units/goblin_raging_boar_death_red/goblin_raging_boar_death_09.png,units,image,png,512x512,yes,android_default,runtime_candidate,copy_or_process
assets_src/user_reference/future_units/goblin_raging_boar_death_red/goblin_raging_boar_death_10.png,units,image,png,512x512,yes,android_default,runtime_candidate,copy_or_process
assets_src/user_reference/future_units/goblin_raging_boar_death_red/goblin_raging_boar_death_11.png,units,image,png,512x512,yes,android_default,runtime_candidate,copy_or_process
assets_src/user_reference/future_units/goblin_raging_boar_death_red/goblin_raging_boar_death_12.png,units,image,png,512x512,yes,android_default,runtime_candidate,copy_or_process
assets_src/user_reference/future_units/goblin_raging_boar_death_red/goblin_raging_boar_death_13.png,units,image,png,512x512,yes,android_default,runtime_candidate,copy_or_process
assets_src/user_reference/future_units/goblin_raging_boar_death_red/goblin_raging_boar_death_14.png,units,image,png,512x512,yes,android_default,runtime_candidate,copy_or_process
assets_src/user_reference/future_units/goblin_raging_boar_death_red/goblin_raging_boar_death_15.png,units,image,png,512x512,yes,android_default,runtime_candidate,copy_or_process
assets_src/user_reference/future_units/goblin_raging_boar_death_red/goblin_raging_boar_death_16.png,units,image,png,512x512,yes,android_default,runtime_candidate,copy_or_process
assets_src/user_reference/future_units/goblin_raging_boar_death_red/goblin_raging_boar_death_17.png,units,image,png,512x512,yes,android_default,runtime_candidate,copy_or_process
assets_src/user_reference/future_units/goblin_raging_boar_death_red/goblin_raging_boar_death_18.png,units,image,png,512x512,yes,android_default,runtime_candidate,copy_or_process
assets_src/user_reference/future_units/goblin_raging_boar_death_red/goblin_raging_boar_death_19.png,units,image,png,512x512,yes,android_default,runtime_candidate,copy_or_process
assets_src/user_reference/future_units/goblin_raging_boar_death_red/goblin_raging_boar_death_20.png,units,image,png,512x512,yes,android_default,runtime_candidate,copy_or_process
assets_src/user_reference/future_units/goblin_raging_boar_death_red/goblin_raging_boar_death_21.png,units,image,png,512x512,yes,android_default,runtime_candidate,copy_or_process
assets_src/user_reference/future_units/goblin_raging_boar_death_red/goblin_raging_boar_death_22.png,units,image,png,512x512,yes,android_default,runtime_candidate,copy_or_process
assets_src/user_reference/future_units/goblin_raging_boar_death_red/goblin_raging_boar_death_23.png,units,image,png,512x512,yes,android_default,runtime_candidate,copy_or_process
assets_src/user_reference/future_units/goblin_raging_boar_death_red/goblin_raging_boar_death_red_left_24_frames.zip,units,resource_or_other,zip,,,android_default,runtime_candidate,copy_or_process
assets_src/user_reference/future_units/goblin_raging_boar_idle/goblin_raging_boar_idle_00.png,units,image,png,512x512,yes,android_default,runtime_candidate,copy_or_process
assets_src/user_reference/future_units/goblin_raging_boar_idle/goblin_raging_boar_idle_01.png,units,image,png,512x512,yes,android_default,runtime_candidate,copy_or_process
assets_src/user_reference/future_units/goblin_raging_boar_idle/goblin_raging_boar_idle_02.png,units,image,png,512x512,yes,android_default,runtime_candidate,copy_or_process
assets_src/user_reference/future_units/goblin_raging_boar_idle/goblin_raging_boar_idle_03.png,units,image,png,512x512,yes,android_default,runtime_candidate,copy_or_process
assets_src/user_reference/future_units/goblin_raging_boar_idle/goblin_raging_boar_idle_04.png,units,image,png,512x512,yes,android_default,runtime_candidate,copy_or_process
assets_src/user_reference/future_units/goblin_raging_boar_idle/goblin_raging_boar_idle_05.png,units,image,png,512x512,yes,android_default,runtime_candidate,copy_or_process
assets_src/user_reference/future_units/goblin_raging_boar_idle/goblin_raging_boar_idle_06.png,units,image,png,512x512,yes,android_default,runtime_candidate,copy_or_process
assets_src/user_reference/future_units/goblin_raging_boar_idle/goblin_raging_boar_idle_07.png,units,image,png,512x512,yes,android_default,runtime_candidate,copy_or_process
assets_src/user_reference/future_units/goblin_raging_boar_idle/goblin_raging_boar_idle_08.png,units,image,png,512x512,yes,android_default,runtime_candidate,copy_or_process
assets_src/user_reference/future_units/goblin_raging_boar_idle/goblin_raging_boar_idle_09.png,units,image,png,512x512,yes,android_default,runtime_candidate,copy_or_process
assets_src/user_reference/future_units/goblin_raging_boar_idle/goblin_raging_boar_idle_10.png,units,image,png,512x512,yes,android_default,runtime_candidate,copy_or_process
assets_src/user_reference/future_units/goblin_raging_boar_idle/goblin_raging_boar_idle_11.png,units,image,png,512x512,yes,android_default,runtime_candidate,copy_or_process
assets_src/user_reference/future_units/goblin_raging_boar_idle/goblin_raging_boar_idle_12.png,units,image,png,512x512,yes,android_default,runtime_candidate,copy_or_process
assets_src/user_reference/future_units/goblin_raging_boar_idle/goblin_raging_boar_idle_13.png,units,image,png,512x512,yes,android_default,runtime_candidate,copy_or_process
assets_src/user_reference/future_units/goblin_raging_boar_idle/goblin_raging_boar_idle_14.png,units,image,png,512x512,yes,android_default,runtime_candidate,copy_or_process
assets_src/user_reference/future_units/goblin_raging_boar_idle/goblin_raging_boar_idle_15.png,units,image,png,512x512,yes,android_default,runtime_candidate,copy_or_process
assets_src/user_reference/future_units/goblin_raging_boar_idle/goblin_raging_boar_idle_16.png,units,image,png,512x512,yes,android_default,runtime_candidate,copy_or_process
assets_src/user_reference/future_units/goblin_raging_boar_idle/goblin_raging_boar_idle_17.png,units,image,png,512x512,yes,android_default,runtime_candidate,copy_or_process
assets_src/user_reference/future_units/goblin_raging_boar_idle/goblin_raging_boar_idle_18.png,units,image,png,512x512,yes,android_default,runtime_candidate,copy_or_process
assets_src/user_reference/future_units/goblin_raging_boar_idle/goblin_raging_boar_idle_19.png,units,image,png,512x512,yes,android_default,runtime_candidate,copy_or_process
assets_src/user_reference/future_units/goblin_raging_boar_idle/goblin_raging_boar_idle_20.png,units,image,png,512x512,yes,android_default,runtime_candidate,copy_or_process
assets_src/user_reference/future_units/goblin_raging_boar_idle/goblin_raging_boar_idle_21.png,units,image,png,512x512,yes,android_default,runtime_candidate,copy_or_process
assets_src/user_reference/future_units/goblin_raging_boar_idle/goblin_raging_boar_idle_22.png,units,image,png,512x512,yes,android_default,runtime_candidate,copy_or_process
assets_src/user_reference/future_units/goblin_raging_boar_idle/goblin_raging_boar_idle_23.png,units,image,png,512x512,yes,android_default,runtime_candidate,copy_or_process
assets_src/user_reference/future_units/goblin_raging_boar_idle/goblin_raging_boar_idle_24.png,units,image,png,512x512,yes,android_default,runtime_candidate,copy_or_process
assets_src/user_reference/future_units/goblin_raging_boar_idle/goblin_raging_boar_idle_25.png,units,image,png,512x512,yes,android_default,runtime_candidate,copy_or_process
assets_src/user_reference/future_units/goblin_raging_boar_idle/goblin_raging_boar_idle_26.png,units,image,png,512x512,yes,android_default,runtime_candidate,copy_or_process
assets_src/user_reference/future_units/goblin_raging_boar_idle/goblin_raging_boar_idle_27.png,units,image,png,512x512,yes,android_default,runtime_candidate,copy_or_process
assets_src/user_reference/future_units/goblin_raging_boar_idle/goblin_raging_boar_idle_28.png,units,image,png,512x512,yes,android_default,runtime_candidate,copy_or_process
assets_src/user_reference/future_units/goblin_raging_boar_idle/goblin_raging_boar_idle_29.png,units,image,png,512x512,yes,android_default,runtime_candidate,copy_or_process
assets_src/user_reference/future_units/goblin_raging_boar_idle/goblin_raging_boar_idle_30.png,units,image,png,512x512,yes,android_default,runtime_candidate,copy_or_process
assets_src/user_reference/future_units/goblin_raging_boar_idle/goblin_raging_boar_idle_31.png,units,image,png,512x512,yes,android_default,runtime_candidate,copy_or_process
assets_src/user_reference/future_units/goblin_raging_boar_idle/goblin_raging_boar_idle_frames.zip,units,resource_or_other,zip,,,android_default,runtime_candidate,copy_or_process
assets_src/user_reference/future_units/goblin_raging_boar_idle_mirrored_red/.DS_Store,unclassified,resource_or_other,none,,,android_default,runtime_candidate,review
assets_src/user_reference/future_units/goblin_raging_boar_idle_mirrored_red/goblin_raging_boar_idle_00.png,units,image,png,512x512,yes,android_default,runtime_candidate,copy_or_process
assets_src/user_reference/future_units/goblin_raging_boar_idle_mirrored_red/goblin_raging_boar_idle_01.png,units,image,png,512x512,yes,android_default,runtime_candidate,copy_or_process
assets_src/user_reference/future_units/goblin_raging_boar_idle_mirrored_red/goblin_raging_boar_idle_02.png,units,image,png,512x512,yes,android_default,runtime_candidate,copy_or_process
assets_src/user_reference/future_units/goblin_raging_boar_idle_mirrored_red/goblin_raging_boar_idle_03.png,units,image,png,512x512,yes,android_default,runtime_candidate,copy_or_process
assets_src/user_reference/future_units/goblin_raging_boar_idle_mirrored_red/goblin_raging_boar_idle_04.png,units,image,png,512x512,yes,android_default,runtime_candidate,copy_or_process
assets_src/user_reference/future_units/goblin_raging_boar_idle_mirrored_red/goblin_raging_boar_idle_05.png,units,image,png,512x512,yes,android_default,runtime_candidate,copy_or_process
assets_src/user_reference/future_units/goblin_raging_boar_idle_mirrored_red/goblin_raging_boar_idle_06.png,units,image,png,512x512,yes,android_default,runtime_candidate,copy_or_process
assets_src/user_reference/future_units/goblin_raging_boar_idle_mirrored_red/goblin_raging_boar_idle_07.png,units,image,png,512x512,yes,android_default,runtime_candidate,copy_or_process
assets_src/user_reference/future_units/goblin_raging_boar_idle_mirrored_red/goblin_raging_boar_idle_08.png,units,image,png,512x512,yes,android_default,runtime_candidate,copy_or_process
assets_src/user_reference/future_units/goblin_raging_boar_idle_mirrored_red/goblin_raging_boar_idle_09.png,units,image,png,512x512,yes,android_default,runtime_candidate,copy_or_process
assets_src/user_reference/future_units/goblin_raging_boar_idle_mirrored_red/goblin_raging_boar_idle_10.png,units,image,png,512x512,yes,android_default,runtime_candidate,copy_or_process
assets_src/user_reference/future_units/goblin_raging_boar_idle_mirrored_red/goblin_raging_boar_idle_11.png,units,image,png,512x512,yes,android_default,runtime_candidate,copy_or_process
assets_src/user_reference/future_units/goblin_raging_boar_idle_mirrored_red/goblin_raging_boar_idle_12.png,units,image,png,512x512,yes,android_default,runtime_candidate,copy_or_process
assets_src/user_reference/future_units/goblin_raging_boar_idle_mirrored_red/goblin_raging_boar_idle_13.png,units,image,png,512x512,yes,android_default,runtime_candidate,copy_or_process
assets_src/user_reference/future_units/goblin_raging_boar_idle_mirrored_red/goblin_raging_boar_idle_14.png,units,image,png,512x512,yes,android_default,runtime_candidate,copy_or_process
assets_src/user_reference/future_units/goblin_raging_boar_idle_mirrored_red/goblin_raging_boar_idle_15.png,units,image,png,512x512,yes,android_default,runtime_candidate,copy_or_process
assets_src/user_reference/future_units/goblin_raging_boar_idle_mirrored_red/goblin_raging_boar_idle_16.png,units,image,png,512x512,yes,android_default,runtime_candidate,copy_or_process
assets_src/user_reference/future_units/goblin_raging_boar_idle_mirrored_red/goblin_raging_boar_idle_17.png,units,image,png,512x512,yes,android_default,runtime_candidate,copy_or_process
assets_src/user_reference/future_units/goblin_raging_boar_idle_mirrored_red/goblin_raging_boar_idle_18.png,units,image,png,512x512,yes,android_default,runtime_candidate,copy_or_process
assets_src/user_reference/future_units/goblin_raging_boar_idle_mirrored_red/goblin_raging_boar_idle_19.png,units,image,png,512x512,yes,android_default,runtime_candidate,copy_or_process
assets_src/user_reference/future_units/goblin_raging_boar_idle_mirrored_red/goblin_raging_boar_idle_20.png,units,image,png,512x512,yes,android_default,runtime_candidate,copy_or_process
assets_src/user_reference/future_units/goblin_raging_boar_idle_mirrored_red/goblin_raging_boar_idle_21.png,units,image,png,512x512,yes,android_default,runtime_candidate,copy_or_process
assets_src/user_reference/future_units/goblin_raging_boar_idle_mirrored_red/goblin_raging_boar_idle_22.png,units,image,png,512x512,yes,android_default,runtime_candidate,copy_or_process
assets_src/user_reference/future_units/goblin_raging_boar_idle_mirrored_red/goblin_raging_boar_idle_23.png,units,image,png,512x512,yes,android_default,runtime_candidate,copy_or_process
assets_src/user_reference/future_units/goblin_raging_boar_idle_mirrored_red/goblin_raging_boar_idle_24.png,units,image,png,512x512,yes,android_default,runtime_candidate,copy_or_process
assets_src/user_reference/future_units/goblin_raging_boar_idle_mirrored_red/goblin_raging_boar_idle_25.png,units,image,png,512x512,yes,android_default,runtime_candidate,copy_or_process
assets_src/user_reference/future_units/goblin_raging_boar_idle_mirrored_red/goblin_raging_boar_idle_26.png,units,image,png,512x512,yes,android_default,runtime_candidate,copy_or_process
assets_src/user_reference/future_units/goblin_raging_boar_idle_mirrored_red/goblin_raging_boar_idle_27.png,units,image,png,512x512,yes,android_default,runtime_candidate,copy_or_process
assets_src/user_reference/future_units/goblin_raging_boar_idle_mirrored_red/goblin_raging_boar_idle_28.png,units,image,png,512x512,yes,android_default,runtime_candidate,copy_or_process
assets_src/user_reference/future_units/goblin_raging_boar_idle_mirrored_red/goblin_raging_boar_idle_29.png,units,image,png,512x512,yes,android_default,runtime_candidate,copy_or_process
assets_src/user_reference/future_units/goblin_raging_boar_idle_mirrored_red/goblin_raging_boar_idle_30.png,units,image,png,512x512,yes,android_default,runtime_candidate,copy_or_process
assets_src/user_reference/future_units/goblin_raging_boar_idle_mirrored_red/goblin_raging_boar_idle_31.png,units,image,png,512x512,yes,android_default,runtime_candidate,copy_or_process
assets_src/user_reference/future_units/goblin_raging_boar_run/unit_goblin_raging_boar_run_00.png,units,image,png,512x512,yes,android_default,runtime_candidate,copy_or_process
assets_src/user_reference/future_units/goblin_raging_boar_run/unit_goblin_raging_boar_run_01.png,units,image,png,512x512,yes,android_default,runtime_candidate,copy_or_process
assets_src/user_reference/future_units/goblin_raging_boar_run/unit_goblin_raging_boar_run_02.png,units,image,png,512x512,yes,android_default,runtime_candidate,copy_or_process
assets_src/user_reference/future_units/goblin_raging_boar_run/unit_goblin_raging_boar_run_03.png,units,image,png,512x512,yes,android_default,runtime_candidate,copy_or_process
assets_src/user_reference/future_units/goblin_raging_boar_run/unit_goblin_raging_boar_run_04.png,units,image,png,512x512,yes,android_default,runtime_candidate,copy_or_process
assets_src/user_reference/future_units/goblin_raging_boar_run/unit_goblin_raging_boar_run_05.png,units,image,png,512x512,yes,android_default,runtime_candidate,copy_or_process
assets_src/user_reference/future_units/goblin_raging_boar_run/unit_goblin_raging_boar_run_06.png,units,image,png,512x512,yes,android_default,runtime_candidate,copy_or_process
assets_src/user_reference/future_units/goblin_raging_boar_run/unit_goblin_raging_boar_run_07.png,units,image,png,512x512,yes,android_default,runtime_candidate,copy_or_process
assets_src/user_reference/future_units/goblin_raging_boar_run/unit_goblin_raging_boar_run_08.png,units,image,png,512x512,yes,android_default,runtime_candidate,copy_or_process
assets_src/user_reference/future_units/goblin_raging_boar_run/unit_goblin_raging_boar_run_09.png,units,image,png,512x512,yes,android_default,runtime_candidate,copy_or_process
assets_src/user_reference/future_units/goblin_raging_boar_run/unit_goblin_raging_boar_run_10.png,units,image,png,512x512,yes,android_default,runtime_candidate,copy_or_process
assets_src/user_reference/future_units/goblin_raging_boar_run/unit_goblin_raging_boar_run_11.png,units,image,png,512x512,yes,android_default,runtime_candidate,copy_or_process
assets_src/user_reference/future_units/goblin_raging_boar_run/unit_goblin_raging_boar_run_12.png,units,image,png,512x512,yes,android_default,runtime_candidate,copy_or_process
assets_src/user_reference/future_units/goblin_raging_boar_run/unit_goblin_raging_boar_run_13.png,units,image,png,512x512,yes,android_default,runtime_candidate,copy_or_process
assets_src/user_reference/future_units/goblin_raging_boar_run/unit_goblin_raging_boar_run_14.png,units,image,png,512x512,yes,android_default,runtime_candidate,copy_or_process
assets_src/user_reference/future_units/goblin_raging_boar_run/unit_goblin_raging_boar_run_15.png,units,image,png,512x512,yes,android_default,runtime_candidate,copy_or_process
assets_src/user_reference/future_units/goblin_raging_boar_run_right/goblin_raging_boar_run_00.png,units,image,png,512x512,yes,android_default,runtime_candidate,copy_or_process
assets_src/user_reference/future_units/goblin_raging_boar_run_right/goblin_raging_boar_run_01.png,units,image,png,512x512,yes,android_default,runtime_candidate,copy_or_process
assets_src/user_reference/future_units/goblin_raging_boar_run_right/goblin_raging_boar_run_02.png,units,image,png,512x512,yes,android_default,runtime_candidate,copy_or_process
assets_src/user_reference/future_units/goblin_raging_boar_run_right/goblin_raging_boar_run_03.png,units,image,png,512x512,yes,android_default,runtime_candidate,copy_or_process
assets_src/user_reference/future_units/goblin_raging_boar_run_right/goblin_raging_boar_run_04.png,units,image,png,512x512,yes,android_default,runtime_candidate,copy_or_process
assets_src/user_reference/future_units/goblin_raging_boar_run_right/goblin_raging_boar_run_05.png,units,image,png,512x512,yes,android_default,runtime_candidate,copy_or_process
assets_src/user_reference/future_units/goblin_raging_boar_run_right/goblin_raging_boar_run_06.png,units,image,png,512x512,yes,android_default,runtime_candidate,copy_or_process
assets_src/user_reference/future_units/goblin_raging_boar_run_right/goblin_raging_boar_run_07.png,units,image,png,512x512,yes,android_default,runtime_candidate,copy_or_process
assets_src/user_reference/future_units/goblin_raging_boar_run_right/goblin_raging_boar_run_08.png,units,image,png,512x512,yes,android_default,runtime_candidate,copy_or_process
assets_src/user_reference/future_units/goblin_raging_boar_run_right/goblin_raging_boar_run_09.png,units,image,png,512x512,yes,android_default,runtime_candidate,copy_or_process
assets_src/user_reference/future_units/goblin_raging_boar_run_right/goblin_raging_boar_run_10.png,units,image,png,512x512,yes,android_default,runtime_candidate,copy_or_process
assets_src/user_reference/future_units/goblin_raging_boar_run_right/goblin_raging_boar_run_11.png,units,image,png,512x512,yes,android_default,runtime_candidate,copy_or_process
assets_src/user_reference/future_units/goblin_raging_boar_run_right/goblin_raging_boar_run_12.png,units,image,png,512x512,yes,android_default,runtime_candidate,copy_or_process
assets_src/user_reference/future_units/goblin_raging_boar_run_right/goblin_raging_boar_run_13.png,units,image,png,512x512,yes,android_default,runtime_candidate,copy_or_process
assets_src/user_reference/future_units/goblin_raging_boar_run_right/goblin_raging_boar_run_14.png,units,image,png,512x512,yes,android_default,runtime_candidate,copy_or_process
assets_src/user_reference/future_units/goblin_raging_boar_run_right/goblin_raging_boar_run_15.png,units,image,png,512x512,yes,android_default,runtime_candidate,copy_or_process
assets_src/user_reference/future_units/goblin_slingmaster_run/goblin_slingmaster_run_00.png,units,image,png,384x384,yes,android_default,runtime_candidate,copy_or_process
assets_src/user_reference/future_units/goblin_slingmaster_run/goblin_slingmaster_run_01.png,units,image,png,384x384,yes,android_default,runtime_candidate,copy_or_process
assets_src/user_reference/future_units/goblin_slingmaster_run/goblin_slingmaster_run_02.png,units,image,png,384x384,yes,android_default,runtime_candidate,copy_or_process
assets_src/user_reference/future_units/goblin_slingmaster_run/goblin_slingmaster_run_03.png,units,image,png,384x384,yes,android_default,runtime_candidate,copy_or_process
assets_src/user_reference/future_units/goblin_slingmaster_run/goblin_slingmaster_run_04.png,units,image,png,384x384,yes,android_default,runtime_candidate,copy_or_process
assets_src/user_reference/future_units/goblin_slingmaster_run/goblin_slingmaster_run_05.png,units,image,png,384x384,yes,android_default,runtime_candidate,copy_or_process
assets_src/user_reference/future_units/goblin_slingmaster_run/goblin_slingmaster_run_06.png,units,image,png,384x384,yes,android_default,runtime_candidate,copy_or_process
assets_src/user_reference/future_units/goblin_slingmaster_run/goblin_slingmaster_run_07.png,units,image,png,384x384,yes,android_default,runtime_candidate,copy_or_process
assets_src/user_reference/future_units/goblin_slingmaster_run/goblin_slingmaster_run_08.png,units,image,png,384x384,yes,android_default,runtime_candidate,copy_or_process
assets_src/user_reference/future_units/goblin_slingmaster_run/goblin_slingmaster_run_09.png,units,image,png,384x384,yes,android_default,runtime_candidate,copy_or_process
assets_src/user_reference/future_units/goblin_slingmaster_run/goblin_slingmaster_run_10.png,units,image,png,384x384,yes,android_default,runtime_candidate,copy_or_process
assets_src/user_reference/future_units/goblin_slingmaster_run/goblin_slingmaster_run_11.png,units,image,png,384x384,yes,android_default,runtime_candidate,copy_or_process
assets_src/user_reference/future_units/goblin_slingmaster_run/goblin_slingmaster_run_12.png,units,image,png,384x384,yes,android_default,runtime_candidate,copy_or_process
assets_src/user_reference/future_units/goblin_slingmaster_run/goblin_slingmaster_run_13.png,units,image,png,384x384,yes,android_default,runtime_candidate,copy_or_process
assets_src/user_reference/future_units/goblin_slingmaster_run/goblin_slingmaster_run_14.png,units,image,png,384x384,yes,android_default,runtime_candidate,copy_or_process
assets_src/user_reference/future_units/goblin_slingmaster_run/goblin_slingmaster_run_15.png,units,image,png,384x384,yes,android_default,runtime_candidate,copy_or_process
assets_src/user_reference/future_units/unit_aerial_bomber_goblin.png,units,image,png,512x512,yes,android_default,runtime_candidate,copy_or_process
assets_src/user_reference/future_units/unit_burrowing_assault_mole_orc.png,units,image,png,512x512,yes,android_default,runtime_candidate,copy_or_process
assets_src/user_reference/future_units/unit_goblin_illusionist.png,units,image,png,512x512,yes,android_default,runtime_candidate,copy_or_process
assets_src/user_reference/future_units/unit_goblin_raging_boar.png,units,image,png,512x512,yes,android_default,runtime_candidate,copy_or_process
assets_src/user_reference/future_units/unit_goblin_raging_boar_icon_accepted_2026-10-04.png,units,image,png,1254x1254,yes,android_default,runtime_candidate,copy_or_process
assets_src/user_reference/future_units/unit_goblin_slingmaster.png,units,image,png,512x512,yes,android_default,runtime_candidate,copy_or_process
assets_src/user_reference/future_units/unit_orc_banner_bearer.png,spells,image,png,512x512,yes,android_default,runtime_candidate,copy_or_process
assets_src/user_reference/future_units/unit_wind_disruptor_kite_orc.png,units,image,png,512x512,yes,android_default,runtime_candidate,copy_or_process
assets_src/user_reference/future_units/unit_winged_goblin.png,units,image,png,512x512,yes,android_default,runtime_candidate,copy_or_process
assets_src/user_reference/goblin_slingmaster_run_frames.zip,units,resource_or_other,zip,,,android_default,runtime_candidate,copy_or_process
assets_src/user_reference/green_frontier/background_green_frontier_2026-10-06.png,backgrounds,image,png,1536x1024,no,android_default,runtime_candidate,copy_or_process
assets_src/user_reference/green_frontier_fortress_left_previous.png,fortresses,image,png,1024x768,yes,android_default,runtime_candidate,copy_or_process
assets_src/user_reference/green_frontier_fortress_left_source.png,fortresses,image,png,1448x1086,yes,android_default,runtime_candidate,copy_or_process
assets_src/user_reference/green_frontier_fortress_left_source_v2.png,fortresses,image,png,1448x1086,yes,android_default,runtime_candidate,copy_or_process
assets_src/user_reference/green_frontier_fortress_right_previous.png,fortresses,image,png,1024x768,yes,android_default,runtime_candidate,copy_or_process
assets_src/user_reference/green_frontier_fortress_right_source.png,fortresses,image,png,1448x1086,yes,android_default,runtime_candidate,copy_or_process
assets_src/user_reference/green_frontier_fortress_right_source_v2.png,fortresses,image,png,1448x1086,yes,android_default,runtime_candidate,copy_or_process
assets_src/user_reference/grounded_pre_crop/terrain_ashen_march_prop_00.png,terrain,image,png,512x512,yes,android_default,runtime_candidate,copy_or_process
assets_src/user_reference/grounded_pre_crop/terrain_ashen_march_prop_01.png,terrain,image,png,512x512,yes,android_default,runtime_candidate,copy_or_process
assets_src/user_reference/grounded_pre_crop/terrain_ashen_march_prop_02.png,terrain,image,png,512x512,yes,android_default,runtime_candidate,copy_or_process
assets_src/user_reference/grounded_pre_crop/terrain_ashen_march_prop_03.png,terrain,image,png,512x512,yes,android_default,runtime_candidate,copy_or_process
assets_src/user_reference/grounded_pre_crop/terrain_ashen_march_prop_04.png,terrain,image,png,512x512,yes,android_default,runtime_candidate,copy_or_process
assets_src/user_reference/grounded_pre_crop/terrain_ashen_march_prop_05.png,terrain,image,png,512x512,yes,android_default,runtime_candidate,copy_or_process
assets_src/user_reference/grounded_pre_crop/terrain_ashen_march_prop_06.png,terrain,image,png,512x512,yes,android_default,runtime_candidate,copy_or_process
assets_src/user_reference/grounded_pre_crop/terrain_ashen_march_prop_07.png,terrain,image,png,512x512,yes,android_default,runtime_candidate,copy_or_process
assets_src/user_reference/grounded_pre_crop/terrain_ashen_march_rock_00.png,terrain,image,png,512x512,yes,android_default,runtime_candidate,copy_or_process
assets_src/user_reference/grounded_pre_crop/terrain_ashen_march_rock_01.png,terrain,image,png,512x512,yes,android_default,runtime_candidate,copy_or_process
assets_src/user_reference/grounded_pre_crop/terrain_ashen_march_rock_02.png,terrain,image,png,512x512,yes,android_default,runtime_candidate,copy_or_process
assets_src/user_reference/grounded_pre_crop/terrain_ashen_march_rock_03.png,terrain,image,png,512x512,yes,android_default,runtime_candidate,copy_or_process
assets_src/user_reference/grounded_pre_crop/terrain_ashen_march_rock_04.png,terrain,image,png,512x512,yes,android_default,runtime_candidate,copy_or_process
assets_src/user_reference/grounded_pre_crop/terrain_ashen_march_rock_05.png,terrain,image,png,512x512,yes,android_default,runtime_candidate,copy_or_process
assets_src/user_reference/grounded_pre_crop/terrain_ashen_march_tree_00.png,terrain,image,png,768x768,yes,android_default,runtime_candidate,copy_or_process
assets_src/user_reference/grounded_pre_crop/terrain_ashen_march_tree_01.png,terrain,image,png,768x768,yes,android_default,runtime_candidate,copy_or_process
assets_src/user_reference/grounded_pre_crop/terrain_ashen_march_tree_02.png,terrain,image,png,768x768,yes,android_default,runtime_candidate,copy_or_process
assets_src/user_reference/grounded_pre_crop/terrain_ashen_march_tree_03.png,terrain,image,png,768x768,yes,android_default,runtime_candidate,copy_or_process
assets_src/user_reference/grounded_pre_crop/terrain_ashen_march_tree_04.png,terrain,image,png,768x768,yes,android_default,runtime_candidate,copy_or_process
assets_src/user_reference/grounded_pre_crop/terrain_ashen_march_tree_05.png,terrain,image,png,768x768,yes,android_default,runtime_candidate,copy_or_process
assets_src/user_reference/grounded_pre_crop/terrain_frost_prop_00.png,terrain,image,png,519x535,yes,android_default,runtime_candidate,copy_or_process
assets_src/user_reference/grounded_pre_crop/terrain_frost_prop_01.png,terrain,image,png,544x526,yes,android_default,runtime_candidate,copy_or_process
assets_src/user_reference/grounded_pre_crop/terrain_frost_prop_02.png,terrain,image,png,530x534,yes,android_default,runtime_candidate,copy_or_process
assets_src/user_reference/grounded_pre_crop/terrain_frost_prop_03.png,terrain,image,png,544x537,yes,android_default,runtime_candidate,copy_or_process
assets_src/user_reference/grounded_pre_crop/terrain_frost_prop_04.png,terrain,image,png,544x544,yes,android_default,runtime_candidate,copy_or_process
assets_src/user_reference/grounded_pre_crop/terrain_frost_prop_05.png,terrain,image,png,538x524,yes,android_default,runtime_candidate,copy_or_process
assets_src/user_reference/grounded_pre_crop/terrain_frost_prop_06.png,terrain,image,png,544x535,yes,android_default,runtime_candidate,copy_or_process
assets_src/user_reference/grounded_pre_crop/terrain_frost_prop_07.png,terrain,image,png,543x544,yes,android_default,runtime_candidate,copy_or_process
assets_src/user_reference/grounded_pre_crop/terrain_frost_prop_08.png,terrain,image,png,543x544,yes,android_default,runtime_candidate,copy_or_process
assets_src/user_reference/grounded_pre_crop/terrain_frost_prop_09.png,terrain,image,png,544x544,yes,android_default,runtime_candidate,copy_or_process
assets_src/user_reference/grounded_pre_crop/terrain_frost_prop_10.png,terrain,image,png,544x544,yes,android_default,runtime_candidate,copy_or_process
assets_src/user_reference/grounded_pre_crop/terrain_frost_prop_11.png,terrain,image,png,530x544,yes,android_default,runtime_candidate,copy_or_process
assets_src/user_reference/grounded_pre_crop/terrain_frost_rock_00.png,terrain,image,png,475x481,yes,android_default,runtime_candidate,copy_or_process
assets_src/user_reference/grounded_pre_crop/terrain_frost_rock_01.png,terrain,image,png,505x503,yes,android_default,runtime_candidate,copy_or_process
assets_src/user_reference/grounded_pre_crop/terrain_frost_rock_02.png,terrain,image,png,517x510,yes,android_default,runtime_candidate,copy_or_process
assets_src/user_reference/grounded_pre_crop/terrain_frost_rock_03.png,terrain,image,png,540x497,yes,android_default,runtime_candidate,copy_or_process
assets_src/user_reference/grounded_pre_crop/terrain_frost_rock_04.png,terrain,image,png,519x431,yes,android_default,runtime_candidate,copy_or_process
assets_src/user_reference/grounded_pre_crop/terrain_frost_rock_05.png,terrain,image,png,499x459,yes,android_default,runtime_candidate,copy_or_process
assets_src/user_reference/grounded_pre_crop/terrain_frost_tree_00.png,terrain,image,png,521x511,yes,android_default,runtime_candidate,copy_or_process
assets_src/user_reference/grounded_pre_crop/terrain_frost_tree_01.png,terrain,image,png,543x535,yes,android_default,runtime_candidate,copy_or_process
assets_src/user_reference/grounded_pre_crop/terrain_frost_tree_02.png,terrain,image,png,538x531,yes,android_default,runtime_candidate,copy_or_process
assets_src/user_reference/grounded_pre_crop/terrain_frost_tree_03.png,terrain,image,png,544x535,yes,android_default,runtime_candidate,copy_or_process
assets_src/user_reference/grounded_pre_crop/terrain_frost_tree_04.png,terrain,image,png,544x524,yes,android_default,runtime_candidate,copy_or_process
assets_src/user_reference/grounded_pre_crop/terrain_frost_tree_05.png,terrain,image,png,519x544,yes,android_default,runtime_candidate,copy_or_process
assets_src/user_reference/grounded_pre_crop/terrain_prop_00.png,terrain,image,png,304x231,yes,android_default,runtime_candidate,copy_or_process
assets_src/user_reference/grounded_pre_crop/terrain_prop_01.png,terrain,image,png,212x206,yes,android_default,runtime_candidate,copy_or_process
assets_src/user_reference/grounded_pre_crop/terrain_prop_02.png,terrain,image,png,244x222,yes,android_default,runtime_candidate,copy_or_process
assets_src/user_reference/grounded_pre_crop/terrain_prop_03.png,terrain,image,png,215x226,yes,android_default,runtime_candidate,copy_or_process
assets_src/user_reference/grounded_pre_crop/terrain_prop_04.png,terrain,image,png,192x177,yes,android_default,runtime_candidate,copy_or_process
assets_src/user_reference/grounded_pre_crop/terrain_prop_05.png,terrain,image,png,261x197,yes,android_default,runtime_candidate,copy_or_process
assets_src/user_reference/grounded_pre_crop/terrain_rock_00.png,terrain,image,png,295x227,yes,android_default,runtime_candidate,copy_or_process
assets_src/user_reference/grounded_pre_crop/terrain_rock_01.png,terrain,image,png,213x255,yes,android_default,runtime_candidate,copy_or_process
assets_src/user_reference/grounded_pre_crop/terrain_rock_02.png,terrain,image,png,237x246,yes,android_default,runtime_candidate,copy_or_process
assets_src/user_reference/grounded_pre_crop/terrain_rock_03.png,terrain,image,png,218x246,yes,android_default,runtime_candidate,copy_or_process
assets_src/user_reference/grounded_pre_crop/terrain_rock_04.png,terrain,image,png,249x251,yes,android_default,runtime_candidate,copy_or_process
assets_src/user_reference/grounded_pre_crop/terrain_rock_05.png,terrain,image,png,253x244,yes,android_default,runtime_candidate,copy_or_process
assets_src/user_reference/grounded_pre_crop/terrain_tree_00.png,terrain,image,png,309x479,yes,android_default,runtime_candidate,copy_or_process
assets_src/user_reference/grounded_pre_crop/terrain_tree_01.png,terrain,image,png,213x461,yes,android_default,runtime_candidate,copy_or_process
assets_src/user_reference/grounded_pre_crop/terrain_tree_02.png,terrain,image,png,254x451,yes,android_default,runtime_candidate,copy_or_process
assets_src/user_reference/grounded_pre_crop/terrain_tree_03.png,terrain,image,png,220x460,yes,android_default,runtime_candidate,copy_or_process
assets_src/user_reference/grounded_pre_crop/terrain_tree_04.png,terrain,image,png,249x464,yes,android_default,runtime_candidate,copy_or_process
assets_src/user_reference/grounded_pre_crop/terrain_tree_05.png,terrain,image,png,265x467,yes,android_default,runtime_candidate,copy_or_process
assets_src/user_reference/grounded_pre_resize/terrain_ashen_march_prop_00.png,terrain,image,png,302x216,yes,android_default,runtime_candidate,copy_or_process
assets_src/user_reference/grounded_pre_resize/terrain_ashen_march_prop_01.png,terrain,image,png,302x261,yes,android_default,runtime_candidate,copy_or_process
assets_src/user_reference/grounded_pre_resize/terrain_ashen_march_prop_02.png,terrain,image,png,302x209,yes,android_default,runtime_candidate,copy_or_process
assets_src/user_reference/grounded_pre_resize/terrain_ashen_march_prop_03.png,terrain,image,png,302x196,yes,android_default,runtime_candidate,copy_or_process
assets_src/user_reference/grounded_pre_resize/terrain_ashen_march_prop_04.png,terrain,image,png,302x191,yes,android_default,runtime_candidate,copy_or_process
assets_src/user_reference/grounded_pre_resize/terrain_ashen_march_prop_05.png,terrain,image,png,292x302,yes,android_default,runtime_candidate,copy_or_process
assets_src/user_reference/grounded_pre_resize/terrain_ashen_march_prop_06.png,terrain,image,png,302x198,yes,android_default,runtime_candidate,copy_or_process
assets_src/user_reference/grounded_pre_resize/terrain_ashen_march_prop_07.png,terrain,image,png,302x193,yes,android_default,runtime_candidate,copy_or_process
assets_src/user_reference/grounded_pre_resize/terrain_ashen_march_rock_00.png,terrain,image,png,332x226,yes,android_default,runtime_candidate,copy_or_process
assets_src/user_reference/grounded_pre_resize/terrain_ashen_march_rock_01.png,terrain,image,png,332x246,yes,android_default,runtime_candidate,copy_or_process
assets_src/user_reference/grounded_pre_resize/terrain_ashen_march_rock_02.png,terrain,image,png,332x200,yes,android_default,runtime_candidate,copy_or_process
assets_src/user_reference/grounded_pre_resize/terrain_ashen_march_rock_03.png,terrain,image,png,332x220,yes,android_default,runtime_candidate,copy_or_process
assets_src/user_reference/grounded_pre_resize/terrain_ashen_march_rock_04.png,terrain,image,png,332x199,yes,android_default,runtime_candidate,copy_or_process
assets_src/user_reference/grounded_pre_resize/terrain_ashen_march_rock_05.png,terrain,image,png,213x332,yes,android_default,runtime_candidate,copy_or_process
assets_src/user_reference/grounded_pre_resize/terrain_ashen_march_tree_00.png,terrain,image,png,414x572,yes,android_default,runtime_candidate,copy_or_process
assets_src/user_reference/grounded_pre_resize/terrain_ashen_march_tree_01.png,terrain,image,png,530x572,yes,android_default,runtime_candidate,copy_or_process
assets_src/user_reference/grounded_pre_resize/terrain_ashen_march_tree_02.png,terrain,image,png,551x572,yes,android_default,runtime_candidate,copy_or_process
assets_src/user_reference/grounded_pre_resize/terrain_ashen_march_tree_03.png,terrain,image,png,400x531,yes,android_default,runtime_candidate,copy_or_process
assets_src/user_reference/grounded_pre_resize/terrain_ashen_march_tree_04.png,terrain,image,png,476x507,yes,android_default,runtime_candidate,copy_or_process
assets_src/user_reference/grounded_pre_resize/terrain_ashen_march_tree_05.png,terrain,image,png,458x534,yes,android_default,runtime_candidate,copy_or_process
assets_src/user_reference/grounded_pre_resize/terrain_frost_prop_00.png,terrain,image,png,519x535,yes,android_default,runtime_candidate,copy_or_process
assets_src/user_reference/grounded_pre_resize/terrain_frost_prop_01.png,terrain,image,png,544x526,yes,android_default,runtime_candidate,copy_or_process
assets_src/user_reference/grounded_pre_resize/terrain_frost_prop_02.png,terrain,image,png,530x534,yes,android_default,runtime_candidate,copy_or_process
assets_src/user_reference/grounded_pre_resize/terrain_frost_prop_03.png,terrain,image,png,544x537,yes,android_default,runtime_candidate,copy_or_process
assets_src/user_reference/grounded_pre_resize/terrain_frost_prop_04.png,terrain,image,png,544x544,yes,android_default,runtime_candidate,copy_or_process
assets_src/user_reference/grounded_pre_resize/terrain_frost_prop_05.png,terrain,image,png,538x524,yes,android_default,runtime_candidate,copy_or_process
assets_src/user_reference/grounded_pre_resize/terrain_frost_prop_06.png,terrain,image,png,544x535,yes,android_default,runtime_candidate,copy_or_process
assets_src/user_reference/grounded_pre_resize/terrain_frost_prop_07.png,terrain,image,png,543x544,yes,android_default,runtime_candidate,copy_or_process
assets_src/user_reference/grounded_pre_resize/terrain_frost_prop_08.png,terrain,image,png,543x544,yes,android_default,runtime_candidate,copy_or_process
assets_src/user_reference/grounded_pre_resize/terrain_frost_prop_09.png,terrain,image,png,544x544,yes,android_default,runtime_candidate,copy_or_process
assets_src/user_reference/grounded_pre_resize/terrain_frost_prop_10.png,terrain,image,png,544x544,yes,android_default,runtime_candidate,copy_or_process
assets_src/user_reference/grounded_pre_resize/terrain_frost_prop_11.png,terrain,image,png,530x544,yes,android_default,runtime_candidate,copy_or_process
assets_src/user_reference/grounded_pre_resize/terrain_frost_rock_00.png,terrain,image,png,475x481,yes,android_default,runtime_candidate,copy_or_process
assets_src/user_reference/grounded_pre_resize/terrain_frost_rock_01.png,terrain,image,png,505x503,yes,android_default,runtime_candidate,copy_or_process
assets_src/user_reference/grounded_pre_resize/terrain_frost_rock_02.png,terrain,image,png,517x510,yes,android_default,runtime_candidate,copy_or_process
assets_src/user_reference/grounded_pre_resize/terrain_frost_rock_03.png,terrain,image,png,540x497,yes,android_default,runtime_candidate,copy_or_process
assets_src/user_reference/grounded_pre_resize/terrain_frost_rock_04.png,terrain,image,png,519x431,yes,android_default,runtime_candidate,copy_or_process
assets_src/user_reference/grounded_pre_resize/terrain_frost_rock_05.png,terrain,image,png,499x459,yes,android_default,runtime_candidate,copy_or_process
assets_src/user_reference/grounded_pre_resize/terrain_frost_tree_00.png,terrain,image,png,521x511,yes,android_default,runtime_candidate,copy_or_process
assets_src/user_reference/grounded_pre_resize/terrain_frost_tree_01.png,terrain,image,png,543x535,yes,android_default,runtime_candidate,copy_or_process
assets_src/user_reference/grounded_pre_resize/terrain_frost_tree_02.png,terrain,image,png,538x531,yes,android_default,runtime_candidate,copy_or_process
assets_src/user_reference/grounded_pre_resize/terrain_frost_tree_03.png,terrain,image,png,544x535,yes,android_default,runtime_candidate,copy_or_process
assets_src/user_reference/grounded_pre_resize/terrain_frost_tree_04.png,terrain,image,png,544x524,yes,android_default,runtime_candidate,copy_or_process
assets_src/user_reference/grounded_pre_resize/terrain_frost_tree_05.png,terrain,image,png,519x544,yes,android_default,runtime_candidate,copy_or_process
assets_src/user_reference/grounded_pre_resize/terrain_prop_00.png,terrain,image,png,336x263,yes,android_default,runtime_candidate,copy_or_process
assets_src/user_reference/grounded_pre_resize/terrain_prop_01.png,terrain,image,png,244x238,yes,android_default,runtime_candidate,copy_or_process
assets_src/user_reference/grounded_pre_resize/terrain_prop_02.png,terrain,image,png,276x254,yes,android_default,runtime_candidate,copy_or_process
assets_src/user_reference/grounded_pre_resize/terrain_prop_03.png,terrain,image,png,247x258,yes,android_default,runtime_candidate,copy_or_process
assets_src/user_reference/grounded_pre_resize/terrain_prop_04.png,terrain,image,png,224x209,yes,android_default,runtime_candidate,copy_or_process
assets_src/user_reference/grounded_pre_resize/terrain_prop_05.png,terrain,image,png,293x229,yes,android_default,runtime_candidate,copy_or_process
assets_src/user_reference/grounded_pre_resize/terrain_rock_00.png,terrain,image,png,327x259,yes,android_default,runtime_candidate,copy_or_process
assets_src/user_reference/grounded_pre_resize/terrain_rock_01.png,terrain,image,png,245x287,yes,android_default,runtime_candidate,copy_or_process
assets_src/user_reference/grounded_pre_resize/terrain_rock_02.png,terrain,image,png,269x278,yes,android_default,runtime_candidate,copy_or_process
assets_src/user_reference/grounded_pre_resize/terrain_rock_03.png,terrain,image,png,250x278,yes,android_default,runtime_candidate,copy_or_process
assets_src/user_reference/grounded_pre_resize/terrain_rock_04.png,terrain,image,png,281x283,yes,android_default,runtime_candidate,copy_or_process
assets_src/user_reference/grounded_pre_resize/terrain_rock_05.png,terrain,image,png,285x276,yes,android_default,runtime_candidate,copy_or_process
assets_src/user_reference/grounded_pre_resize/terrain_tree_00.png,terrain,image,png,341x511,yes,android_default,runtime_candidate,copy_or_process
assets_src/user_reference/grounded_pre_resize/terrain_tree_01.png,terrain,image,png,245x493,yes,android_default,runtime_candidate,copy_or_process
assets_src/user_reference/grounded_pre_resize/terrain_tree_02.png,terrain,image,png,286x483,yes,android_default,runtime_candidate,copy_or_process
assets_src/user_reference/grounded_pre_resize/terrain_tree_03.png,terrain,image,png,252x492,yes,android_default,runtime_candidate,copy_or_process
assets_src/user_reference/grounded_pre_resize/terrain_tree_04.png,terrain,image,png,281x496,yes,android_default,runtime_candidate,copy_or_process
assets_src/user_reference/grounded_pre_resize/terrain_tree_05.png,terrain,image,png,297x499,yes,android_default,runtime_candidate,copy_or_process
assets_src/user_reference/modular_crater_kit/crater_debris.png,unclassified,image,png,1152x384,yes,android_default,runtime_candidate,review
assets_src/user_reference/modular_crater_kit/crater_debris_00.png,unclassified,image,png,192x192,yes,android_default,runtime_candidate,review
assets_src/user_reference/modular_crater_kit/crater_debris_01.png,unclassified,image,png,192x192,yes,android_default,runtime_candidate,review
assets_src/user_reference/modular_crater_kit/crater_debris_02.png,unclassified,image,png,192x192,yes,android_default,runtime_candidate,review
assets_src/user_reference/modular_crater_kit/crater_debris_03.png,unclassified,image,png,192x192,yes,android_default,runtime_candidate,review
assets_src/user_reference/modular_crater_kit/crater_debris_04.png,unclassified,image,png,192x192,yes,android_default,runtime_candidate,review
assets_src/user_reference/modular_crater_kit/crater_debris_05.png,unclassified,image,png,192x192,yes,android_default,runtime_candidate,review
assets_src/user_reference/modular_crater_kit/crater_debris_06.png,unclassified,image,png,192x192,yes,android_default,runtime_candidate,review
assets_src/user_reference/modular_crater_kit/crater_debris_07.png,unclassified,image,png,192x192,yes,android_default,runtime_candidate,review
assets_src/user_reference/modular_crater_kit/crater_debris_08.png,unclassified,image,png,192x192,yes,android_default,runtime_candidate,review
assets_src/user_reference/modular_crater_kit/crater_debris_09.png,unclassified,image,png,192x192,yes,android_default,runtime_candidate,review
assets_src/user_reference/modular_crater_kit/crater_debris_10.png,unclassified,image,png,192x192,yes,android_default,runtime_candidate,review
assets_src/user_reference/modular_crater_kit/crater_debris_11.png,unclassified,image,png,192x192,yes,android_default,runtime_candidate,review
assets_src/user_reference/modular_crater_kit/crater_inner_materials.png,unclassified,image,png,768x512,no,android_default,runtime_candidate,review
assets_src/user_reference/modular_crater_kit/crater_residue_00.png,unclassified,image,png,384x256,yes,android_default,runtime_candidate,review
assets_src/user_reference/modular_crater_kit/crater_residue_01.png,unclassified,image,png,384x256,yes,android_default,runtime_candidate,review
assets_src/user_reference/modular_crater_kit/crater_residue_02.png,unclassified,image,png,384x256,yes,android_default,runtime_candidate,review
assets_src/user_reference/modular_crater_kit/crater_residue_03.png,unclassified,image,png,384x256,yes,android_default,runtime_candidate,review
assets_src/user_reference/modular_crater_kit/crater_residue_04.png,unclassified,image,png,384x256,yes,android_default,runtime_candidate,review
assets_src/user_reference/modular_crater_kit/crater_residue_05.png,unclassified,image,png,384x256,yes,android_default,runtime_candidate,review
assets_src/user_reference/modular_crater_kit/crater_residue_variants.png,unclassified,image,png,1152x512,yes,android_default,runtime_candidate,review
assets_src/user_reference/modular_crater_kit/crater_rim_00.png,unclassified,image,png,768x256,yes,android_default,runtime_candidate,review
assets_src/user_reference/modular_crater_kit/crater_rim_01.png,unclassified,image,png,768x256,yes,android_default,runtime_candidate,review
assets_src/user_reference/modular_crater_kit/crater_rim_02.png,unclassified,image,png,768x256,yes,android_default,runtime_candidate,review
assets_src/user_reference/modular_crater_kit/crater_rim_03.png,unclassified,image,png,768x256,yes,android_default,runtime_candidate,review
assets_src/user_reference/modular_crater_kit/crater_rim_04.png,unclassified,image,png,768x256,yes,android_default,runtime_candidate,review
assets_src/user_reference/modular_crater_kit/crater_rim_05.png,unclassified,image,png,768x256,yes,android_default,runtime_candidate,review
assets_src/user_reference/modular_crater_kit/crater_rim_variants.png,unclassified,image,png,4608x256,yes,android_default,runtime_candidate,review
assets_src/user_reference/modular_crater_kit/manifest.json,unclassified,resource_or_other,json,,,android_default,runtime_candidate,review
assets_src/user_reference/normalized_buried_relics_2026-10-06/terrain_ashen_march_relic_01_burned_goblin_helmet.png,terrain,image,png,512x512,yes,android_default,runtime_candidate,copy_or_process
assets_src/user_reference/normalized_buried_relics_2026-10-06/terrain_ashen_march_relic_02_burned_spoon.png,terrain,image,png,512x512,yes,android_default,runtime_candidate,copy_or_process
assets_src/user_reference/normalized_buried_relics_2026-10-06/terrain_ashen_march_relic_03_cracked_ash_bottle.png,terrain,image,png,512x512,yes,android_default,runtime_candidate,copy_or_process
assets_src/user_reference/normalized_buried_relics_2026-10-06/terrain_ashen_march_relic_04_charred_tower_bone.png,terrain,image,png,512x512,yes,android_default,runtime_candidate,copy_or_process
assets_src/user_reference/normalized_buried_relics_2026-10-06/terrain_ashen_march_relic_05_melted_paw_coin.png,terrain,image,png,512x512,yes,android_default,runtime_candidate,copy_or_process
assets_src/user_reference/normalized_buried_relics_2026-10-06/terrain_ashen_march_relic_06_cart_wheel_fragment.png,terrain,image,png,512x512,yes,android_default,runtime_candidate,copy_or_process
assets_src/user_reference/normalized_buried_relics_2026-10-06/terrain_ashen_march_relic_07_extinguished_candle.png,terrain,image,png,512x512,yes,android_default,runtime_candidate,copy_or_process
assets_src/user_reference/normalized_buried_relics_2026-10-06/terrain_ashen_march_relic_08_burned_glove.png,terrain,image,png,512x512,yes,android_default,runtime_candidate,copy_or_process
assets_src/user_reference/normalized_buried_relics_2026-10-06/terrain_ashen_march_relic_09_charred_carrot.png,terrain,image,png,512x512,yes,android_default,runtime_candidate,copy_or_process
assets_src/user_reference/normalized_buried_relics_2026-10-06/terrain_ashen_march_relic_10_empty_ash_pot.png,terrain,image,png,512x512,yes,android_default,runtime_candidate,copy_or_process
assets_src/user_reference/normalized_buried_relics_2026-10-06/terrain_copperwood_detail_01_copper_coin.png,terrain,image,png,512x512,yes,android_default,runtime_candidate,copy_or_process
assets_src/user_reference/normalized_buried_relics_2026-10-06/terrain_copperwood_detail_02_metal_acorn.png,terrain,image,png,512x512,yes,android_default,runtime_candidate,copy_or_process
assets_src/user_reference/normalized_buried_relics_2026-10-06/terrain_copperwood_detail_03_orc_wooden_spoon.png,terrain,image,png,512x512,yes,android_default,runtime_candidate,copy_or_process
assets_src/user_reference/normalized_buried_relics_2026-10-06/terrain_copperwood_detail_04_cracked_leaf_cup.png,terrain,image,png,512x512,yes,android_default,runtime_candidate,copy_or_process
assets_src/user_reference/normalized_buried_relics_2026-10-06/terrain_copperwood_detail_05_deer_skull.png,terrain,image,png,512x512,yes,android_default,runtime_candidate,copy_or_process
assets_src/user_reference/normalized_buried_relics_2026-10-06/terrain_copperwood_detail_06_caped_leaf.png,terrain,image,png,512x512,yes,android_default,runtime_candidate,copy_or_process
assets_src/user_reference/normalized_buried_relics_2026-10-06/terrain_copperwood_detail_07_dwarven_key.png,terrain,image,png,512x512,yes,android_default,runtime_candidate,copy_or_process
assets_src/user_reference/normalized_buried_relics_2026-10-06/terrain_copperwood_detail_08_pawprint_stone.png,terrain,image,png,512x512,yes,android_default,runtime_candidate,copy_or_process
assets_src/user_reference/normalized_buried_relics_2026-10-06/terrain_copperwood_detail_09_blank_cracked_plaque.png,terrain,image,png,512x512,yes,android_default,runtime_candidate,copy_or_process
assets_src/user_reference/normalized_buried_relics_2026-10-06/terrain_copperwood_detail_10_neutral_buried_detail.png,terrain,image,png,512x512,yes,android_default,runtime_candidate,copy_or_process
assets_src/user_reference/normalized_buried_relics_2026-10-06/terrain_frost_relic_01_frozen_goblin_chest.png,terrain,image,png,512x512,yes,android_default,runtime_candidate,copy_or_process
assets_src/user_reference/normalized_buried_relics_2026-10-06/terrain_frost_relic_02_buried_orc_helmet.png,terrain,image,png,512x512,yes,android_default,runtime_candidate,copy_or_process
assets_src/user_reference/normalized_buried_relics_2026-10-06/terrain_frost_relic_03_ice_wolf_skeleton.png,terrain,image,png,512x512,yes,android_default,runtime_candidate,copy_or_process
assets_src/user_reference/normalized_buried_relics_2026-10-06/terrain_frost_relic_04_cracked_runic_tablet.png,terrain,image,png,512x512,yes,android_default,runtime_candidate,copy_or_process
assets_src/user_reference/normalized_buried_relics_2026-10-06/terrain_frost_relic_05_frozen_coin_pouch.png,terrain,image,png,512x512,yes,android_default,runtime_candidate,copy_or_process
assets_src/user_reference/normalized_buried_relics_2026-10-06/terrain_frost_relic_06_expedition_sled_fragment.png,terrain,image,png,512x512,yes,android_default,runtime_candidate,copy_or_process
assets_src/user_reference/normalized_buried_relics_2026-10-06/terrain_frost_relic_07_buried_miner_pickaxe.png,terrain,image,png,512x512,yes,android_default,runtime_candidate,copy_or_process
assets_src/user_reference/normalized_buried_relics_2026-10-06/terrain_frost_relic_08_ice_creature_egg.png,terrain,image,png,512x512,yes,android_default,runtime_candidate,copy_or_process
assets_src/user_reference/normalized_buried_relics_2026-10-06/terrain_frost_relic_09_buried_snowman_mask.png,terrain,image,png,512x512,yes,android_default,runtime_candidate,copy_or_process
assets_src/user_reference/normalized_buried_relics_2026-10-06/terrain_frost_relic_10_frozen_alarm_horn.png,terrain,image,png,512x512,yes,android_default,runtime_candidate,copy_or_process
assets_src/user_reference/normalized_buried_relics_2026-10-06/terrain_green_frontier_relic_01_cracked_watering_can.png,terrain,image,png,512x512,yes,android_default,runtime_candidate,copy_or_process
assets_src/user_reference/normalized_buried_relics_2026-10-06/terrain_green_frontier_relic_02_rabbit_skull_flower.png,terrain,image,png,512x512,yes,android_default,runtime_candidate,copy_or_process
assets_src/user_reference/normalized_buried_relics_2026-10-06/terrain_green_frontier_relic_03_potato_shaped_stone.png,terrain,image,png,512x512,yes,android_default,runtime_candidate,copy_or_process
assets_src/user_reference/normalized_buried_relics_2026-10-06/terrain_green_frontier_relic_04_mini_horseshoe.png,terrain,image,png,512x512,yes,android_default,runtime_candidate,copy_or_process
assets_src/user_reference/normalized_buried_relics_2026-10-06/terrain_green_frontier_relic_05_peeking_mole.png,terrain,image,png,512x512,yes,android_default,runtime_candidate,copy_or_process
assets_src/user_reference/normalized_buried_relics_2026-10-06/terrain_green_frontier_relic_06_helmet_worm.png,terrain,image,png,512x512,yes,android_default,runtime_candidate,copy_or_process
assets_src/user_reference/normalized_buried_relics_2026-10-06/terrain_green_frontier_relic_07_large_tibia_bone.png,terrain,image,png,512x512,yes,android_default,runtime_candidate,copy_or_process
assets_src/user_reference/normalized_buried_relics_2026-10-06/terrain_green_frontier_relic_08_partial_skeleton.png,terrain,image,png,512x512,yes,android_default,runtime_candidate,copy_or_process
assets_src/user_reference/normalized_buried_relics_2026-10-06/terrain_green_frontier_relic_09_worn_boot.png,terrain,image,png,512x512,yes,android_default,runtime_candidate,copy_or_process
assets_src/user_reference/normalized_buried_relics_2026-10-06/terrain_green_frontier_relic_10_hand_shovel.png,terrain,image,png,512x512,yes,android_default,runtime_candidate,copy_or_process
assets_src/user_reference/painted_battlefield_background.png,backgrounds,image,png,750x510,yes,android_default,runtime_candidate,copy_or_process
assets_src/user_reference/play_game_sheet_5aeaaeb9c5.png,unclassified,image,png,1774x887,yes,android_default,runtime_candidate,review
assets_src/user_reference/player_avatar_sheet.png,ui,image,png,1983x793,yes,android_default,runtime_candidate,copy_or_process
assets_src/user_reference/powder_barrel_flight_sheet_497a563e5a.png,projectiles,image,png,1774x887,no,android_default,runtime_candidate,copy_or_process
assets_src/user_reference/powder_barrel_icon.png,projectiles,image,png,1254x1254,yes,android_default,runtime_candidate,copy_or_process
assets_src/user_reference/powder_barrel_impact_sheet_a57d7abe2a.png,projectiles,image,png,1774x887,yes,android_default,runtime_candidate,copy_or_process
assets_src/user_reference/rock_flight_sheet_8e8334898d.png,projectiles,image,png,2000x1000,yes,android_default,runtime_candidate,copy_or_process
assets_src/user_reference/rock_impact_sheet_0fb7c79a01.png,projectiles,image,png,2000x1000,yes,android_default,runtime_candidate,copy_or_process
assets_src/user_reference/rock_impact_sheet_fa7e20b900.png,projectiles,image,png,1983x793,yes,android_default,runtime_candidate,copy_or_process
assets_src/user_reference/runic_bastion_flight_sheet_393c7903ad.png,spells,image,png,1774x887,yes,android_default,runtime_candidate,copy_or_process
assets_src/user_reference/runic_bastion_flight_sheet_3b0a2ef14f.png,spells,image,png,7008x262,yes,android_default,runtime_candidate,copy_or_process
assets_src/user_reference/runic_bastion_flight_sheet_c628d82469.png,spells,image,png,1774x887,yes,android_default,runtime_candidate,copy_or_process
assets_src/user_reference/runic_bastion_flight_sheet_ffad017d20.png,spells,image,png,6976x262,yes,android_default,runtime_candidate,copy_or_process
assets_src/user_reference/runic_bastion_icon.png,spells,image,png,1254x1254,yes,android_default,runtime_candidate,copy_or_process
assets_src/user_reference/sapper_movement_left.png,units,image,png,1536x1024,yes,android_default,runtime_candidate,copy_or_process
assets_src/user_reference/sapper_movement_right.png,units,image,png,1536x1024,yes,android_default,runtime_candidate,copy_or_process
assets_src/user_reference/shop/shop_background_source.png,backgrounds,image,png,1672x941,no,android_default,runtime_candidate,copy_or_process
assets_src/user_reference/siege_bomb_flight_sheet_2b9140bb1c.png,projectiles,image,png,2048x1024,yes,android_default,runtime_candidate,copy_or_process
assets_src/user_reference/siege_bomb_impact_sheet_9fcfaa936f.png,projectiles,image,png,2048x1024,yes,android_default,runtime_candidate,copy_or_process
assets_src/user_reference/siege_sovereign/thorncrown_source.png,unclassified,image,png,1145x1374,yes,android_default,runtime_candidate,review
assets_src/user_reference/spell_icons_sheet.png,spells,image,png,1536x1024,yes,android_default,runtime_candidate,copy_or_process
assets_src/user_reference/spells/haste_icon_source.png,spells,image,png,1254x1254,yes,android_default,runtime_candidate,copy_or_process
assets_src/user_reference/spells/new_spell_icons_sheet.png,spells,image,png,1536x1024,yes,android_default,runtime_candidate,copy_or_process
assets_src/user_reference/status_baner.png,unclassified,image,png,1983x793,yes,android_default,runtime_candidate,review
assets_src/user_reference/sunken_marshes/background_sunken_marshes.png,backgrounds,image,png,1536x1024,no,android_default,runtime_candidate,copy_or_process
assets_src/user_reference/sunken_marshes/background_sunken_marshes_2026-10-06.png,backgrounds,image,png,1536x1024,no,android_default,runtime_candidate,copy_or_process
assets_src/user_reference/sunken_marshes/fortress_sunken_marshes_left.png,fortresses,image,png,1024x768,yes,android_default,runtime_candidate,copy_or_process
assets_src/user_reference/sunken_marshes/fortress_sunken_marshes_left_source.png,fortresses,image,png,1448x1086,yes,android_default,runtime_candidate,copy_or_process
assets_src/user_reference/sunken_marshes/fortress_sunken_marshes_right.png,fortresses,image,png,1024x768,yes,android_default,runtime_candidate,copy_or_process
assets_src/user_reference/terrain_copperwood_cap_source_2026-10-03.png,terrain,image,png,384x72,yes,android_default,runtime_candidate,copy_or_process
assets_src/user_reference/terrain_copperwood_cap_source_2026-10-03_v2.png,terrain,image,png,384x72,yes,android_default,runtime_candidate,copy_or_process
assets_src/user_reference/terrain_copperwood_cap_source_2026-10-03_v3_alpha_fade.png,terrain,image,png,384x72,yes,android_default,runtime_candidate,copy_or_process
assets_src/user_reference/terrain_copperwood_cap_source_2026-10-04_v4_alpha_fade.png,terrain,image,png,384x72,yes,android_default,runtime_candidate,copy_or_process
assets_src/user_reference/terrain_copperwood_detail_01_copper_coin_source_2026-10-03.png,terrain,image,png,384x384,yes,android_default,runtime_candidate,copy_or_process
assets_src/user_reference/terrain_copperwood_detail_01_copper_coin_source_2026-10-04_v2.png,terrain,image,png,512x512,yes,android_default,runtime_candidate,copy_or_process
assets_src/user_reference/terrain_copperwood_detail_02_metal_acorn_source_2026-10-03.png,terrain,image,png,384x384,yes,android_default,runtime_candidate,copy_or_process
assets_src/user_reference/terrain_copperwood_detail_02_metal_acorn_source_2026-10-04_v2.png,terrain,image,png,512x512,yes,android_default,runtime_candidate,copy_or_process
assets_src/user_reference/terrain_copperwood_detail_03_orc_wooden_spoon_source_2026-10-03.png,terrain,image,png,384x384,yes,android_default,runtime_candidate,copy_or_process
assets_src/user_reference/terrain_copperwood_detail_03_orc_wooden_spoon_source_2026-10-04_v2.png,terrain,image,png,512x512,yes,android_default,runtime_candidate,copy_or_process
assets_src/user_reference/terrain_copperwood_detail_04_cracked_leaf_cup_source_2026-10-03.png,terrain,image,png,384x384,yes,android_default,runtime_candidate,copy_or_process
assets_src/user_reference/terrain_copperwood_detail_04_cracked_leaf_cup_source_2026-10-04_v2.png,terrain,image,png,512x512,yes,android_default,runtime_candidate,copy_or_process
assets_src/user_reference/terrain_copperwood_detail_05_deer_skull_source_2026-10-03.png,terrain,image,png,384x384,yes,android_default,runtime_candidate,copy_or_process
assets_src/user_reference/terrain_copperwood_detail_05_deer_skull_source_2026-10-04_v2.png,terrain,image,png,512x512,yes,android_default,runtime_candidate,copy_or_process
assets_src/user_reference/terrain_copperwood_detail_06_caped_leaf_source_2026-10-03.png,terrain,image,png,384x384,yes,android_default,runtime_candidate,copy_or_process
assets_src/user_reference/terrain_copperwood_detail_06_caped_leaf_source_2026-10-04_v2.png,terrain,image,png,512x512,yes,android_default,runtime_candidate,copy_or_process
assets_src/user_reference/terrain_copperwood_detail_07_dwarven_key_source_2026-10-03.png,terrain,image,png,384x384,yes,android_default,runtime_candidate,copy_or_process
assets_src/user_reference/terrain_copperwood_detail_07_dwarven_key_source_2026-10-04_v2.png,terrain,image,png,512x512,yes,android_default,runtime_candidate,copy_or_process
assets_src/user_reference/terrain_copperwood_detail_08_pawprint_stone_source_2026-10-03.png,terrain,image,png,384x384,yes,android_default,runtime_candidate,copy_or_process
assets_src/user_reference/terrain_copperwood_detail_08_pawprint_stone_source_2026-10-04_v2.png,terrain,image,png,512x512,yes,android_default,runtime_candidate,copy_or_process
assets_src/user_reference/terrain_copperwood_detail_09_blank_cracked_plaque_source_2026-10-03.png,terrain,image,png,384x384,yes,android_default,runtime_candidate,copy_or_process
assets_src/user_reference/terrain_copperwood_detail_09_blank_cracked_plaque_source_2026-10-04_v2.png,terrain,image,png,512x512,yes,android_default,runtime_candidate,copy_or_process
assets_src/user_reference/terrain_copperwood_detail_10_neutral_buried_detail_source_2026-10-03.png,terrain,image,png,384x384,yes,android_default,runtime_candidate,copy_or_process
assets_src/user_reference/terrain_copperwood_detail_10_neutral_buried_detail_source_2026-10-04_v2.png,terrain,image,png,512x512,yes,android_default,runtime_candidate,copy_or_process
assets_src/user_reference/terrain_copperwood_soil_fill_00_source_2026-10-03.png,terrain,image,png,1024x1024,yes,android_default,runtime_candidate,copy_or_process
assets_src/user_reference/terrain_copperwood_soil_fill_01_previous_2026-10-03_v2.png,terrain,image,png,1024x1024,yes,android_default,runtime_candidate,copy_or_process
assets_src/user_reference/terrain_copperwood_soil_fill_01_source_2026-10-03.png,terrain,image,png,1024x1024,yes,android_default,runtime_candidate,copy_or_process
assets_src/user_reference/terrain_copperwood_soil_fill_02_previous_2026-10-03_v2.png,terrain,image,png,1024x1024,yes,android_default,runtime_candidate,copy_or_process
assets_src/user_reference/terrain_copperwood_soil_fill_02_source_2026-10-03.png,terrain,image,png,1024x1024,yes,android_default,runtime_candidate,copy_or_process
assets_src/user_reference/terrain_copperwood_soil_fill_03_previous_2026-10-03_v2.png,terrain,image,png,1024x1024,yes,android_default,runtime_candidate,copy_or_process
assets_src/user_reference/terrain_copperwood_soil_fill_03_source_2026-10-03.png,terrain,image,png,1024x1024,yes,android_default,runtime_candidate,copy_or_process
assets_src/user_reference/terrain_copperwood_soil_fill_04_previous_2026-10-03_v2.png,terrain,image,png,1024x1024,yes,android_default,runtime_candidate,copy_or_process
assets_src/user_reference/terrain_copperwood_soil_fill_04_source_2026-10-03.png,terrain,image,png,1024x1024,yes,android_default,runtime_candidate,copy_or_process
assets_src/user_reference/terrain_copperwood_soil_fill_05_previous_2026-10-03_v2.png,terrain,image,png,1024x1024,yes,android_default,runtime_candidate,copy_or_process
assets_src/user_reference/terrain_copperwood_soil_fill_05_source_2026-10-03.png,terrain,image,png,1024x1024,yes,android_default,runtime_candidate,copy_or_process
assets_src/user_reference/terrain_decorations/terrain_prop_decorations.png,terrain,image,png,3072x512,yes,android_default,runtime_candidate,copy_or_process
assets_src/user_reference/terrain_decorations/terrain_rock_decorations.png,terrain,image,png,3072x512,yes,android_default,runtime_candidate,copy_or_process
assets_src/user_reference/terrain_decorations/terrain_tree_decorations.png,terrain,image,png,3072x512,yes,android_default,runtime_candidate,copy_or_process
assets_src/user_reference/terrain_decorations_green/frame_00.png,terrain,image,png,309x479,yes,android_default,runtime_candidate,copy_or_process
assets_src/user_reference/terrain_decorations_green/frame_01.png,terrain,image,png,213x461,yes,android_default,runtime_candidate,copy_or_process
assets_src/user_reference/terrain_decorations_green/frame_02.png,terrain,image,png,254x451,yes,android_default,runtime_candidate,copy_or_process
assets_src/user_reference/terrain_decorations_green/frame_03.png,terrain,image,png,220x460,yes,android_default,runtime_candidate,copy_or_process
assets_src/user_reference/terrain_decorations_green/frame_04.png,terrain,image,png,249x464,yes,android_default,runtime_candidate,copy_or_process
assets_src/user_reference/terrain_decorations_green/frame_05.png,terrain,image,png,265x467,yes,android_default,runtime_candidate,copy_or_process
assets_src/user_reference/terrain_decorations_green/frame_06.png,terrain,image,png,295x227,yes,android_default,runtime_candidate,copy_or_process
assets_src/user_reference/terrain_decorations_green/frame_07.png,terrain,image,png,213x255,yes,android_default,runtime_candidate,copy_or_process
assets_src/user_reference/terrain_decorations_green/frame_08.png,terrain,image,png,237x246,yes,android_default,runtime_candidate,copy_or_process
assets_src/user_reference/terrain_decorations_green/frame_09.png,terrain,image,png,218x246,yes,android_default,runtime_candidate,copy_or_process
assets_src/user_reference/terrain_decorations_green/frame_10.png,terrain,image,png,249x251,yes,android_default,runtime_candidate,copy_or_process
assets_src/user_reference/terrain_decorations_green/frame_11.png,terrain,image,png,253x244,yes,android_default,runtime_candidate,copy_or_process
assets_src/user_reference/terrain_decorations_green/frame_12.png,terrain,image,png,304x231,yes,android_default,runtime_candidate,copy_or_process
assets_src/user_reference/terrain_decorations_green/frame_13.png,terrain,image,png,212x206,yes,android_default,runtime_candidate,copy_or_process
assets_src/user_reference/terrain_decorations_green/frame_14.png,terrain,image,png,244x222,yes,android_default,runtime_candidate,copy_or_process
assets_src/user_reference/terrain_decorations_green/frame_15.png,terrain,image,png,215x226,yes,android_default,runtime_candidate,copy_or_process
assets_src/user_reference/terrain_decorations_green/frame_16.png,terrain,image,png,192x177,yes,android_default,runtime_candidate,copy_or_process
assets_src/user_reference/terrain_decorations_green/frame_17.png,terrain,image,png,261x197,yes,android_default,runtime_candidate,copy_or_process
assets_src/user_reference/terrain_frost_humorous_decorations_source.png,terrain,image,png,1536x1024,yes,android_default,runtime_candidate,copy_or_process
assets_src/user_reference/terrain_frost_snow_cap/terrain_frost_snow_cap.png,terrain,image,png,384x72,yes,android_default,runtime_candidate,copy_or_process
assets_src/user_reference/terrain_frost_snow_cap/terrain_frost_snow_cap_source.png,terrain,image,png,2000x667,yes,android_default,runtime_candidate,copy_or_process
assets_src/user_reference/terrain_green_frontier_cap_accepted_2026-10-04.png,terrain,image,png,384x72,yes,android_default,runtime_candidate,copy_or_process
assets_src/user_reference/terrain_green_frontier_relic_01_cracked_watering_can_accepted_2026-10-04.png,terrain,image,png,512x512,yes,android_default,runtime_candidate,copy_or_process
assets_src/user_reference/terrain_green_frontier_relic_02_rabbit_skull_flower_accepted_2026-10-04.png,terrain,image,png,512x512,yes,android_default,runtime_candidate,copy_or_process
assets_src/user_reference/terrain_green_frontier_relic_03_potato_shaped_stone_accepted_2026-10-04.png,terrain,image,png,512x512,yes,android_default,runtime_candidate,copy_or_process
assets_src/user_reference/terrain_green_frontier_relic_04_mini_horseshoe_accepted_2026-10-04.png,terrain,image,png,512x512,yes,android_default,runtime_candidate,copy_or_process
assets_src/user_reference/terrain_green_frontier_relic_05_peeking_mole_accepted_2026-10-04.png,terrain,image,png,512x512,yes,android_default,runtime_candidate,copy_or_process
assets_src/user_reference/terrain_green_frontier_relic_06_helmet_worm_accepted_2026-10-04.png,terrain,image,png,512x512,yes,android_default,runtime_candidate,copy_or_process
assets_src/user_reference/terrain_green_frontier_relic_07_large_tibia_bone_accepted_2026-10-04.png,terrain,image,png,512x512,yes,android_default,runtime_candidate,copy_or_process
assets_src/user_reference/terrain_green_frontier_relic_08_partial_skeleton_accepted_2026-10-04.png,terrain,image,png,512x512,yes,android_default,runtime_candidate,copy_or_process
assets_src/user_reference/terrain_green_frontier_relic_09_worn_boot_accepted_2026-10-04.png,terrain,image,png,512x512,yes,android_default,runtime_candidate,copy_or_process
assets_src/user_reference/terrain_green_frontier_relic_10_hand_shovel_accepted_2026-10-04.png,terrain,image,png,512x512,yes,android_default,runtime_candidate,copy_or_process
assets_src/user_reference/terrain_green_frontier_soil_fill_00_accepted_2026-10-04.png,terrain,image,png,1024x1024,yes,android_default,runtime_candidate,copy_or_process
assets_src/user_reference/terrain_soil_fill_variants/.DS_Store,terrain,resource_or_other,none,,,android_default,runtime_candidate,copy_or_process
assets_src/user_reference/terrain_soil_fill_variants/terrain_frost_barrel_tile_source.png,terrain,image,png,1236x1236,yes,android_default,runtime_candidate,copy_or_process
assets_src/user_reference/terrain_soil_fill_variants/terrain_frost_buried_decorations_source.png,terrain,image,png,1536x1024,yes,android_default,runtime_candidate,copy_or_process
assets_src/user_reference/terrain_soil_fill_variants/terrain_frost_carrot_tile_source.png,terrain,image,png,1226x1226,yes,android_default,runtime_candidate,copy_or_process
assets_src/user_reference/terrain_soil_fill_variants/terrain_frost_generic_base_source.png,terrain,image,png,1199x1199,no,android_default,runtime_candidate,copy_or_process
assets_src/user_reference/terrain_soil_fill_variants/terrain_frost_helmet_tile_source.png,terrain,image,png,1235x1235,yes,android_default,runtime_candidate,copy_or_process
assets_src/user_reference/terrain_soil_fill_variants/terrain_frost_rocks_source.png,terrain,image,png,1536x1024,yes,android_default,runtime_candidate,copy_or_process
assets_src/user_reference/terrain_soil_fill_variants/terrain_frost_skeleton_tile_source.png,terrain,image,png,1236x1236,yes,android_default,runtime_candidate,copy_or_process
assets_src/user_reference/terrain_soil_fill_variants/terrain_frost_soil_fill_variants.png,terrain,image,png,1536x1152,yes,android_default,runtime_candidate,copy_or_process
assets_src/user_reference/terrain_soil_fill_variants/terrain_frost_supplied_source.png,terrain,image,png,1308x981,no,android_default,runtime_candidate,copy_or_process
assets_src/user_reference/terrain_soil_fill_variants/terrain_frost_trees_source.png,terrain,image,png,1536x1024,yes,android_default,runtime_candidate,copy_or_process
assets_src/user_reference/terrain_soil_fill_variants/terrain_soil_fill_00.png,terrain,image,png,384x384,yes,android_default,runtime_candidate,copy_or_process
assets_src/user_reference/terrain_soil_fill_variants/terrain_soil_fill_01.png,terrain,image,png,384x384,yes,android_default,runtime_candidate,copy_or_process
assets_src/user_reference/terrain_soil_fill_variants/terrain_soil_fill_02.png,terrain,image,png,384x384,yes,android_default,runtime_candidate,copy_or_process
assets_src/user_reference/terrain_soil_fill_variants/terrain_soil_fill_03.png,terrain,image,png,384x384,yes,android_default,runtime_candidate,copy_or_process
assets_src/user_reference/terrain_soil_fill_variants/terrain_soil_fill_04.png,terrain,image,png,384x384,yes,android_default,runtime_candidate,copy_or_process
assets_src/user_reference/terrain_soil_fill_variants/terrain_soil_fill_05.png,terrain,image,png,384x384,yes,android_default,runtime_candidate,copy_or_process
assets_src/user_reference/terrain_soil_fill_variants/terrain_soil_fill_06.png,terrain,image,png,384x384,yes,android_default,runtime_candidate,copy_or_process
assets_src/user_reference/terrain_soil_fill_variants/terrain_soil_fill_07.png,terrain,image,png,384x384,yes,android_default,runtime_candidate,copy_or_process
assets_src/user_reference/terrain_soil_fill_variants/terrain_soil_fill_08.png,terrain,image,png,384x384,yes,android_default,runtime_candidate,copy_or_process
assets_src/user_reference/terrain_soil_fill_variants/terrain_soil_fill_09.png,terrain,image,png,384x384,yes,android_default,runtime_candidate,copy_or_process
assets_src/user_reference/terrain_soil_fill_variants/terrain_soil_fill_10.png,terrain,image,png,384x384,yes,android_default,runtime_candidate,copy_or_process
assets_src/user_reference/terrain_soil_fill_variants/terrain_soil_fill_11.png,terrain,image,png,384x384,yes,android_default,runtime_candidate,copy_or_process
assets_src/user_reference/terrain_soil_fill_variants/terrain_soil_fill_variants.png,terrain,image,png,1536x1152,yes,android_default,runtime_candidate,copy_or_process
assets_src/user_reference/terrain_tiles.png,terrain,image,png,1254x1254,yes,android_default,runtime_candidate,copy_or_process
assets_src/user_reference/volcanic_lake_background.png,backgrounds,image,png,1671x941,no,android_default,runtime_candidate,copy_or_process
assets_src/user_reference/wind_indicator/wind_indicator_source.png,effects,image,png,1774x887,yes,android_default,runtime_candidate,copy_or_process
assets_src/user_reference/wind_indicator.png,effects,image,png,1774x887,yes,android_default,runtime_candidate,copy_or_process
